Date,IDU,IYC,IYE,IYF,IYH,IYJ,IYM,IYR,IYW,VAW,VCR,VDE,VFH,VGT,VHT,VIS,VNQ,VPU,XLB,XLC,XLE,XLF,XLI,XLK,XLP,XLRE,XLU,XLV,XLY
2021-04-05,71.12840270996094,74.48213195800781,22.517900466918945,70.6243896484375,47.802242279052734,102.78097534179688,117.67948913574219,82.68351745605469,90.0300521850586,161.8842315673828,290.5284729003906,56.932308197021484,77.91400909423828,360.2277526855469,213.68699645996094,180.30592346191406,77.60614776611328,121.58910369873047,36.41859817504883,72.39019775390625,20.409194946289062,31.841106414794922,92.66091918945312,66.55025482177734,60.35993957519531,34.1969108581543,27.784284591674805,108.1330337524414,83.18238830566406
2021-04-06,71.38514709472656,75.04581451416016,22.483585357666016,70.56900787353516,47.69099426269531,102.67608642578125,117.59688568115234,82.90354919433594,89.82363891601562,162.06753540039062,292.02099609375,56.923927307128906,77.80548858642578,359.5796813964844,213.1107177734375,180.202880859375,77.80448913574219,122.10343933105469,36.50006103515625,72.57080841064453,20.355173110961914,31.776947021484375,92.43853759765625,66.26631164550781,60.614173889160156,34.281715393066406,27.930330276489258,107.71786499023438,83.54242706298828
2021-04-07,71.28776550292969,74.81256866455078,22.586519241333008,70.81825256347656,47.42328643798828,102.24703979492188,115.66020202636719,82.90354919433594,90.4035873413086,159.2715606689453,291.1120910644531,57.16676712036133,78.03155517578125,360.8757019042969,211.87449645996094,178.97596740722656,77.86237335205078,121.8719711303711,35.87097930908203,73.13167572021484,20.42582130432129,31.932769775390625,92.01229858398438,66.61766815185547,60.46514129638672,34.3241081237793,27.895963668823242,107.47798156738281,83.29279327392578
2021-04-08,71.22579193115234,75.08470153808594,22.269123077392578,70.87364196777344,47.59296417236328,103.0097885131836,115.76116180419922,82.70110321044922,91.66179656982422,159.39073181152344,292.61407470703125,56.37127685546875,78.07676696777344,366.369384765625,212.6738739013672,179.584716796875,77.57305145263672,121.77771759033203,35.91624450683594,73.14122009277344,20.159847259521484,31.941930770874023,92.23467254638672,67.58018493652344,60.5265007019043,34.15452194213867,27.874486923217773,107.64403533935547,83.68643951416016
2021-04-09,71.19039916992188,75.483154296875,22.149028778076172,71.28903198242188,48.05865478515625,103.95369720458984,116.33024597167969,82.69232940673828,92.35969543457031,160.52749633789062,295.58929443359375,55.919097900390625,78.69168853759766,369.41595458984375,214.1981964111328,181.21444702148438,77.48212432861328,121.7605209350586,36.228515625,73.1221694946289,20.026866912841797,32.21690368652344,93.13349914550781,68.22989654541016,60.42131805419922,34.20540237426758,27.84442138671875,108.82501983642578,84.48336791992188
2021-04-12,71.28776550292969,75.4345703125,21.943153381347656,71.59364318847656,48.10578536987305,104.32554626464844,116.63311004638672,83.14115142822266,91.88787078857422,161.1966552734375,296.9477844238281,55.39993667602539,79.0172348022461,368.1973571777344,214.16102600097656,181.78575134277344,77.93675994873047,121.8719711303711,36.3552360534668,72.82749938964844,19.868938446044922,32.35438537597656,93.47632598876953,67.90264892578125,60.74568557739258,34.408897399902344,27.870189666748047,108.93572998046875,85.02584838867188
2021-04-13,72.09342193603516,75.55115509033203,21.96031379699707,71.233642578125,48.4376220703125,104.21112823486328,116.49545288085938,83.64280700683594,92.94947052001953,160.61915588378906,299.1767883300781,55.44179916381836,78.29381561279297,372.16278076171875,215.8805694580078,181.0084228515625,78.32523345947266,123.29496765136719,36.26923751831055,72.92254638671875,19.889720916748047,32.05191421508789,93.02230072021484,68.54273223876953,60.42131805419922,34.612396240234375,28.20095443725586,109.38782501220703,85.9236068725586
2021-04-14,72.40330505371094,75.24991607666016,22.60367774963379,71.48285675048828,48.447052001953125,103.91556549072266,117.64278411865234,83.13235473632812,91.77974700927734,161.91171264648438,296.7085876464844,57.15839767456055,78.90870666503906,368.129638671875,216.0292510986328,181.28004455566406,77.9119644165039,123.78360748291016,36.53173828125,72.1715316772461,20.44244384765625,32.2443962097168,93.14274597167969,67.81600952148438,60.368709564208984,34.40042495727539,28.32553482055664,109.37859344482422,85.07865142822266
2021-04-15,73.21781158447266,75.79411315917969,22.42353630065918,71.88899993896484,49.331298828125,104.77365112304688,119.0103988647461,84.60208892822266,93.45079040527344,163.68101501464844,299.0045471191406,56.69784164428711,78.83638000488281,374.3872985839844,220.02603149414062,181.8794708251953,79.27578735351562,125.1980209350586,36.96168518066406,73.09365844726562,20.276212692260742,32.21690368652344,93.51339721679688,68.98069763183594,60.85087966918945,35.053321838378906,28.639110565185547,111.25155639648438,85.6883544921875
2021-04-16,73.80213928222656,76.20230865478516,22.22623634338379,72.22132110595703,49.68199157714844,104.98342895507812,120.2311782836914,84.7693099975586,93.25418853759766,165.78028869628906,301.2336120605469,56.16192626953125,79.36087799072266,373.80694580078125,221.0205841064453,182.69427490234375,79.4493637084961,126.11527252197266,37.40973663330078,73.0461196899414,20.1141357421875,32.446044921875,93.71724700927734,68.96626281738281,61.201568603515625,35.10420608520508,28.871084213256836,112.08193969726562,86.35086822509766
2021-04-19,73.3417739868164,75.7552719116211,22.209077835083008,72.10130310058594,49.51983642578125,104.4113540649414,119.67127227783203,84.97172546386719,92.33019256591797,164.88186645507812,297.8470153808594,56.053070068359375,79.15288543701172,370.2768249511719,220.1840362548828,181.5329132080078,79.60641479492188,125.42945861816406,37.23775863647461,72.63733673095703,20.093355178833008,32.35438537597656,93.32808685302734,68.39354705810547,60.96485137939453,35.21443557739258,28.725027084350586,112.1095962524414,85.381103515625
2021-04-20,74.22709655761719,74.8514404296875,21.617183685302734,71.20594787597656,49.71025848388672,103.55323028564453,118.13844299316406,85.86058807373047,91.48487091064453,162.81008911132812,293.4942932128906,54.46208190917969,77.57942199707031,366.5240478515625,220.79750061035156,179.40682983398438,80.25939178466797,126.9382095336914,36.880218505859375,72.24760437011719,19.561405181884766,31.74945640563965,92.29952239990234,67.78714752197266,61.297977447509766,35.60447311401367,29.090160369873047,112.54326629638672,84.30571746826172
2021-04-21,73.67819213867188,75.22074127197266,21.9345760345459,72.11054229736328,50.34941482543945,104.73551940917969,120.6258316040039,86.25664520263672,92.24173736572266,166.00027465820312,297.66522216796875,55.232460021972656,78.75499725341797,370.3831481933594,223.92054748535156,182.01058959960938,80.78842163085938,125.89236450195312,37.55003356933594,72.37117767333984,19.810760498046875,32.18939971923828,93.55973815917969,68.47054290771484,61.60482406616211,35.76557922363281,28.845306396484375,113.87181854248047,85.42911529541016
2021-04-22,73.17355346679688,74.8514404296875,21.63433837890625,71.57516479492188,50.14956283569336,104.27787780761719,118.1476058959961,85.90459442138672,91.18013000488281,163.3326416015625,295.1778564453125,54.57931137084961,77.90495300292969,366.9400329589844,223.046875,181.24256896972656,80.35033416748047,125.05230712890625,36.91643524169922,71.83882904052734,19.578033447265625,31.83194351196289,93.0871353149414,67.66681671142578,61.148956298828125,35.61295700073242,28.639110565185547,113.36439514160156,84.48336791992188
2021-04-23,72.97877502441406,75.39566802978516,21.865947723388672,72.6551513671875,50.49836349487305,105.49828338623047,120.41474914550781,86.423828125,92.71356201171875,166.1195068359375,298.7846374511719,55.106849670410156,79.52365112304688,372.2886047363281,224.76634216308594,183.65899658203125,80.82145690917969,124.78655242919922,37.52287673950195,72.67538452148438,19.756738662719727,32.427703857421875,94.10643768310547,68.677490234375,60.99114227294922,35.81645202636719,28.600454330444336,114.11173248291016,85.36669921875
2021-04-26,72.61577606201172,75.3567886352539,22.011781692504883,72.90438079833984,50.47007751464844,105.4410629272461,121.60797882080078,86.56466674804688,93.38198852539062,167.3662109375,300.1908264160156,55.584144592285156,79.82206726074219,375.30609130859375,225.09170532226562,183.3031005859375,81.06117248535156,124.20362854003906,37.74464797973633,72.82749938964844,19.889720916748047,32.556026458740234,93.82844543457031,69.02881622314453,60.30734634399414,35.89278030395508,28.437217712402344,113.7242202758789,85.74117279052734
2021-04-27,72.01374053955078,75.61920928955078,22.286279678344727,73.38440704345703,50.181610107421875,105.90824127197266,121.07559204101562,86.59107971191406,93.09691619873047,167.07286071777344,300.6405029296875,56.220558166503906,80.49124145507812,373.9906921386719,223.86477661132812,184.70799255371094,81.05290222167969,123.17499542236328,37.64507293701172,72.5328140258789,20.13075828552246,32.81266403198242,94.6067886352539,68.86040496826172,60.263511657714844,35.89278030395508,28.218137741088867,113.06915283203125,85.6403579711914
2021-04-28,71.8986587524414,75.40541076660156,23.041175842285156,73.5782470703125,49.996849060058594,105.70803833007812,121.5345230102539,86.2302474975586,92.61527252197266,167.43954467773438,300.573486328125,58.19672775268555,80.69019317626953,371.03125,223.40936279296875,184.12730407714844,80.87933349609375,123.0121078491211,37.749168395996094,73.19822692871094,20.824777603149414,32.94097900390625,94.41219329833984,68.22027587890625,60.30734634399414,35.76557922363281,28.179479598999023,112.72779846191406,85.53953552246094
2021-04-29,72.5538101196289,75.98849487304688,23.315673828125,74.55668640136719,49.732887268066406,106.28008270263672,121.80069732666016,86.93431091308594,92.72339630126953,168.06297302246094,300.5926513671875,58.83311080932617,81.96524047851562,369.8899841308594,222.0058135986328,185.11073303222656,81.57364654541016,124.1865005493164,37.984500885009766,75.22306823730469,21.05750274658203,33.52757263183594,95.07937622070312,68.16253662109375,60.94733428955078,36.0284423828125,28.437217712402344,112.27568054199219,85.56353759765625
2021-04-30,73.18241882324219,75.80386352539062,22.663726806640625,74.04900360107422,49.582054138183594,105.18362426757812,120.25872039794922,87.29515838623047,91.47501373291016,166.44033813476562,300.42999267578125,57.18351364135742,81.20563507080078,364.5704345703125,221.42955017089844,183.6215362548828,81.89599609375,125.00086975097656,37.58171463012695,74.19640350341797,20.525562286376953,33.234275817871094,94.44925689697266,67.23365783691406,60.99992752075195,36.2658576965332,28.660594940185547,111.94351959228516,85.89480590820312
2021-05-03,73.18241882324219,75.9301986694336,23.289941787719727,74.21517181396484,50.051517486572266,105.88917541503906,122.45242309570312,87.15434265136719,90.98353576660156,169.27301025390625,299.6741638183594,58.84149932861328,81.60352325439453,363.10992431640625,222.94459533691406,185.5134735107422,81.73895263671875,125.01800537109375,38.14290237426758,73.80663299560547,21.09075355529785,33.399253845214844,95.42222595214844,67.04597473144531,61.49964141845703,36.07083511352539,28.656299591064453,113.21678161621094,85.48672485351562
2021-05-04,72.88137817382812,75.2013168334961,23.29851531982422,74.3813247680664,49.889381408691406,105.91778564453125,123.0673599243164,86.36225128173828,89.11589813232422,171.4822998046875,296.536376953125,58.941986083984375,82.17323303222656,355.74969482421875,221.8663787841797,185.9442901611328,81.20995330810547,124.60651397705078,38.55927658081055,73.14122009277344,21.103219985961914,33.6650505065918,95.83917999267578,65.84281921386719,61.18403244018555,35.85037612915039,28.548906326293945,113.33671569824219,84.59381103515625
2021-05-05,71.66847229003906,74.71537780761719,24.070558547973633,74.56594848632812,49.906349182128906,105.92729949951172,125.21514892578125,85.11254119873047,88.8799819946289,173.70997619628906,295.2831726074219,60.842803955078125,82.8604965209961,354.6858215332031,221.5689697265625,185.9818115234375,79.86265563964844,122.49776458740234,39.048057556152344,72.99858093261719,21.78476905822754,33.94001770019531,95.93184661865234,65.68395233154297,61.140201568603516,35.32466125488281,28.067787170410156,113.53968811035156,84.32975769042969
2021-05-06,72.20851135253906,74.71537780761719,24.147762298583984,75.36901092529297,49.9025764465332,106.60425567626953,126.40841674804688,85.5701904296875,89.41080474853516,175.20419311523438,295.8189392089844,61.102378845214844,83.83712768554688,356.8523864746094,221.32728576660156,186.93711853027344,80.30899810791016,123.53498840332031,39.37842559814453,73.85416412353516,21.896976470947266,34.444129943847656,96.5989990234375,66.34332275390625,61.929222106933594,35.49424362182617,28.282573699951172,113.68730926513672,84.51216888427734
2021-05-07,72.50067138671875,75.46369934082031,24.636722564697266,75.90440368652344,50.275875091552734,107.53862762451172,127.87699127197266,86.76708221435547,90.2659683227539,176.9643096923828,298.94720458984375,62.4254264831543,84.307373046875,360.2760925292969,223.214111328125,188.95086669921875,81.36699676513672,123.87788391113281,39.76765060424805,74.4150161743164,22.287626266479492,34.6274299621582,97.61827087402344,66.9112319946289,61.929222106933594,35.926673889160156,28.36849021911621,114.4715576171875,85.27071380615234
2021-05-10,73.1912612915039,74.93891906738281,24.585254669189453,75.59978485107422,50.121280670166016,107.08096313476562,127.17021942138672,86.80229187011719,87.90684509277344,176.22174072265625,293.37939453125,62.1574592590332,84.00894927978516,350.9621887207031,221.81993103027344,188.65109252929688,81.3421859741211,124.98370361328125,39.59114456176758,72.98907470703125,22.295936584472656,34.59994125366211,97.7109375,65.22193908691406,62.40261459350586,36.087799072265625,28.656299591064453,114.61918640136719,83.753662109375
2021-05-11,72.32363891601562,74.19060516357422,23.967622756958008,74.53823852539062,49.727230072021484,106.0322036743164,127.75764465332031,85.81661224365234,87.7593994140625,176.77182006835938,290.2702941894531,60.85117721557617,82.67060089111328,350.65264892578125,220.40713500976562,186.15036010742188,80.31727600097656,123.53498840332031,39.722381591796875,72.77994537353516,21.722431182861328,33.98585510253906,96.26541900634766,65.02464294433594,61.85907745361328,35.66383361816406,28.304054260253906,113.3828353881836,82.80792236328125
2021-05-12,70.65032958984375,72.10111999511719,24.070558547973633,73.2920913696289,49.184234619140625,103.22907257080078,124.36155700683594,83.69561004638672,85.19384765625,171.8948211669922,279.8330993652344,61.043758392333984,81.34127807617188,340.332763671875,217.82318115234375,181.1582794189453,78.28392028808594,120.54328155517578,38.722198486328125,71.35401916503906,21.82632827758789,33.63755798339844,93.95816040039062,63.19579315185547,61.03499221801758,34.798946380615234,27.64251708984375,112.31259155273438,80.0042724609375
2021-05-13,72.01374053955078,72.8980484008789,23.76173973083496,74.53823852539062,49.63107681274414,104.94526672363281,126.07794189453125,84.71649932861328,86.03919982910156,174.66334533691406,282.4638366699219,60.18128204345703,83.05943298339844,344.2015075683594,219.33819580078125,184.66119384765625,79.30058288574219,122.94352722167969,39.315067291259766,71.86734771728516,21.560359954833984,34.17832565307617,95.71873474121094,64.03321075439453,61.89414978027344,35.239871978759766,28.17518424987793,113.32748413085938,80.57077026367188
2021-05-14,72.34133911132812,74.01567840576172,24.559518814086914,75.5813217163086,49.9365119934082,106.34681701660156,127.99629211425781,85.658203125,88.27055358886719,176.6159210205078,288.5387268066406,62.22443771362305,84.37970733642578,352.1710510253906,221.0856170654297,187.49905395507812,80.24288940429688,123.50930786132812,39.785743713378906,73.28377532958984,22.229442596435547,34.719093322753906,97.04377746582031,65.44335174560547,62.165931701660156,35.570556640625,28.312644958496094,113.89952850341797,81.96778106689453
2021-05-17,71.72159576416016,73.49085998535156,25.108531951904297,75.64591979980469,49.80829620361328,105.96546936035156,129.3639373779297,85.73738098144531,87.73974609375,178.27525329589844,288.45257568359375,63.71493911743164,84.47917938232422,349.5210266113281,220.64881896972656,187.002685546875,80.32552337646484,122.44632720947266,40.13423156738281,72.70390319824219,22.744762420654297,34.783260345458984,96.74726867675781,64.96206665039062,62.0782470703125,35.587520599365234,28.080677032470703,113.68730926513672,81.81896209716797
2021-05-18,71.69503784179688,73.24790954589844,24.53378677368164,74.94438171386719,49.898807525634766,104.5257568359375,128.01467895507812,85.85182189941406,87.14995574951172,176.13006591796875,286.10882568359375,62.26632308959961,83.33977508544922,347.228759765625,221.00198364257812,184.3427276611328,80.3420639038086,122.42057800292969,39.690704345703125,71.9624252319336,22.21697998046875,34.2974739074707,95.33881378173828,64.44229888916016,61.88536071777344,35.655357360839844,28.07638168334961,113.7242202758789,81.18045043945312
2021-05-19,71.53565979003906,72.74254608154297,23.933307647705078,74.51978302001953,49.75739669799805,104.02045440673828,125.70156860351562,85.61419677734375,87.54315185546875,173.22409057617188,283.28662109375,60.75068664550781,82.8604965209961,348.4473876953125,220.44432067871094,183.01275634765625,80.08582305908203,122.2405776977539,39.084259033203125,72.07649230957031,21.664255142211914,34.086669921875,94.80137634277344,64.66848754882812,61.683738708496094,35.51968002319336,28.029130935668945,113.53047180175781,80.498779296875
2021-05-20,72.11114501953125,73.41313171386719,23.907575607299805,74.85206604003906,50.37580871582031,104.70690155029297,125.72915649414062,86.67030334472656,89.37146759033203,173.25157165527344,285.3721923828125,60.69207000732422,83.01422882080078,355.3434753417969,223.20486450195312,183.50912475585938,80.98677062988281,123.18355560302734,39.10688781738281,73.31229400634766,21.631006240844727,34.1049919128418,95.01451873779297,65.90536499023438,62.25358200073242,35.960601806640625,28.27398681640625,114.72065734863281,81.32447814941406
2021-05-21,72.438720703125,73.23818969726562,23.967622756958008,75.32283782958984,50.36260223388672,104.93572235107422,126.05044555664062,86.52069091796875,88.90946197509766,173.80162048339844,284.4538269042969,60.842803955078125,83.7376480102539,353.64129638671875,223.07472229003906,184.5206756591797,80.90412139892578,123.75788879394531,39.192874908447266,73.06513977050781,21.676719665527344,34.444129943847656,95.4778060913086,65.5444107055664,62.2623405456543,35.901241302490234,28.42003631591797,114.7391357421875,80.91644287109375
2021-05-24,72.37673950195312,73.76298522949219,24.190658569335938,75.7566909790039,50.4116325378418,105.78428649902344,127.2069320678711,87.49755859375,90.65914916992188,175.23170471191406,286.8550109863281,61.36195755004883,84.01799011230469,359.7924499511719,223.41860961914062,185.663330078125,81.91252899169922,123.65503692626953,39.541358947753906,74.39602661132812,21.892818450927734,34.60911178588867,96.07083892822266,66.70909118652344,62.44645309448242,36.29129409790039,28.36849021911621,114.84984588623047,81.71815490722656
2021-05-25,71.4471206665039,73.9670639038086,23.701692581176758,75.21208953857422,50.30039596557617,105.53639221191406,126.08714294433594,87.57677459716797,90.79678344726562,173.4532470703125,287.73516845703125,60.10591125488281,83.08655548095703,359.90850830078125,222.8516082763672,184.86721801757812,81.8877182006836,122.11199951171875,39.20644760131836,74.37700653076172,21.448152542114258,34.26081848144531,95.7835693359375,66.72832489013672,62.46398162841797,36.39304733276367,28.024837493896484,114.50847625732422,81.97738647460938
2021-05-26,71.46485900878906,74.40438842773438,23.95046615600586,75.41515350341797,50.10242462158203,105.73662567138672,126.28905487060547,87.86717987060547,91.03268432617188,173.7832794189453,291.5426025390625,60.7423210144043,83.52062225341797,360.6145935058594,222.21957397460938,185.67269897460938,82.25142669677734,122.26631164550781,39.22003173828125,74.86181640625,21.639314651489258,34.36164093017578,96.08937072753906,66.7235336303711,62.332489013671875,36.47784423828125,28.029130935668945,113.84415435791016,82.75989532470703
2021-05-27,71.0487289428711,74.58905792236328,23.933307647705078,75.9505386352539,50.05905532836914,106.76634216308594,127.4914779663086,87.5679702758789,90.64932250976562,175.42422485351562,292.6523742675781,60.85953903198242,84.37065887451172,359.0960693359375,221.95932006835938,187.9205780029297,82.06130981445312,121.43482971191406,39.532310485839844,75.14700317382812,21.655941009521484,34.75575256347656,97.40516662597656,66.37220764160156,61.94675827026367,36.43544387817383,27.840116500854492,113.59505462646484,83.0911636352539
2021-05-28,71.38514709472656,74.53073120117188,23.9761962890625,76.08899688720703,50.24382781982422,106.80448150634766,127.66586303710938,88.17521667480469,90.88523864746094,175.4425506591797,291.8392639160156,60.926536560058594,84.5605697631836,360.0632629394531,223.05609130859375,188.22962951660156,82.55726623535156,122.07772827148438,39.491580963134766,74.89986419677734,21.697498321533203,34.819915771484375,97.40516662597656,66.60800170898438,62.0782470703125,36.68134689331055,27.990474700927734,114.03792572021484,82.97594451904297
2021-06-01,71.09300994873047,74.3558120727539,24.885488510131836,76.67054748535156,49.435001373291016,107.12864685058594,129.64845275878906,89.56573486328125,90.56085205078125,177.93605041503906,291.9826354980469,63.455360412597656,85.06697845458984,358.4481506347656,219.71002197265625,189.17559814453125,84.04507446289062,121.56340789794922,40.0437126159668,74.94738006591797,22.532819747924805,35.03071975708008,97.78506469726562,66.28075408935547,61.867828369140625,37.308807373046875,27.818649291992188,112.16497039794922,82.8175048828125
2021-06-02,71.38514709472656,74.21974182128906,25.331565856933594,76.9936294555664,49.308677673339844,106.8807601928711,128.7122039794922,90.63945007324219,90.89507293701172,176.34092712402344,290.84417724609375,64.686279296875,85.06697845458984,360.4888610839844,219.23599243164062,188.398193359375,85.0286636352539,122.13772583007812,39.708805084228516,74.71922302246094,22.95255470275879,35.08570861816406,97.50706481933594,66.73796081542969,62.09576416015625,37.82604217529297,27.96469497680664,111.94351959228516,82.43346405029297
2021-06-03,71.8720932006836,73.46170043945312,25.417339324951172,76.9936294555664,49.467041015625,106.53752136230469,128.30836486816406,90.46343231201172,89.99073028564453,176.06591796875,287.1324768066406,64.8788833618164,85.29303741455078,356.62982177734375,219.89590454101562,187.56463623046875,84.71458435058594,122.90921783447266,39.699764251708984,74.21539306640625,23.014890670776367,35.1682014465332,97.29395294189453,66.11713409423828,62.48152542114258,37.749732971191406,28.132221221923828,112.28490447998047,81.45410919189453
2021-06-04,71.78356170654297,73.8504638671875,25.5803279876709,77.17823028564453,49.68952178955078,107.1477279663086,128.65713500976562,90.47223663330078,91.80921936035156,176.55177307128906,289.1797180175781,65.35618591308594,85.44679260253906,363.3710632324219,220.76031494140625,188.49188232421875,84.75592041015625,122.66921997070312,39.785743713378906,75.28008270263672,23.168655395507812,35.25986099243164,97.60897827148438,67.38768005371094,62.70068359375,37.78364181518555,28.08927345275879,112.64472961425781,82.10701751708984
2021-06-07,71.91636657714844,73.78240966796875,25.511709213256836,77.0120849609375,49.944061279296875,106.33729553222656,127.14269256591797,91.36109924316406,92.13361358642578,174.53497314453125,289.7823486328125,65.12171173095703,85.07601165771484,363.8740539550781,222.55418395996094,187.61146545410156,85.75605773925781,123.02922058105469,39.301490783691406,75.66986846923828,23.06891441345215,35.03071975708008,96.93258666992188,67.37325286865234,62.59550476074219,38.139774322509766,28.140823364257812,113.0506820678711,82.10701751708984
2021-06-08,71.37631225585938,74.14200592041016,25.726163864135742,77.03976440429688,49.76493835449219,106.69961547851562,127.43645477294922,91.95075225830078,92.11395263671875,175.23170471191406,292.5089111328125,65.70787811279297,85.00367736816406,364.5123596191406,222.2567596435547,188.25772094726562,86.46690368652344,122.11199951171875,39.37391662597656,75.4511947631836,23.268394470214844,34.93907165527344,97.18274688720703,67.37804412841797,62.06949234008789,38.34328842163086,27.9002628326416,112.7000961303711,82.76953125
2021-06-09,71.94290924072266,73.65607452392578,25.571752548217773,76.54132843017578,50.321128845214844,105.87010192871094,126.43590545654297,92.1531753540039,92.16310119628906,174.03997802734375,290.71990966796875,65.36456298828125,84.12651062011719,364.31903076171875,224.1343231201172,186.31895446777344,86.5826187133789,123.19213104248047,39.0661506652832,75.37517547607422,23.122940063476562,34.60911178588867,96.19129180908203,67.42618560791016,61.77140426635742,38.38568115234375,28.1494083404541,113.78880310058594,82.3134536743164
2021-06-10,72.46884155273438,74.00923919677734,25.55966567993164,76.13228607177734,51.176918029785156,105.74308013916016,125.7508773803711,92.84662628173828,92.96683502197266,173.03155517578125,291.07391357421875,65.26406860351562,83.22222137451172,367.59771728515625,227.96372985839844,185.31680297851562,87.20252990722656,124.03219604492188,38.83081817626953,75.7839126586914,23.093852996826172,34.20581817626953,95.71873474121094,67.92190551757812,62.15714645385742,38.77572250366211,28.334121704101562,115.73555755615234,82.70228576660156
2021-06-11,72.6827621459961,74.42759704589844,25.481948852539062,76.42840576171875,50.78585433959961,106.12515258789062,126.05472564697266,92.38668060302734,93.47840118408203,173.80162048339844,293.47503662109375,65.11335754394531,83.72860717773438,369.85125732421875,226.82980346679688,185.9442901611328,86.85537719726562,124.36652374267578,38.97563552856445,75.86949157714844,23.014890670776367,34.425804138183594,95.91329193115234,68.326171875,62.192230224609375,38.529823303222656,28.398557662963867,114.9144287109375,83.15355682373047
2021-06-14,72.71841430664062,74.47624206542969,25.386964797973633,75.93795013427734,50.82742691040039,105.7812728881836,124.58149719238281,92.7935791015625,94.62943267822266,171.3539581298828,292.8149108886719,64.82862854003906,82.8604965209961,373.9327087402344,227.0807647705078,184.942138671875,87.19426727294922,124.47796630859375,38.49591064453125,76.37329864501953,22.915151596069336,34.06834411621094,95.4778060913086,69.01919555664062,62.15714645385742,38.750282287597656,28.458696365356445,115.01591491699219,83.17758178710938
2021-06-15,73.03038787841797,74.06761169433594,25.905065536499023,75.93795013427734,50.751853942871094,106.04872131347656,124.27762603759766,91.82060241699219,93.9211196899414,171.09732055664062,291.37994384765625,66.12655639648438,83.25836944580078,371.360107421875,226.29071044921875,185.53221130371094,86.26028442382812,124.88082122802734,38.41444778442383,75.93601989746094,23.351512908935547,34.13249969482422,95.8855209350586,68.59566497802734,62.008121490478516,38.39415740966797,28.544607162475586,115.05280303955078,82.73590850830078
2021-06-16,71.94290924072266,73.73683166503906,25.77553367614746,75.69734954833984,50.54216384887695,105.00757598876953,122.81360626220703,90.99801635742188,93.527587890625,169.3372039794922,291.3512878417969,65.90046691894531,83.18605041503906,369.80291748046875,225.6029052734375,183.80889892578125,85.69818115234375,123.07209014892578,37.98903274536133,75.27059936523438,23.226837158203125,34.09584045410156,94.97742462158203,68.22508239746094,61.18403244018555,38.04649353027344,28.115041732788086,114.60993957519531,82.77429962158203
2021-06-17,72.2103500366211,73.94114685058594,24.834325790405273,74.22598266601562,50.98610305786133,104.0332260131836,119.70135498046875,91.13953399658203,94.73764038085938,165.12022399902344,291.8009338378906,63.4218635559082,80.75350189208984,374.5710144042969,227.50831604003906,181.05519104003906,85.59074401855469,123.64644622802734,37.142723083496094,75.58430480957031,22.43723487854004,33.087623596191406,93.51339721679688,69.0143814086914,61.403202056884766,38.1906623840332,28.269685745239258,115.48646545410156,83.08635711669922
2021-06-18,70.32952880859375,73.34767150878906,24.117612838745117,72.68981170654297,50.48737716674805,102.81051635742188,117.50069427490234,89.69780731201172,93.88176727294922,162.1500701904297,289.7345275878906,61.64668655395508,78.79116821289062,371.5728454589844,225.0544891357422,178.73245239257812,84.135986328125,120.37183380126953,36.540794372558594,74.70022583007812,21.772302627563477,32.29022216796875,92.29952239990234,68.3839111328125,60.316097259521484,37.588623046875,27.53512954711914,114.1670913696289,82.64949798583984
2021-06-21,71.27437591552734,74.1357192993164,25.162450790405273,74.30928039550781,51.09000778198242,104.77828216552734,119.85787200927734,91.51986694335938,94.71796417236328,165.56668090820312,292.42425537109375,64.27266693115234,80.69642639160156,374.88055419921875,227.80575561523438,182.4695281982422,85.87178802490234,122.00728607177734,37.29941940307617,75.42494201660156,22.700124740600586,33.043853759765625,94.32965087890625,69.11677551269531,61.00788116455078,38.33536148071289,27.8918399810791,115.5388412475586,83.28651428222656
2021-06-22,70.80196380615234,74.83622741699219,25.309247970581055,74.32776641845703,51.25814437866211,105.09351348876953,120.30906677246094,91.07760620117188,95.62303161621094,166.22915649414062,295.4224548339844,64.74581146240234,80.76000213623047,378.47857666015625,228.54933166503906,183.1251220703125,85.4254379272461,121.21286010742188,37.44941711425781,76.07252502441406,22.851261138916016,33.09906768798828,94.4319076538086,69.74359893798828,61.09614181518555,38.16468811035156,27.72300910949707,115.78894805908203,84.07023620605469
2021-06-23,70.05320739746094,74.83622741699219,25.39559555053711,74.4295425415039,51.01633071899414,104.9024658203125,119.36985778808594,90.83879852294922,95.70172882080078,165.29061889648438,297.3765563964844,64.93167877197266,80.99612426757812,378.2174377441406,227.64776611328125,182.7411346435547,85.27664947509766,119.97811126708984,37.20851135253906,75.99635314941406,22.914234161376953,33.163482666015625,94.21810913085938,69.66644287109375,60.71670150756836,38.04520797729492,27.428640365600586,115.30728149414062,84.71928405761719
2021-06-24,70.02648162841797,75.13782501220703,25.62010955810547,75.01255798339844,51.29593276977539,105.86723327636719,119.89471435546875,90.53807067871094,96.3608627319336,166.1923828125,298.5547790527344,65.52313232421875,81.9859619140625,380.8094482421875,228.9425048828125,184.2548828125,85.09268188476562,119.90900421142578,37.326698303222656,76.7105941772461,23.111555099487305,33.57756423950195,94.95244598388672,70.1052017211914,61.0167236328125,37.86598587036133,27.402664184570312,115.90007781982422,85.00773620605469
2021-06-25,70.85543060302734,75.54644012451172,25.758272171020508,75.84542846679688,51.588748931884766,106.15380096435547,119.69213104248047,91.30760955810547,96.23297119140625,166.04515075683594,299.5413818359375,65.80195617675781,82.98490905761719,380.7221984863281,230.3313751220703,184.7618865966797,85.66706085205078,121.27330780029297,37.33123779296875,76.80583190917969,23.233308792114258,33.98244857788086,95.13835144042969,70.02323150634766,61.48438262939453,38.139076232910156,27.697038650512695,116.42803192138672,85.54621887207031
2021-06-28,71.22089385986328,75.26428985595703,24.8947696685791,75.16063690185547,51.600074768066406,105.77174377441406,119.53561401367188,90.94493865966797,97.58075714111328,165.66787719726562,299.7043151855469,63.622066497802734,82.18575286865234,384.7807922363281,230.7694854736328,183.74774169921875,85.4173355102539,121.97269439697266,37.33123779296875,77.67243957519531,22.448230743408203,33.7339973449707,94.63640594482422,70.75611877441406,61.53732681274414,38.15614700317383,27.874523162841797,116.60400390625,85.5654525756836
2021-06-29,70.071044921875,75.15727233886719,24.799781799316406,75.01255798339844,51.68886947631836,105.65709686279297,119.73818969726562,90.67958068847656,98.14151000976562,165.60345458984375,300.20233154296875,63.28410339355469,81.92240905761719,387.5318603515625,230.69493103027344,183.20315551757812,85.18425750732422,119.98676300048828,37.313053131103516,77.25342559814453,22.33907127380371,33.61437225341797,94.45050048828125,71.27203369140625,61.26378631591797,38.13054275512695,27.42430877685547,116.73368072509766,85.77698516845703
2021-06-30,69.97298431396484,75.50753021240234,25.119277954101562,75.00331115722656,51.54529571533203,106.14427947998047,120.0328140258789,90.16657257080078,97.78734588623047,166.35800170898438,300.7866516113281,64.12055969238281,82.14035034179688,386.2627868652344,230.359375,184.47079467773438,84.7347183227539,119.81404876708984,37.41305923461914,77.1105728149414,22.616161346435547,33.761600494384766,95.18482971191406,71.19487762451172,61.740264892578125,37.831844329833984,27.37236213684082,116.65958404541016,85.84432220458984
2021-07-01,70.73065948486328,75.85777282714844,25.55966567993164,75.54927825927734,52.059139251708984,106.6887435913086,120.88916015625,90.52037048339844,97.86605072021484,167.32418823242188,302.21392822265625,65.27810668945312,82.83052825927734,386.3887634277344,232.4659881591797,185.59762573242188,85.10099792480469,121.14376831054688,37.61760330200195,77.68199157714844,23.010793685913086,34.02845764160156,95.86337280273438,71.31539916992188,61.55497360229492,37.98545837402344,27.671062469482422,117.69698333740234,86.32991027832031
2021-07-02,70.81977081298828,76.35396575927734,25.473312377929688,75.65106964111328,52.4142951965332,106.9944076538086,121.11933898925781,90.82112121582031,99.14495086669922,167.41622924804688,304.4362487792969,65.06688690185547,82.66707611083984,391.04791259765625,233.9014434814453,185.71031188964844,85.35906982421875,121.31647491455078,37.67213439941406,78.22480773925781,22.960411071777344,33.99164962768555,96.0121078491211,72.25560760498047,61.704986572265625,38.16468811035156,27.714353561401367,118.82698059082031,87.08954620361328
2021-07-06,71.05155181884766,76.26640319824219,24.67025375366211,75.00331115722656,52.38408279418945,106.23023223876953,119.04759216308594,91.51101684570312,99.65650939941406,164.72007751464844,304.89593505859375,62.912349700927734,81.39569091796875,392.985107421875,233.3235321044922,183.95431518554688,85.9833984375,121.76545715332031,37.11307144165039,78.03437042236328,22.213123321533203,33.457950592041016,95.09187316894531,72.5304183959961,61.4490852355957,38.506038665771484,27.831235885620117,118.7158432006836,87.19052124023438
2021-07-07,71.51506042480469,76.25665283203125,24.247140884399414,75.13287353515625,52.66555404663086,107.39559936523438,120.17092895507812,91.84712982177734,99.8729248046875,166.3856201171875,304.359619140625,61.79705810546875,81.43202209472656,394.49627685546875,233.938720703125,185.29710388183594,86.28306579589844,122.55123901367188,37.499412536621094,77.9200668334961,21.852069854736328,33.503944396972656,96.04000091552734,72.92578887939453,61.77557373046875,38.702327728271484,28.01305389404297,119.4660873413086,87.14244079589844
2021-07-08,71.23870849609375,75.8285903930664,24.178058624267578,73.9853744506836,52.35763168334961,105.91500854492188,118.18206787109375,91.88251495361328,98.9186782836914,164.0943603515625,303.16217041015625,61.60273361206055,79.85185241699219,390.6507263183594,233.28627014160156,182.76182556152344,86.04166412353516,122.08494567871094,36.99034118652344,77.0629653930664,21.726123809814453,32.83221435546875,94.70145416259766,72.23632049560547,61.54613494873047,38.66819763183594,27.930803298950195,118.80845642089844,86.92605590820312
2021-07-09,71.4259262084961,76.77230834960938,24.67025375366211,75.72511291503906,52.59754943847656,107.65351104736328,120.93518829345703,93.22696685791016,99.74506378173828,167.51742553710938,306.7256164550781,62.912349700927734,82.08587646484375,394.3412170410156,234.0506134033203,185.7854461669922,87.45682525634766,122.35263061523438,37.717594146728516,77.7486343383789,22.18793296813965,33.78000259399414,96.19802856445312,72.90167999267578,61.899105072021484,39.18024826049805,27.96543312072754,119.21602630615234,87.73860931396484
2021-07-12,71.6666030883789,76.81121063232422,24.64434814453125,76.37287902832031,52.7203483581543,107.81591796875,121.31271362304688,93.90802764892578,99.84342956542969,168.17991638183594,308.38262939453125,62.84475326538086,82.96675872802734,394.30255126953125,234.47007751464844,186.07652282714844,88.20601654052734,122.72390747070312,37.8403205871582,78.30097961425781,22.15435028076172,34.11128234863281,96.32818603515625,72.95954132080078,61.802040100097656,39.52161407470703,28.05634117126465,119.44757080078125,88.339599609375
2021-07-13,71.0871810913086,76.15937042236328,24.428478240966797,75.71585083007812,52.529544830322266,106.94664764404297,119.85787200927734,92.55474090576172,99.99102783203125,166.0359344482422,304.7139892578125,62.31244659423828,81.88607788085938,395.1549072265625,233.4447479248047,184.06703186035156,86.97400665283203,121.73956298828125,37.494869232177734,78.10100555419922,21.98641586303711,33.74319839477539,95.39859008789062,73.25849151611328,61.784385681152344,39.00956344604492,27.844223022460938,119.33641052246094,87.28185272216797
2021-07-14,71.62201690673828,76.13018035888672,23.72040367126465,75.71585083007812,52.435089111328125,106.9944076538086,119.71975708007812,93.30655670166016,100.24679565429688,165.74148559570312,303.37298583984375,60.32691192626953,81.40476989746094,396.86944580078125,232.13967895507812,183.46604919433594,87.58168029785156,122.62030029296875,37.4176025390625,78.04386138916016,21.331485748291016,33.586769104003906,95.38932800292969,73.79849243164062,62.33147048950195,39.350921630859375,28.08664321899414,119.22528839111328,87.1231918334961
2021-07-15,72.44207763671875,75.93562316894531,23.383636474609375,76.00272369384766,52.31039810180664,106.97531127929688,119.71055603027344,93.5453872680664,99.19416046142578,165.7046661376953,301.3710021972656,59.47353744506836,81.82250213623047,393.2563781738281,231.7482147216797,183.73838806152344,87.72321319580078,123.9931869506836,37.422149658203125,77.49152374267578,21.033405303955078,33.69718933105469,95.57523345947266,73.19098663330078,62.58734130859375,39.41066360473633,28.40266227722168,118.80845642089844,86.65203857421875
2021-07-16,73.04822540283203,75.04051971435547,22.74464988708496,75.29017639160156,52.57487487792969,106.14427947998047,117.32572174072266,93.56307220458984,98.29889678955078,162.85214233398438,297.1849670410156,57.792179107666016,80.66010284423828,389.66278076171875,232.5032196044922,181.9542236328125,87.6649169921875,125.1070556640625,36.8585090637207,77.00581359863281,20.437252044677734,33.23709487915039,94.72936248779297,72.46775817871094,62.684417724609375,39.45333480834961,28.68837547302246,119.1326675415039,85.58467102050781
2021-07-19,71.83596801757812,74.12596893310547,21.94158935546875,73.26355743408203,52.09881591796875,104.08097839355469,114.6646957397461,91.92674255371094,97.38399505615234,159.1898651123047,293.9857177734375,55.63761901855469,78.3897933959961,384.9455261230469,230.937255859375,178.36715698242188,86.06664276123047,122.95703887939453,36.06761932373047,75.8344497680664,19.71514129638672,32.30770492553711,92.74944305419922,71.46968841552734,62.499114990234375,38.83887481689453,28.23383140563965,117.8822250366211,84.6038818359375
2021-07-20,72.19249725341797,75.48807525634766,22.30426025390625,74.93853759765625,52.788352966308594,106.51679229736328,116.32207489013672,93.9964828491211,98.8695068359375,161.3798828125,300.3652648925781,56.54167938232422,80.36042022705078,391.2029113769531,234.0039825439453,183.33456420898438,88.09779357910156,123.6650619506836,36.47669982910156,76.69156646728516,19.979637145996094,33.1082649230957,95.34285736083984,72.5304183959961,62.51675796508789,39.53868865966797,28.35504913330078,119.3178939819336,86.16643524169922
2021-07-21,71.47940826416016,76.17884063720703,23.07277488708496,75.85466003417969,52.803466796875,107.65351104736328,117.92424011230469,93.84612274169922,99.90245819091797,163.26622009277344,303.4687194824219,58.59482955932617,81.73169708251953,395.193603515625,234.67510986328125,185.30650329589844,88.0895004272461,122.41303253173828,36.87670135498047,77.32962799072266,20.676551818847656,33.67878723144531,96.25381469726562,73.22956085205078,62.357940673828125,39.4192008972168,28.043354034423828,119.51242065429688,86.95972442626953
2021-07-22,71.53289031982422,76.3150405883789,22.80509376525879,75.26241302490234,53.16996383666992,107.34783172607422,118.02552032470703,93.1473617553711,100.74851989746094,163.0269775390625,304.2638244628906,57.944244384765625,80.86897277832031,397.8186950683594,235.79373168945312,184.29238891601562,87.39022827148438,122.47350311279297,36.89033508300781,77.59628295898438,20.44564437866211,33.31071472167969,95.90057373046875,73.76957702636719,62.25205612182617,39.1375732421875,28.08664321899414,120.39232635498047,87.33476257324219
2021-07-23,72.41535949707031,77.17119598388672,22.692838668823242,75.69734954833984,53.732933044433594,108.1979751586914,118.89105987548828,93.97879791259766,102.2044906616211,164.01153564453125,307.0033874511719,57.64852523803711,81.06875610351562,401.7222900390625,238.11471557617188,185.2032470703125,88.11445617675781,124.07090759277344,37.14942169189453,79.51997375488281,20.370075225830078,33.36592102050781,96.30958557128906,74.50244140625,63.00209045410156,39.49599838256836,28.44595718383789,121.78168487548828,88.11363220214844
2021-07-26,72.38861846923828,77.5214614868164,23.271381378173828,75.9749755859375,53.31919860839844,108.0833511352539,120.21697998046875,93.91688537597656,102.27337646484375,165.61265563964844,309.2735595703125,59.1102409362793,81.5318832397461,401.81915283203125,236.27841186523438,185.25958251953125,88.15608978271484,123.93276977539062,37.46305465698242,79.92948150634766,20.873870849609375,33.559165954589844,96.26311492919922,74.46387481689453,63.10795211791992,39.49599838256836,28.454614639282227,120.99436950683594,88.76750183105469
2021-07-27,73.59197235107422,77.07389831542969,23.003694534301758,76.11376953125,53.63279724121094,107.57707977294922,120.1156997680664,94.6068115234375,101.0042953491211,165.73228454589844,305.8825988769531,58.38359832763672,81.55915069580078,397.44085693359375,236.930908203125,184.3299560546875,88.65555572509766,125.99642944335938,37.51305389404297,78.97715759277344,20.680749893188477,33.549957275390625,95.73326110839844,73.7599105834961,63.24031448364258,39.811763763427734,28.943796157836914,121.55940246582031,87.86842346191406
2021-07-28,73.19976043701172,76.86959838867188,23.245479583740234,75.82689666748047,53.923736572265625,107.60575866699219,120.16175079345703,94.15568542480469,101.4469985961914,166.44081115722656,305.355712890625,58.9581413269043,81.5228271484375,397.8573303222656,238.62741088867188,184.2642364501953,88.34754180908203,125.37476348876953,37.62213134765625,79.5961685180664,20.86967658996582,33.503944396972656,95.5101547241211,73.66830444335938,62.684417724609375,39.572811126708984,28.723005294799805,121.99471282958984,87.58475494384766
2021-07-29,73.27998352050781,76.93769836425781,23.42681312561035,76.48393249511719,54.00497055053711,107.93051147460938,121.97566986083984,94.15568542480469,101.72245025634766,168.59402465820312,308.3444519042969,59.431304931640625,82.42185974121094,399.8236999511719,238.81387329101562,185.65399169921875,88.36419677734375,125.56468963623047,38.035770416259766,78.73907470703125,21.071189880371094,33.87202835083008,96.26311492919922,74.01065063476562,62.993263244628906,39.45333480834961,28.800935745239258,122.2911148071289,88.57038879394531
2021-07-30,72.6382064819336,75.99398803710938,23.06414222717285,76.07676696777344,54.02384948730469,107.57707977294922,122.54655456542969,94.39451599121094,101.5158462524414,168.93446350097656,301.802001953125,58.54413604736328,81.90423583984375,399.2813415527344,239.0189208984375,185.29710388183594,88.4807357788086,124.51127624511719,38.19031524658203,78.472412109375,20.73532485961914,33.605167388916016,96.07719421386719,73.9624252319336,63.09913635253906,39.58134841918945,28.558507919311523,122.40226745605469,86.74816131591797
2021-08-02,73.19084167480469,75.67291259765625,22.88280487060547,75.79916381835938,54.040863037109375,106.85111999511719,120.66817474365234,94.1822280883789,101.62408447265625,166.96531677246094,302.56829833984375,58.0540885925293,81.73169708251953,398.2933349609375,239.24261474609375,184.0482635498047,88.28926849365234,125.4697036743164,37.7266845703125,78.29147338867188,20.57999038696289,33.61437225341797,95.41722106933594,73.69723510742188,62.83442687988281,39.598411560058594,28.7792911529541,122.5689926147461,86.99819946289062
2021-08-03,73.68110656738281,75.98424530029297,23.29728889465332,76.2525863647461,54.80973815917969,107.81591796875,121.90204620361328,94.36797332763672,102.34223175048828,168.722900390625,304.579833984375,59.00883865356445,82.56716918945312,400.5115051269531,242.1135711669922,186.2925262451172,88.3974838256836,126.2900161743164,38.117584228515625,77.93907928466797,20.932647705078125,33.99164962768555,96.66280364990234,74.16974639892578,63.116798400878906,39.76057052612305,28.943796157836914,124.27325439453125,87.6424560546875
2021-08-04,73.51175689697266,75.40052032470703,22.66693115234375,75.85466003417969,54.59248352050781,106.73650360107422,120.26303100585938,93.9964828491211,102.77510070800781,166.39480590820312,301.54345703125,57.24296951293945,82.08587646484375,401.50921630859375,241.56365966796875,183.71957397460938,88.1227798461914,126.0223388671875,37.753963470458984,78.15812683105469,20.365875244140625,33.70639419555664,95.3521499633789,74.31922912597656,62.2961540222168,39.63256072998047,28.90049934387207,123.74530792236328,86.7914810180664
2021-08-05,74.26941680908203,76.43177795410156,22.96052360534668,76.798583984375,54.39601135253906,107.37650299072266,120.0972671508789,94.9428939819336,103.2669677734375,166.35800170898438,305.12591552734375,57.978057861328125,83.10296630859375,404.0470275878906,241.26535034179688,184.7712860107422,89.1550064086914,127.3348159790039,37.699405670166016,78.87239074707031,20.596782684326172,34.148075103759766,95.79833221435547,74.72906494140625,62.59618377685547,39.94831466674805,29.216522216796875,123.23587036132812,87.62321472167969
2021-08-06,74.20700073242188,76.24694061279297,23.16776466369629,77.79798126220703,54.33745574951172,107.84455108642578,121.86518859863281,94.71294403076172,102.9029769897461,168.71363830566406,303.3154602050781,58.527244567871094,84.78300476074219,403.4174499511719,240.43576049804688,185.54127502441406,88.99686431884766,127.24844360351562,38.24485397338867,78.87239074707031,20.785707473754883,34.83822250366211,96.2445068359375,74.66636657714844,62.59618377685547,39.88004684448242,29.199203491210938,123.13400268554688,87.02704620361328
2021-08-09,74.2159194946289,75.87722778320312,22.822357177734375,77.77023315429688,54.45646286010742,107.5675277709961,121.44161987304688,94.19990539550781,102.78491973876953,168.7780303955078,302.7981872558594,57.71611022949219,84.9374008178711,402.4292907714844,240.9857177734375,184.83700561523438,88.52235412597656,127.15345764160156,38.199398040771484,78.72952270507812,20.49182891845703,34.930233001708984,95.86337280273438,74.42529296875,62.825592041015625,39.700828552246094,29.190542221069336,123.60636138916016,86.90684509277344
2021-08-10,74.3318099975586,76.3734130859375,23.25411605834961,78.04785919189453,54.329898834228516,108.21710205078125,123.43968200683594,93.25350952148438,102.02742004394531,171.57537841796875,304.84820556640625,58.84831237792969,85.75472259521484,399.39752197265625,239.77392578125,186.54603576660156,87.68158721923828,127.29163360595703,38.77666473388672,78.88192749023438,20.852880477905273,35.29831314086914,96.83940887451172,73.8901138305664,63.2756233215332,39.27412033081055,29.22084617614746,123.3192367553711,87.2481918334961
2021-08-11,74.97357940673828,76.74311828613281,23.41817855834961,78.6771240234375,53.71214294433594,109.37291717529297,125.21683502197266,93.7842025756836,101.9487075805664,173.9678497314453,306.1029357910156,59.21162033081055,86.68099975585938,399.04888916015625,237.47154235839844,188.8654327392578,88.19770050048828,128.44004821777344,39.32211685180664,79.03428649902344,21.016613006591797,35.70320129394531,98.09428405761719,73.89977264404297,63.487388610839844,39.48748016357422,29.493574142456055,122.09661102294922,87.50302124023438
2021-08-12,75.00924682617188,76.5777359008789,23.392271041870117,78.65861511230469,54.241111755371094,109.13412475585938,124.98660278320312,94.1468505859375,102.6767349243164,173.6733856201172,305.94970703125,59.11867141723633,86.77182006835938,401.2089538574219,239.34515380859375,188.58372497558594,88.38915252685547,128.595458984375,39.258487701416016,79.17715454101562,20.995615005493164,35.767608642578125,97.90837097167969,74.32406616210938,63.45209503173828,39.6240234375,29.523881912231445,123.05989074707031,87.54150390625
2021-08-13,75.45494079589844,76.4415054321289,23.07277488708496,78.44580078125,54.567928314208984,109.00993347167969,125.15235137939453,94.6864013671875,103.14892578125,173.7285919189453,304.9438781738281,58.23151397705078,86.23602294921875,403.0298767089844,240.23069763183594,187.69163513183594,88.8719711303711,129.31211853027344,39.29484558105469,79.2247543334961,20.747922897338867,35.5007438659668,97.60162353515625,74.72906494140625,63.981510162353516,39.888572692871094,29.731672286987305,123.82865905761719,87.29147338867188
2021-08-16,75.91844940185547,76.5096206665039,22.649660110473633,78.4365234375,55.087440490722656,109.35382080078125,124.24996948242188,94.56257629394531,103.27680969238281,172.68878173828125,303.6891174316406,57.090885162353516,86.0634536743164,403.7758483886719,242.13229370117188,188.06724548339844,88.76376342773438,130.0028839111328,39.09939193725586,79.35810089111328,20.365875244140625,35.40873718261719,97.9362564086914,75.06657409667969,64.35211944580078,39.93124771118164,29.913488388061523,125.23655700683594,86.88761138916016
2021-08-17,75.95410919189453,75.45887756347656,22.494232177734375,77.93681335449219,55.737300872802734,108.30304718017578,122.40843963623047,94.5714111328125,102.2044906616211,170.50796508789062,296.3900146484375,56.68531799316406,85.2734146118164,400.327392578125,244.7981719970703,185.99200439453125,88.67218780517578,130.08924865722656,38.6494026184082,78.70099639892578,20.155961990356445,35.1602897644043,96.87659454345703,74.44459533691406,64.38743591308594,40.008056640625,29.93080711364746,126.7185287475586,84.82504272460938
2021-08-18,75.52625274658203,75.26428985595703,22.01930809020996,77.05766296386719,54.879634857177734,107.28096771240234,120.88916015625,93.65152740478516,101.0042953491211,168.8608856201172,296.4377746582031,55.45174026489258,84.33802032470703,395.21307373046875,241.38650512695312,183.9824981689453,87.86473846435547,129.34666442871094,38.199398040771484,78.10100555419922,19.736135482788086,34.7277946472168,95.81690216064453,73.41761016845703,63.58445358276367,39.589881896972656,29.7792911529541,124.79196166992188,85.12794494628906
2021-08-19,75.74910736083984,75.24483489990234,21.42348861694336,76.72454833984375,54.998653411865234,106.73650360107422,119.09362030029297,94.16455078125,101.81098937988281,166.79971313476562,294.47412109375,53.897117614746094,83.60244750976562,398.186767578125,241.82464599609375,182.51763916015625,88.28926849365234,129.7783966064453,37.858497619628906,78.11052703857422,19.22394371032715,34.47014617919922,95.14765930175781,74.13600158691406,64.09623718261719,39.9227180480957,29.90050506591797,125.35694122314453,84.58464050292969
2021-08-20,76.74744415283203,76.05236053466797,21.50119972229004,77.12245178222656,55.43693542480469,107.39559936523438,119.48957824707031,94.64216613769531,103.2177734375,167.91310119628906,297.4244689941406,54.108341217041016,84.3198471069336,403.2236022949219,243.62367248535156,183.3064422607422,88.73047637939453,131.37579345703125,38.08123016357422,78.78667449951172,19.265926361083984,34.68177795410156,95.39859008789062,75.09068298339844,64.20213317871094,40.11045837402344,30.27280044555664,126.07013702392578,85.39718627929688
2021-08-23,75.73127746582031,76.64581298828125,22.30426025390625,77.64069366455078,55.53327941894531,108.23617553710938,121.07330322265625,94.42990112304688,104.80167388916016,169.59701538085938,301.13153076171875,56.15302276611328,84.95555114746094,408.8901672363281,244.68630981445312,184.98728942871094,88.56397247314453,129.75250244140625,38.40849685668945,79.7390365600586,19.988033294677734,34.96704864501953,96.179443359375,76.05979919433594,63.99917984008789,39.95686340332031,29.8831844329834,126.11648559570312,86.4981918334961
2021-08-24,75.33905792236328,76.92797088623047,22.658292770385742,77.95531463623047,55.41238021850586,108.65648651123047,122.10456085205078,94.00533294677734,105.05745697021484,170.94049072265625,304.359619140625,57.141578674316406,85.5276870727539,409.47137451171875,244.28550720214844,186.03897094726562,88.17272186279297,128.9667205810547,38.6494026184082,79.99615478515625,20.319698333740234,35.17869186401367,96.66280364990234,75.97303009033203,63.513858795166016,39.65815734863281,29.688383102416992,125.67186737060547,87.1087646484375
2021-08-25,75.4906005859375,77.2782211303711,22.830995559692383,78.4827880859375,55.30091857910156,109.1054458618164,122.49130249023438,93.9964828491211,105.19517517089844,171.7686309814453,305.6336364746094,57.64008712768555,86.54478454589844,409.50048828125,243.98719787597656,187.2409210205078,88.11445617675781,129.2689971923828,38.8266716003418,80.11994171142578,20.475034713745117,35.592769622802734,97.28558349609375,75.92961883544922,63.40797805786133,39.61548614501953,29.744661331176758,125.32915496826172,87.44532775878906
2021-08-26,75.21428680419922,76.54853820800781,22.485595703125,78.10338592529297,55.06855392456055,108.5132064819336,121.50607299804688,93.88148498535156,104.6147689819336,170.3975372314453,302.606689453125,56.80360794067383,86.01806640625,407.0982666015625,242.8314208984375,186.2925262451172,88.14776611328125,128.81130981445312,38.558502197265625,79.42475128173828,20.16436004638672,35.41793441772461,96.8580093383789,75.4522933959961,63.116798400878906,39.641082763671875,29.671070098876953,124.8382568359375,86.63760375976562
2021-08-27,75.24100494384766,77.08364868164062,23.115947723388672,79.07505798339844,55.04776382446289,109.4970703125,123.5041732788086,94.79254150390625,105.92317962646484,173.08445739746094,305.59527587890625,58.501888275146484,87.26219177246094,411.75732421875,243.25083923339844,188.02029418945312,89.07177734375,128.88902282714844,39.067569732666016,80.68183898925781,20.70174217224121,35.887229919433594,97.52725982666016,76.18034362792969,63.33737564086914,39.965389251708984,29.66240882873535,124.69934844970703,87.42609405517578
2021-08-30,75.37474060058594,77.2782211303711,22.8482666015625,78.40877532958984,55.406715393066406,109.793212890625,123.2831802368164,95.77435302734375,107.10370635986328,172.72560119628906,307.08953857421875,57.76682662963867,86.01806640625,415.8352966308594,244.65834045410156,187.71043395996094,89.96249389648438,129.1480712890625,39.02666091918945,81.23418426513672,20.458240509033203,35.381126403808594,97.41571807861328,77.0,63.619754791259766,40.45183181762695,29.705705642700195,125.40326690673828,88.08478546142578
2021-08-31,75.29448699951172,77.55065155029297,22.66693115234375,78.40877532958984,55.32736587524414,109.43978881835938,122.54655456542969,96.2254638671875,106.46424865722656,172.11830139160156,307.42486572265625,57.462646484375,86.09071350097656,413.2974548339844,244.67698669433594,187.0625,90.38702392578125,129.1221466064453,38.913028717041016,81.53894805908203,20.319698333740234,35.335113525390625,97.14617156982422,76.5949935913086,63.76093673706055,40.69078826904297,29.671070098876953,125.23655700683594,88.29631042480469
2021-09-01,76.31067657470703,77.77439880371094,22.356069564819336,78.4272689819336,55.36137390136719,109.1436538696289,122.17822265625,97.9590835571289,106.52326965332031,171.80543518066406,307.94207763671875,56.74448013305664,85.67298889160156,413.5686950683594,245.18963623046875,186.7432098388672,91.83548736572266,130.70233154296875,38.81303024291992,81.94844818115234,20.021615982055664,35.13267135620117,96.77433776855469,76.61427307128906,64.09623718261719,41.390586853027344,30.06067657470703,125.27360534667969,88.29149627685547
2021-09-02,76.87222290039062,78.02735900878906,22.93461799621582,78.51054382324219,55.9828987121582,109.83140563964844,122.93327331542969,98.39248657226562,106.54295349121094,172.87283325195312,307.1565856933594,58.22306823730469,85.93632507324219,413.8883056640625,247.79965209960938,188.668212890625,92.31831359863281,131.79893493652344,39.06303024291992,81.39608001708984,20.529613494873047,35.25230407714844,97.81541442871094,76.5323257446289,64.3432846069336,41.58687210083008,30.33340835571289,126.61664581298828,88.28670501708984
2021-09-03,76.24826049804688,77.79386901855469,22.822357177734375,78.20516204833984,55.960227966308594,109.53529357910156,122.24270629882812,98.41901397705078,107.07418060302734,171.8882293701172,306.96502685546875,57.96114730834961,85.51859283447266,415.88372802734375,247.79965209960938,187.4005584716797,92.33494567871094,130.7627410888672,38.803955078125,81.39608001708984,20.41205596923828,35.03145217895508,97.22052001953125,76.8360595703125,64.26387786865234,41.58687210083008,30.08232879638672,126.75558471679688,88.23381805419922
2021-09-07,75.24100494384766,77.65765380859375,22.66693115234375,77.74248504638672,55.625850677490234,107.99738311767578,121.61659240722656,97.32223510742188,107.0250015258789,170.57240295410156,307.08953857421875,57.623172760009766,84.97370910644531,415.4478759765625,246.3641357421875,184.61167907714844,91.2944107055664,129.09625244140625,38.549400329589844,81.5865249633789,20.29030990600586,34.81981658935547,95.53805541992188,76.85535430908203,63.522674560546875,41.12602996826172,29.68405532836914,126.01459503173828,88.49343872070312
2021-09-08,76.60481262207031,77.72575378417969,22.399248123168945,77.77023315429688,55.56727981567383,107.94007110595703,120.3735122680664,97.86177825927734,106.22815704345703,168.9160919189453,306.62017822265625,56.913448333740234,84.64679718017578,413.0360412597656,245.87942504882812,184.54591369628906,91.75225067138672,131.22901916503906,38.18122482299805,81.16754150390625,20.03001594543457,34.736995697021484,95.66818237304688,76.56124877929688,64.06974792480469,41.373512268066406,30.216524124145508,125.95903778076172,88.59440612792969
2021-09-09,76.17695617675781,77.6382064819336,22.42514991760254,77.55738830566406,54.977867126464844,107.43379974365234,120.69577026367188,95.96009063720703,105.93299865722656,168.90687561035156,306.7256164550781,57.014827728271484,84.86473846435547,411.6895751953125,243.5863494873047,183.7665252685547,89.8875732421875,130.52963256835938,38.19485855102539,80.7675552368164,20.071998596191406,34.83822250366211,95.20342254638672,76.2719497680664,63.69915771484375,40.49449920654297,30.052017211914062,124.50484466552734,88.47900390625
2021-09-10,75.07164764404297,77.18091583251953,22.433786392211914,76.86334991455078,54.46780014038086,106.92753601074219,120.35511016845703,94.6864013671875,104.96892547607422,168.63084411621094,304.89593505859375,56.95570755004883,84.18363952636719,407.5728759765625,241.4051971435547,182.696044921875,88.57230377197266,128.595458984375,38.18576431274414,80.24375915527344,20.0636043548584,34.58056640625,94.77582550048828,75.51979064941406,63.42560958862305,39.98244857788086,29.63210105895996,123.36556243896484,87.93574523925781
2021-09-13,75.01817321777344,77.3560562133789,23.090042114257812,77.54814147949219,54.1409797668457,106.85111999511719,120.3735122680664,95.06676483154297,104.96892547607422,168.58482360839844,305.537841796875,58.71310806274414,85.10993957519531,407.6018981933594,239.5968475341797,183.3064422607422,89.17167663574219,128.4141387939453,38.17668533325195,80.4437484741211,20.638765335083008,34.97624588012695,95.02681732177734,75.54389190673828,63.58445358276367,40.204345703125,29.580158233642578,122.60603332519531,88.15209197998047
2021-09-14,74.67053985595703,76.51935577392578,22.727378845214844,76.71530151367188,54.12397766113281,105.81947326660156,118.9002685546875,94.82792663574219,104.9590835571289,166.62486267089844,304.2926025390625,57.73300552368164,83.91121673583984,407.0885009765625,239.16802978515625,180.97760009765625,89.01349639892578,127.86151123046875,37.75851058959961,79.74854278564453,20.340688705444336,34.506954193115234,93.88346099853516,75.44747161865234,63.293277740478516,40.11900329589844,29.480587005615234,122.58753204345703,87.85881805419922
2021-09-15,74.55465698242188,76.95716857910156,23.582244873046875,77.30753326416016,54.28266525268555,106.74605560302734,120.61293029785156,95.18170928955078,105.86414337158203,168.70445251464844,306.57232666015625,60.05653762817383,84.78300476074219,410.56591796875,240.8831787109375,182.95896911621094,89.2965087890625,127.78377532958984,38.15848922729492,80.1390151977539,21.100574493408203,34.83822250366211,94.91524505615234,76.1080322265625,63.522674560546875,40.272613525390625,29.441631317138672,123.38407135009766,88.42613220214844
2021-09-16,74.00198364257812,77.45335388183594,23.331829071044922,77.2334976196289,54.34878158569336,106.22066497802734,119.19490814208984,95.35862731933594,105.99201202392578,166.698486328125,308.1719970703125,59.38904571533203,84.6376953125,411.2536315917969,240.40774536132812,181.88848876953125,89.37145233154297,126.59225463867188,37.74486541748047,80.06281280517578,20.861276626586914,34.736995697021484,94.26458740234375,76.15141296386719,63.310909271240234,40.349422454833984,29.19487190246582,123.06913757324219,88.82998657226562
2021-09-17,72.88777923583984,77.21011352539062,23.150489807128906,76.78932189941406,54.41868591308594,105.00757598876953,116.77325439453125,94.4564208984375,104.48685455322266,163.32147216796875,306.9459228515625,58.83985137939453,84.31077575683594,405.7323913574219,241.22805786132812,180.20765686035156,88.57230377197266,124.87393188476562,36.96760559082031,79.17715454101562,20.70594024658203,34.58056640625,93.26068878173828,74.9653091430664,62.96678924560547,39.98244857788086,28.74465560913086,123.18958282470703,88.5174789428711
2021-09-20,72.71841430664062,75.63399505615234,22.42514991760254,74.92928314208984,53.84439468383789,103.70843505859375,113.73468780517578,93.96111297607422,102.42094421386719,160.0364227294922,300.42266845703125,57.06553649902344,82.28565216064453,397.9542541503906,238.2638397216797,178.066650390625,88.03121185302734,124.49401092529297,36.25725173950195,77.5859375,20.07364273071289,33.77838897705078,92.19105529785156,73.59986114501953,62.33818054199219,39.70867919921875,28.691879272460938,121.904052734375,86.49757385253906
2021-09-21,72.56689453125,75.56591033935547,22.502864837646484,74.88298797607422,54.02196502685547,103.13529968261719,113.11778259277344,93.96111297607422,102.62751770019531,159.57630920410156,300.5663757324219,57.22606658935547,82.18575286865234,398.15765380859375,238.8045196533203,177.23094177246094,88.07284545898438,124.1572494506836,36.170509338378906,77.26158905029297,20.12038803100586,33.732177734375,91.70613098144531,73.62885284423828,62.267112731933594,39.71726608276367,28.613367080688477,122.08995819091797,86.62757110595703
2021-09-22,72.54906463623047,76.51935577392578,23.2109375,75.93795013427734,54.037078857421875,104.30069732666016,114.59101104736328,94.88099670410156,103.75886535644531,161.24185180664062,304.8384704589844,58.966590881347656,83.43898010253906,404.0470275878906,239.37310791015625,179.099609375,88.93026733398438,124.13135528564453,36.544864654541016,77.2234115600586,20.740781784057617,34.29591751098633,92.43350219726562,74.63832092285156,62.4447135925293,40.05195999145508,28.595918655395508,122.29448699951172,87.8072509765625
2021-09-23,72.29945373535156,77.32687377929688,23.953548431396484,77.73322296142578,54.50558853149414,106.1824722290039,116.50624084472656,94.55372619628906,104.88037109375,163.69873046875,308.0187683105469,61.028194427490234,85.44593811035156,409.26788330078125,241.28399658203125,181.87911987304688,88.75543975830078,123.7082748413086,37.065303802490234,78.01520538330078,21.467411041259766,35.13691329956055,93.85099029541016,75.63814544677734,62.675559997558594,39.85458755493164,28.44325828552246,123.1774673461914,88.69805908203125
2021-09-24,72.2196273803711,77.60356903076172,24.131656646728516,78.09008026123047,54.25907897949219,106.25810241699219,116.61717987060547,93.47168731689453,105.15898132324219,163.5054168701172,308.7466735839844,61.52668762207031,85.9544906616211,409.3066711425781,239.90444946289062,182.22653198242188,87.80643463134766,123.4751205444336,37.01051330566406,78.65438079833984,21.628889083862305,35.321746826171875,94.04681396484375,75.69126892089844,62.702205657958984,39.39973449707031,28.4127254486084,122.67554473876953,89.0302734375
2021-09-27,71.43932342529297,77.8861083984375,24.96107292175293,79.05655670166016,53.43866729736328,106.17192840576172,118.46636199951172,92.20340728759766,104.08592224121094,165.25379943847656,310.05902099609375,63.8924674987793,87.19864654541016,405.2966613769531,237.03341674804688,182.8650360107422,86.62541198730469,122.16264343261719,37.298133850097656,78.64484405517578,22.39800453186035,35.80231857299805,94.14005279541016,74.95711517333984,62.418067932128906,38.74751281738281,28.076871871948242,120.9280776977539,89.5069580078125
2021-09-28,70.54240417480469,76.43440246582031,25.02219009399414,77.7369384765625,52.432579040527344,104.30506896972656,117.60649108886719,91.54708099365234,100.61079406738281,163.2386016845703,303.7848815917969,64.00228881835938,85.75472259521484,392.6267395019531,232.30751037597656,180.4517822265625,86.03907775878906,120.66886138916016,36.837039947509766,76.72737884521484,22.47449493408203,35.210845947265625,93.04898071289062,72.73526763916016,61.68113327026367,38.51579666137695,27.72355842590332,118.85529327392578,87.78319549560547
2021-09-29,71.34962463378906,76.4051742553711,24.978538513183594,77.89492797851562,52.80583190917969,104.29549407958984,116.83910369873047,92.24774169921875,100.10875701904297,162.53245544433594,303.73004150390625,63.99629592895508,85.89627838134766,391.7308349609375,233.601318359375,180.44235229492188,86.68404388427734,122.2259521484375,36.68638229370117,76.66057586669922,22.47449493408203,35.23856735229492,93.15157318115234,72.64352416992188,62.240501403808594,38.76466369628906,28.08559226989746,119.79412078857422,87.86986541748047
2021-09-30,70.80250549316406,75.32366943359375,24.672958374023438,76.7146987915039,52.27909469604492,102.59138488769531,115.16558837890625,90.81096649169922,99.6854248046875,160.1199493408203,298.3779296875,63.20938491821289,84.62665557861328,389.5563049316406,231.21583557128906,177.02232360839844,85.251708984375,121.17222595214844,36.11572265625,76.42210388183594,22.134552001953125,34.68407440185547,91.23987579345703,72.12187957763672,61.12175750732422,38.14677429199219,27.863140106201172,118.32549285888672,86.40608215332031
2021-10-01,70.87427520751953,76.18108367919922,25.43252944946289,77.81128692626953,52.27341842651367,104.33380126953125,116.85758972167969,92.08811950683594,100.96520233154297,162.71731567382812,300.649658203125,65.1595458984375,85.96022033691406,394.9633483886719,231.71160888671875,179.7545928955078,86.45787811279297,121.23320770263672,36.69094467163086,77.70994567871094,22.878175735473633,35.25706100463867,92.48945617675781,73.2086410522461,61.28157424926758,38.55870819091797,27.863140106201172,118.3533706665039,87.05610656738281
2021-10-04,71.61870574951172,75.32366943359375,25.799219131469727,77.15144348144531,51.51552200317383,102.94561767578125,116.3675537109375,91.90185546875,98.55329895019531,161.8577117919922,297.6366882324219,66.36557006835938,85.42130279541016,385.3819885253906,228.1005859375,178.73709106445312,86.4746322631836,122.94007873535156,36.53116226196289,76.03099060058594,23.252113342285156,34.95207977294922,91.98588562011719,71.5132827758789,61.086238861083984,38.60161590576172,28.24698257446289,116.55013275146484,86.36756134033203
2021-10-05,71.54694366455078,75.84007263183594,25.92144775390625,78.58260345458984,51.830055236816406,104.02745056152344,117.31062316894531,91.37858581542969,100.05952453613281,163.36431884765625,298.53192138671875,66.69060516357422,86.86448669433594,390.9444274902344,229.13897705078125,180.44235229492188,85.87993621826172,122.78334045410156,36.85530090332031,77.16619110107422,23.38809585571289,35.63597106933594,93.01166534423828,72.53243255615234,61.39700698852539,38.301246643066406,28.177188873291016,117.24726867675781,86.71424102783203
2021-10-06,72.59635162353516,76.01545715332031,25.70318031311035,78.73130798339844,51.74478530883789,104.53484344482422,116.3675537109375,92.28323364257812,100.82737731933594,162.7635040283203,299.07098388671875,65.81815338134766,86.98323059082031,393.6432189941406,228.7928924560547,181.0736083984375,86.70079803466797,124.60342407226562,36.78681945800781,77.29975128173828,23.141632080078125,35.67293930053711,93.42202758789062,73.0057601928711,61.99188232421875,38.670284271240234,28.613367080688477,117.03349304199219,86.98871612548828
2021-10-07,72.40801239013672,77.00923919677734,25.9127197265625,79.30747985839844,52.44015121459961,105.48261260986328,118.51258087158203,92.45172119140625,101.78230285644531,164.8524932861328,303.5567626953125,66.51954650878906,87.55866241455078,397.8756408691406,231.5619354248047,182.7318115234375,86.93531799316406,124.12442779541016,37.266170501708984,77.63362121582031,23.320100784301758,35.88549041748047,94.14940643310547,73.67232513427734,62.267112731933594,38.71317672729492,28.460702896118164,118.58575439453125,88.34173583984375
2021-10-08,72.04923248291016,76.75592041015625,26.66356086730957,79.7442398071289,52.129417419433594,105.11883544921875,118.11500549316406,91.64464569091797,101.48697662353516,163.90042114257812,301.8624572753906,68.39273071289062,88.05192565917969,396.0021057128906,230.25225830078125,182.5433807373047,86.11446380615234,123.24491882324219,37.06073760986328,77.2520523071289,24.038232803344727,36.06108856201172,94.14005279541016,73.39701843261719,62.196109771728516,38.29267120361328,28.251340866088867,117.99087524414062,87.93724060058594
2021-10-11,71.14334106445312,76.23954010009766,26.611175537109375,78.99150848388672,51.74289321899414,103.91254425048828,118.85466766357422,91.89299011230469,101.01443481445312,164.16847229003906,300.0624694824219,68.14466094970703,87.1385269165039,393.78875732421875,228.64321899414062,181.01710510253906,86.33223724365234,121.64248657226562,37.065303802490234,76.08821868896484,23.948993682861328,35.700660705566406,93.38471221923828,72.99129486083984,62.1783447265625,38.34416198730469,27.86750030517578,117.07064056396484,87.58094024658203
2021-10-12,71.65457916259766,76.6195297241211,26.68102264404297,78.8707046508789,51.50226974487305,103.76892852783203,119.47413635253906,93.14352416992188,100.60096740722656,164.63987731933594,302.03582763671875,68.19599151611328,87.0289077758789,392.85687255859375,227.98834228515625,180.75328063964844,87.46300506591797,122.46111297607422,37.11552429199219,75.38227081298828,23.970243453979492,35.589752197265625,93.07695770263672,72.61454772949219,62.204978942871094,38.859073638916016,28.0550594329834,116.5036392211914,88.27433776855469
2021-10-13,72.47078704833984,76.87284088134766,26.72467613220215,78.62908172607422,51.58942413330078,103.8551025390625,120.1490707397461,93.79984283447266,101.58541870117188,165.63816833496094,303.59527587890625,68.1617660522461,86.67268371582031,396.15740966796875,228.22222900390625,181.22434997558594,88.0995864868164,123.932861328125,37.394004821777344,75.73523712158203,23.948993682861328,35.38644027709961,93.27279663085938,73.05889129638672,62.320404052734375,39.082210540771484,28.382198333740234,116.68955993652344,88.70767211914062
2021-10-14,73.3856430053711,77.70100402832031,27.030248641967773,79.9858627319336,52.37004089355469,105.95173645019531,123.04300689697266,95.0681381225586,103.7708969116211,169.22451782226562,306.9353942871094,69.00856018066406,88.0701904296875,404.73895263671875,231.53387451171875,184.4654083251953,89.1717529296875,125.35238647460938,38.30249786376953,76.8036880493164,24.242198944091797,35.97791290283203,95.03530883789062,74.7059326171875,63.02182388305664,39.63145446777344,28.73113441467285,118.36265563964844,89.63697052001953
2021-10-15,73.1972885131836,78.50967407226562,27.15247917175293,81.03599548339844,52.53867721557617,107.27290344238281,123.79193115234375,95.0503921508789,104.26314544677734,169.91773986816406,311.0457763671875,69.3335952758789,89.14799499511719,407.583251953125,232.4132080078125,185.96340942382812,89.10472869873047,125.10855102539062,38.41661834716797,76.62242889404297,24.36117935180664,36.51392364501953,95.94921112060547,75.30487060546875,62.870887756347656,39.64861297607422,28.64826202392578,118.94824981689453,91.0092544555664
2021-10-18,72.56047821044922,79.1137466430664,27.222328186035156,81.0452880859375,52.186256408691406,107.58883666992188,123.83816528320312,95.27212524414062,105.40509796142578,170.05641174316406,314.8288879394531,69.51322174072266,89.19366455078125,411.38873291015625,230.59837341308594,186.3308868408203,89.33087158203125,123.95030212402344,38.38922119140625,77.2138900756836,24.378173828125,36.523170471191406,96.01447296142578,75.9424057006836,62.49797821044922,39.71726608276367,28.373470306396484,118.13958740234375,92.12154388427734
2021-10-19,73.439453125,79.10400390625,27.53662872314453,81.90953826904297,52.8702507019043,108.35472869873047,124.10626983642578,95.48499298095703,106.3304672241211,170.4261474609375,313.8758239746094,70.22314453125,90.03399658203125,415.17462158203125,233.57325744628906,187.188232421875,89.37274932861328,125.35238647460938,38.59010314941406,77.9579849243164,24.65437889099121,36.88358688354492,96.58330535888672,76.69591522216797,62.524620056152344,39.897499084472656,28.73113441467285,119.69184112548828,91.8615493774414
2021-10-20,74.52471160888672,78.9578628540039,27.69377899169922,82.56005096435547,53.55803298950195,108.37387084960938,124.85517883300781,96.90404510498047,106.24188232421875,172.0806884765625,313.47149658203125,70.81331634521484,90.9017105102539,414.36883544921875,236.46388244628906,188.39419555664062,90.77991485595703,127.23348236083984,38.900535583496094,78.11062622070312,24.854095458984375,37.1793327331543,97.18946838378906,76.4833755493164,62.88864517211914,40.50680923461914,29.184762954711914,121.4021224975586,91.79413604736328
2021-10-21,74.60543060302734,80.07829284667969,27.231056213378906,82.47643280029297,53.84224319458008,108.2015609741211,123.93062591552734,97.05484008789062,106.97035217285156,171.52609252929688,318.0534973144531,69.48755645751953,90.65510559082031,416.1551208496094,237.77357482910156,188.9406280517578,90.90558624267578,127.17249298095703,38.80009841918945,78.3395767211914,24.395172119140625,37.022216796875,97.38531494140625,76.77803039550781,62.808738708496094,40.635528564453125,29.184762954711914,121.89473724365234,93.14231872558594
2021-10-22,75.05390930175781,79.81524658203125,27.458049774169922,83.46150970458984,53.99571228027344,108.54619598388672,123.96759796142578,97.57809448242188,105.92684173583984,171.50758361816406,316.13787841796875,70.17182922363281,91.76947021484375,414.3883361816406,238.26004028320312,189.22329711914062,91.33274841308594,127.90399932861328,38.72706604003906,76.6796646118164,24.624629974365234,37.53975296020508,97.73035430908203,76.51237487792969,63.29707336425781,40.92731857299805,29.33306312561035,122.38739776611328,92.81009674072266
2021-10-25,74.63235473632812,81.05261993408203,27.877124786376953,83.48008728027344,54.03550720214844,109.00575256347656,126.00170135498047,97.88851928710938,106.21233367919922,173.29153442382812,321.8943176269531,71.29232025146484,91.76947021484375,416.329833984375,238.5032501220703,190.11834716796875,91.62591552734375,127.4337387084961,39.1151008605957,77.01356506347656,24.985828399658203,37.49354934692383,97.95417785644531,76.76353454589844,63.25267791748047,41.04747009277344,29.206571578979492,122.5361099243164,95.11170196533203
2021-10-26,74.88348388671875,80.98442840576172,27.981895446777344,83.57302856445312,54.28559875488281,108.35472869873047,126.01091003417969,98.18119049072266,106.27140808105469,173.52261352539062,321.5478210449219,71.60880279541016,91.77859497070312,416.8831787109375,239.6538848876953,188.73338317871094,91.8772201538086,127.97367858886719,39.22466278076172,76.32670593261719,25.13029670715332,37.521270751953125,97.34800720214844,76.98088073730469,63.47464370727539,41.23627853393555,29.36359405517578,123.14030456542969,95.12615203857422
2021-10-27,74.38121795654297,80.72134399414062,27.379478454589844,82.132568359375,53.81951141357422,105.9325942993164,122.66392517089844,97.2854232788086,106.75376892089844,170.6664581298828,321.2878723144531,69.5046615600586,90.08878326416016,415.3105163574219,237.38067626953125,186.20838928222656,91.09823608398438,127.22473907470703,38.66313934326172,76.11682891845703,24.407922744750977,36.90208053588867,96.2103042602539,76.91327667236328,63.101741790771484,40.93589782714844,29.167316436767578,122.164306640625,95.33802032470703
2021-10-28,74.89244079589844,81.58848571777344,27.615205764770508,83.28492736816406,54.2723388671875,106.66018676757812,123.93987274169922,98.41177368164062,107.81698608398438,172.40419006347656,325.7832336425781,69.91521453857422,91.23053741455078,419.5527648925781,239.8597412109375,188.87469482421875,92.37140655517578,128.0520782470703,39.0466194152832,76.36485290527344,24.58213996887207,37.354915618896484,97.41328430175781,77.6860580444336,63.32371139526367,41.536643981933594,29.359237670898438,123.1867904663086,96.6043701171875
2021-10-29,74.66822814941406,81.75414276123047,27.48424530029297,82.9132080078125,54.77444839477539,106.49744415283203,123.60699462890625,97.41844940185547,108.65377044677734,171.82183837890625,326.1393127441406,69.4704360961914,91.02046966552734,421.46514892578125,241.77748107910156,189.04429626464844,91.33274841308594,127.37279510498047,38.85944747924805,76.60334014892578,24.420669555664062,37.207054138183594,97.44127655029297,78.01934814453125,63.261558532714844,41.03888702392578,29.184762954711914,124.38583374023438,96.854736328125
2021-11-01,74.89244079589844,82.78688049316406,27.990623474121094,83.17340087890625,54.776344299316406,106.88995361328125,124.05081939697266,97.5958480834961,108.42733764648438,172.51512145996094,331.38555908203125,70.66792297363281,91.4314956665039,421.969970703125,242.20779418945312,190.3727569580078,91.78508758544922,127.93885803222656,38.95074462890625,76.72737884521484,24.84134864807129,37.22553634643555,97.71170043945312,77.9034194946289,63.35922622680664,41.1332893371582,29.289443969726562,124.23709869384766,98.63151550292969
2021-11-02,74.9462661743164,82.38743591308594,27.702510833740234,83.43360137939453,55.10223388671875,106.8516616821289,124.59629821777344,97.9771957397461,109.28382873535156,174.3359832763672,329.4122314453125,70.03496551513672,91.60506439208984,424.85308837890625,243.67657470703125,191.1641387939453,92.22063446044922,127.97367858886719,39.393585205078125,76.73690795898438,24.607635498046875,37.31795883178711,98.03807830810547,78.58927154541016,63.78541946411133,41.51948165893555,29.31561851501465,125.01789855957031,97.96702575683594
2021-11-03,74.65029907226562,83.51761627197266,27.458049774169922,83.86111450195312,55.42243576049805,106.88037872314453,126.0571060180664,98.17232513427734,110.03199005126953,176.42495727539062,335.6114501953125,69.44477844238281,92.20789337158203,427.4159851074219,245.49139404296875,191.09820556640625,92.53052520751953,127.69499206542969,39.8044548034668,77.01356506347656,24.403667449951172,37.45657730102539,97.82361602783203,79.04813385009766,64.38028717041016,41.75978088378906,29.206571578979492,125.752197265625,99.72932434082031
2021-11-04,74.31842803955078,84.27757263183594,27.51043701171875,82.69945526123047,55.07760238647461,107.26332092285156,125.31749725341797,97.31202697753906,111.7646255493164,176.04600524902344,339.5580139160156,69.43622589111328,91.04786682128906,433.52197265625,244.0320281982422,191.89903259277344,91.65104675292969,126.97218322753906,39.78163146972656,77.31883239746094,24.437665939331055,36.96677780151367,98.21527862548828,80.28460693359375,64.44244384765625,41.28776550292969,29.045185089111328,124.88777160644531,101.07272338867188
2021-11-05,74.89244079589844,84.74524688720703,27.86839485168457,82.73662567138672,54.473182678222656,108.4026107788086,127.08343505859375,97.77320861816406,112.02059173583984,177.76524353027344,342.20526123046875,70.5567398071289,91.26710510253906,434.9879150390625,241.8148956298828,194.0377197265625,92.1201171875,128.04335021972656,40.092063903808594,77.93888092041016,24.756362915039062,36.98525619506836,99.21308898925781,80.69998931884766,64.8153305053711,41.382171630859375,29.319974899291992,123.4935302734375,101.7227554321289
2021-11-08,73.95069122314453,84.1606674194336,28.165237426757812,83.06189727783203,54.77444839477539,109.01531219482422,128.7476348876953,97.57809448242188,112.69001770019531,179.68780517578125,338.2296142578125,71.24955749511719,91.66897583007812,438.10394287109375,242.9655303955078,194.96102905273438,92.04473114013672,126.34518432617188,40.594242095947266,77.59547424316406,24.98157501220703,37.188568115234375,99.6234130859375,81.13469696044922,64.30038452148438,41.37358856201172,28.88379669189453,124.22782135009766,100.28305053710938
2021-11-09,74.29151916503906,83.66378021240234,28.252546310424805,82.72732543945312,54.54328918457031,108.4026107788086,128.96031188964844,97.79095458984375,112.69001770019531,180.27935791015625,335.0337829589844,71.48050689697266,91.23053741455078,436.9390563964844,241.70260620117188,195.2342529296875,92.2038803100586,126.99830627441406,40.78142166137695,77.40469360351562,25.08355712890625,36.98525619506836,99.87517547607422,80.80142211914062,64.52235412597656,41.52806854248047,29.032100677490234,123.7723617553711,98.42926788330078
2021-11-10,74.92833709716797,82.80636596679688,27.466781616210938,82.3463134765625,54.55466079711914,108.15367126464844,127.72138214111328,97.34749603271484,110.14029693603516,178.8744354248047,331.9631042480469,69.41057586669922,90.95653533935547,428.7749938964844,241.47813415527344,193.9718017578125,91.7767105102539,127.9910888671875,40.5029411315918,76.52704620361328,24.420669555664062,36.920562744140625,99.31568145751953,79.46833801269531,64.71768188476562,41.32209396362305,29.267635345458984,124.1255874633789,98.06331634521484
2021-11-11,74.54265594482422,82.59202575683594,27.667591094970703,82.68087768554688,54.440975189208984,107.7037353515625,130.04208374023438,97.55148315429688,110.79986572265625,180.69532775878906,331.13525390625,69.70993041992188,91.32189178466797,431.0950622558594,240.97296142578125,193.60433959960938,91.92748260498047,127.39020538330078,40.82706832885742,76.3743896484375,24.51415252685547,37.022216796875,98.90534973144531,79.84024810791016,64.67330169677734,41.339256286621094,29.088808059692383,123.76304626464844,97.79849243164062
2021-11-12,74.57853698730469,83.05970001220703,27.615205764770508,82.87604522705078,54.7005500793457,108.80469512939453,131.04063415527344,97.5958480834961,112.39466857910156,182.3313751220703,332.9161376953125,69.5046615600586,91.41323852539062,436.2594909667969,241.86170959472656,195.10232543945312,91.8604507446289,127.28570556640625,41.13294982910156,77.49052429199219,24.45465850830078,37.10539627075195,99.68871307373047,80.81108856201172,64.67330169677734,41.356422424316406,29.07135772705078,124.37655639648438,98.12590789794922
2021-11-15,75.4037094116211,83.13764190673828,27.763629913330078,82.83885955810547,54.35381317138672,108.93872833251953,130.273193359375,98.17232513427734,112.27654266357422,181.41629028320312,333.1855773925781,69.9922103881836,91.44976806640625,435.6770935058594,240.318115234375,195.2154083251953,92.50540924072266,128.82713317871094,40.94576644897461,77.70994567871094,24.658626556396484,37.10539627075195,99.87517547607422,80.72897338867188,64.98404693603516,41.588130950927734,29.4551944732666,123.60505676269531,98.04405212402344
2021-11-16,75.1346206665039,83.92681884765625,27.82474136352539,82.84817504882812,54.60202407836914,109.41741943359375,129.23768615722656,97.5958480834961,113.27083587646484,180.8801727294922,337.7290954589844,70.06918334960938,91.34928894042969,440.22027587890625,241.35647583007812,195.49806213378906,91.89396667480469,128.269775390625,40.831642150878906,77.12803649902344,24.696870803833008,37.06843566894531,99.89385986328125,81.57904815673828,64.57563018798828,41.33067321777344,29.31561851501465,124.1255874633789,99.58968353271484
2021-11-17,75.28710174560547,83.86837005615234,27.423128128051758,81.9653091430664,54.67402648925781,108.15367126464844,128.0819854736328,97.94172668457031,113.01488494873047,179.6046142578125,338.219970703125,68.88027954101562,90.38108825683594,438.3660583496094,241.319091796875,194.4239959716797,92.17875671386719,128.39169311523438,40.562286376953125,76.83229064941406,24.31868553161621,36.643314361572266,99.29701232910156,81.33271789550781,64.43354034423828,41.60530090332031,29.3417911529541,124.30217742919922,100.22527313232422
2021-11-18,74.79378509521484,84.2093734741211,27.274709701538086,81.64933776855469,54.58496856689453,107.46438598632812,127.72138214111328,97.89736938476562,114.09776306152344,178.67108154296875,342.11865234375,68.57234191894531,90.006591796875,441.5210266113281,240.74844360351562,193.73626708984375,92.19549560546875,127.6601791381836,40.38881301879883,76.27901458740234,24.174213409423828,36.458473205566406,99.09185028076172,82.14417266845703,64.20269775390625,41.59672927856445,29.18912124633789,124.34866333007812,101.36163330078125
2021-11-19,75.17050170898438,84.13143920898438,26.38417625427246,80.78507995605469,54.29887771606445,106.7176284790039,127.2036361694336,97.45391845703125,114.66876983642578,178.31983947753906,342.3303527832031,65.86092376708984,89.0018539428711,444.09356689453125,239.26097106933594,193.0390625,91.65104675292969,128.4613800048828,40.31576919555664,76.02144622802734,23.230865478515625,36.06108856201172,98.59761047363281,82.74311065673828,63.97185516357422,41.37358856201172,29.354873657226562,123.59576416015625,101.7998046875
2021-11-22,75.56513214111328,83.7904052734375,26.75959587097168,81.82591247558594,53.986244201660156,105.98046112060547,128.1282196044922,96.79762268066406,112.93614196777344,178.9391632080078,340.8863525390625,66.9129867553711,90.18014526367188,437.46331787109375,237.904541015625,193.37818908691406,91.1987533569336,129.23638916015625,40.37967300415039,75.09609985351562,23.643047332763672,36.56938171386719,98.86804962158203,81.820556640625,64.47794342041016,41.16761779785156,29.533702850341797,123.03803253173828,101.54460906982422
2021-11-23,75.6637954711914,83.36172485351562,27.48424530029297,82.98754119873047,53.90098571777344,106.21977996826172,128.43328857421875,97.57809448242188,112.11902618408203,179.1239776611328,338.70135498046875,69.00000762939453,91.42237854003906,435.4635314941406,237.72677612304688,193.56668090820312,91.93582916259766,129.4105987548828,40.42076873779297,74.89574432373047,24.36967658996582,37.14236831665039,99.0359115600586,81.63218688964844,64.90414428710938,41.60530090332031,29.564237594604492,123.16818237304688,100.80790710449219
2021-11-24,75.69967651367188,83.51761627197266,27.77235984802246,82.86672973632812,53.99191665649414,106.5835952758789,127.4625244140625,98.75768280029297,112.93614196777344,177.8668975830078,338.7783508300781,69.735595703125,91.26710510253906,439.0843811035156,237.904541015625,193.44418334960938,93.04983520507812,129.46287536621094,40.133155822753906,75.00068664550781,24.607635498046875,37.0591926574707,98.92401123046875,82.22628784179688,64.70881652832031,42.16313171386719,29.581682205200195,123.12171936035156,101.01493835449219
2021-11-26,74.54265594482422,81.64696502685547,26.654829025268555,80.25537109375,53.739933013916016,103.84553527832031,124.8736801147461,96.0260009765625,110.36670684814453,174.57630920410156,330.3459777832031,66.71625518798828,88.15238952636719,429.19232177734375,236.36094665527344,187.64047241210938,90.46165466308594,127.3031005859375,39.44380187988281,73.6269760131836,23.617551803588867,35.83004379272461,96.24761962890625,80.17353057861328,63.89196014404297,41.021724700927734,29.11933135986328,122.66627502441406,98.2607421875
2021-11-29,75.6279296875,82.25100708007812,26.846906661987305,80.57133483886719,53.7778205871582,104.0752944946289,124.95689392089844,97.03707885742188,113.1231689453125,174.946044921875,333.7054443359375,67.18668365478516,88.3716049194336,438.92913818359375,236.3516387939453,188.20578002929688,91.1317367553711,129.06228637695312,39.626407623291016,74.256591796875,23.75353240966797,35.94094467163086,96.41547393798828,82.17797088623047,64.05176544189453,41.536643981933594,29.5511531829834,123.00088500976562,99.78711700439453
2021-11-30,73.29594421386719,80.7798080444336,26.148448944091797,78.5082778930664,52.76604461669922,101.56698608398438,120.99044036865234,95.0681381225586,111.56774139404297,170.3706817626953,328.8154602050781,65.47601318359375,86.15203857421875,434.5995788574219,232.16998291015625,183.1275177001953,89.40626525878906,125.34367370605469,38.64488220214844,71.90031433105469,23.19687271118164,35.081459045410156,93.97221374511719,81.49211883544922,62.40919494628906,40.66986846923828,28.68751335144043,120.58414459228516,98.43889617919922
2021-12-01,73.3587417602539,79.06502532958984,25.834144592285156,77.69976043701172,52.53489685058594,100.03522491455078,118.84542083740234,93.60472869873047,109.44132232666016,168.26321411132812,322.00018310546875,64.53514862060547,85.16556549072266,426.66839599609375,230.9912872314453,180.24449157714844,87.93206787109375,125.49175262451172,38.25226974487305,70.24041748046875,22.950414657592773,34.693321228027344,92.66664123535156,80.37638854980469,62.10731887817383,40.13778305053711,28.73986053466797,120.3703842163086,96.66213989257812
2021-12-02,74.41708374023438,80.33161926269531,26.52386474609375,79.93009948730469,52.83236312866211,103.0509033203125,120.66683197021484,96.45172119140625,110.3765640258789,171.7479248046875,327.42926025390625,66.39124298095703,87.74134826660156,431.2601318359375,232.1044921875,185.69021606445312,90.57054138183594,127.24212646484375,39.032920837402344,71.42333984375,23.617551803588867,35.7283821105957,95.4176254272461,81.11538696289062,62.76434326171875,41.23627853393555,29.10624885559082,120.95597076416016,98.03925323486328
2021-12-03,74.88348388671875,79.20144653320312,26.227025985717773,78.6197738647461,52.83236312866211,102.53394317626953,120.5189208984375,96.01712799072266,108.38797760009766,171.15631103515625,320.7391357421875,65.87802124023438,86.26165771484375,423.2513427734375,231.365478515625,184.94589233398438,90.26899719238281,128.22625732421875,38.946189880371094,71.26111602783203,23.430583953857422,35.14616012573242,95.30574798583984,79.75814056396484,63.54570007324219,41.030311584472656,29.39849090576172,121.1790542602539,96.13249206542969
2021-12-06,76.04948425292969,80.36085510253906,26.602447509765625,79.63273620605469,53.08056640625,104.33380126953125,122.78414154052734,97.56034851074219,109.2247543334961,173.8184051513672,324.926513671875,67.00707244873047,87.53128051757812,426.85284423828125,232.76869201660156,188.15866088867188,91.85208892822266,130.47308349609375,39.516845703125,72.43453216552734,23.779029846191406,35.682167053222656,96.91905212402344,80.5164566040039,64.66442108154297,41.62245559692383,29.847759246826172,121.86687469482422,97.23033142089844
2021-12-07,76.6145248413086,81.82233428955078,27.274709701538086,81.07316589355469,53.895301818847656,105.99003601074219,125.271240234375,99.02376556396484,113.2019271850586,176.65603637695312,332.1941833496094,68.64078521728516,89.010986328125,442.28790283203125,236.71649169921875,190.29739379882812,93.17547607421875,131.26553344726562,40.11945724487305,73.17861938476562,24.335683822631836,36.319854736328125,97.90753173828125,83.32752227783203,64.80646514892578,42.360511779785156,30.07021141052246,123.437744140625,99.49819946289062
2021-12-08,76.59659576416016,82.06591033935547,27.257247924804688,80.69215393066406,54.295074462890625,106.57403564453125,125.89995574951172,99.63573455810547,113.97965240478516,177.4694366455078,333.3780822753906,68.7519760131836,88.6912841796875,445.2389831542969,238.70907592773438,190.74960327148438,93.84558868408203,131.28294372558594,40.28837203979492,73.71284484863281,24.331436157226562,36.12577819824219,98.15000915527344,83.7091064453125,64.60225677490234,42.54072952270508,30.039670944213867,124.36724853515625,99.74858856201172
2021-12-09,76.38133239746094,80.9454345703125,26.969135284423828,80.3854751586914,54.25529098510742,106.16236114501953,124.92915344238281,98.3674545288086,112.53250885009766,176.31405639648438,327.4197082519531,68.04203796386719,88.27112579345703,439.46307373046875,237.86717224121094,189.6472625732422,92.48866271972656,130.99559020996094,40.06468200683594,73.13092803955078,24.14446449279785,36.05184555053711,97.84225463867188,82.80587768554688,64.77982330322266,42.00006866455078,30.000415802001953,124.65536499023438,98.01998138427734
2021-12-10,76.75804138183594,81.44233703613281,27.1175537109375,80.42264556884766,54.35761260986328,106.61231994628906,125.40991973876953,98.6069107055664,114.235595703125,177.39552307128906,328.5458679199219,68.6151123046875,88.28939056396484,446.5884704589844,238.19456481933594,190.11834716796875,92.77345275878906,131.55294799804688,40.31120300292969,73.1690902709961,24.32293701171875,36.08880615234375,98.24325561523438,84.4674072265625,65.87193298339844,42.21461868286133,30.161806106567383,125.09224700927734,98.7037353515625
2021-12-13,77.5511474609375,79.86511993408203,26.421554565429688,79.44185638427734,54.872283935546875,105.59178161621094,124.11062622070312,99.68846130371094,112.59487915039062,175.86114501953125,320.6141052246094,66.60507202148438,87.1202392578125,440.0357971191406,240.318115234375,188.13980102539062,93.64456176757812,133.0072784423828,40.06924057006836,72.7874984741211,23.647300720214844,35.700660705566406,97.22677612304688,83.21159362792969,66.73316955566406,42.78102111816406,30.532556533813477,126.2727279663086,96.16136169433594
2021-12-14,76.97366333007812,79.35824584960938,26.254159927368164,79.80545806884766,54.62720489501953,104.59429931640625,124.25004577636719,98.46981811523438,110.70284271240234,175.60232543945312,318.78509521484375,66.22015380859375,87.59521484375,432.83270263671875,239.15809631347656,186.21780395507812,92.44678497314453,132.26705932617188,40.02815628051758,72.59669494628906,23.549564361572266,35.91322326660156,96.30355834960938,81.84471893310547,66.77757263183594,42.309017181396484,30.349367141723633,125.76145935058594,95.60282135009766
2021-12-15,78.2007827758789,80.30378723144531,26.148441314697266,80.24365997314453,55.82032775878906,105.69730377197266,123.70172882080078,99.82289123535156,113.63941192626953,176.12916564941406,322.58740234375,66.03199005126953,87.92403411865234,444.28778076171875,244.48106384277344,187.97021484375,93.74506378173828,134.4006805419922,40.114898681640625,73.35987854003906,23.434833526611328,36.0148811340332,97.1428451538086,84.01338958740234,67.45234680175781,42.93550491333008,30.846603393554688,128.33621215820312,96.81622314453125
2021-12-16,78.60680389404297,78.85133361816406,26.254159927368164,80.91490936279297,56.04830551147461,106.02340698242188,125.64412689208984,99.84976196289062,110.03277587890625,177.88095092773438,315.3777770996094,66.28223419189453,88.5943832397461,431.40301513671875,244.52610778808594,187.35406494140625,93.7115478515625,134.96539306640625,40.52576446533203,73.25492095947266,23.583559036254883,36.46771240234375,97.18946838378906,81.63218688964844,67.93181610107422,43.09856414794922,31.00363540649414,129.09837341308594,94.67833709716797
2021-12-17,77.42481231689453,78.47116088867188,25.743175506591797,79.24607849121094,55.82603073120117,104.5367431640625,124.80770111083984,99.65262603759766,109.5104751586914,175.88504028320312,314.5194396972656,65.06135559082031,86.85884094238281,429.9054260253906,244.59181213378906,184.8024444580078,93.59430694580078,133.1501922607422,40.01902389526367,72.95919799804688,23.103389739990234,35.663692474365234,95.52955627441406,81.08638763427734,66.7686767578125,42.95266342163086,30.536924362182617,128.19679260253906,94.03311920166016
2021-12-20,77.3165512084961,77.3696517944336,25.364341735839844,77.69844818115234,55.41374969482422,102.44580841064453,122.30766296386719,98.8551254272461,108.4363784790039,172.30160522460938,308.5878601074219,64.16085052490234,85.14169311523438,424.8580627441406,243.08090209960938,181.69329833984375,92.8655776977539,133.24664306640625,39.30414581298828,72.44969177246094,22.817148208618164,34.9709587097168,93.99909210205078,80.12195587158203,66.7883529663086,42.67136001586914,30.56593132019043,127.42047119140625,92.51506805419922
2021-12-21,77.35264587402344,79.3387222290039,26.157251358032227,79.32066345214844,55.77092361450195,104.99713897705078,124.44522094726562,99.84976196289062,111.16600036621094,175.0494842529297,317.1138610839844,66.18699645996094,87.02412414550781,436.3140869140625,244.76071166992188,185.79476928710938,93.91259765625,133.08880615234375,39.7996940612793,73.82624053955078,23.467103958129883,35.69526290893555,95.8712158203125,82.14957427978516,66.69895935058594,42.91372299194336,30.521970748901367,127.95231628417969,94.9117431640625
2021-12-22,77.69550323486328,80.33303833007812,26.280593872070312,79.88937377929688,56.344696044921875,105.82199096679688,125.68133544921875,100.81754302978516,112.41749572753906,176.4791717529297,321.98443603515625,66.57661437988281,87.62102508544922,441.5267639160156,247.38832092285156,186.68307495117188,94.87584686279297,133.6324920654297,40.11629867553711,74.00785064697266,23.617753982543945,35.862403869628906,96.1426773071289,83.22386169433594,67.11914825439453,43.337833404541016,30.653860092163086,129.44522094726562,96.6429214477539
2021-12-23,77.74063873291016,81.20059967041016,26.307022094726562,80.4487533569336,56.608768463134766,106.67564392089844,127.09400177001953,100.72793579101562,113.07772064208984,178.10382080078125,326.0836486816406,66.61125946044922,88.24542236328125,443.9385986328125,248.51443481445312,188.85667419433594,94.77532196044922,133.6237335205078,40.520076751708984,74.66744995117188,23.63066864013672,36.04813003540039,97.27529907226562,83.68842315673828,67.2710952758789,43.2080078125,30.64946174621582,129.97708129882812,97.9835205078125
2021-12-27,78.11959075927734,81.84395599365234,26.862058639526367,81.30646514892578,57.05714416503906,107.74026489257812,128.97134399414062,102.41254425048828,115.38359832763672,180.7681427001953,329.0736083984375,68.17847442626953,89.13613891601562,453.2843933105469,250.25985717773438,190.8791046142578,96.38426971435547,134.19371032714844,41.13032913208008,75.39395904541016,24.147184371948242,36.41957092285156,98.30496978759766,85.48374938964844,67.98628234863281,44.090858459472656,30.79891586303711,131.3486785888672,98.93831634521484
2021-12-28,78.77823638916016,81.96092224121094,26.818012237548828,81.22256469726562,56.86716079711914,108.02801513671875,129.58473205566406,102.76201629638672,114.45732879638672,181.69650268554688,329.17962646484375,68.02262878417969,89.10859680175781,450.1139831542969,249.2557373046875,191.37989807128906,96.73936462402344,135.34246826171875,41.368927001953125,75.35569763183594,24.129968643188477,36.43814468383789,98.80108642578125,85.03853607177734,68.37067413330078,44.28127670288086,31.07588768005371,131.00344848632812,98.98173522949219
2021-12-29,79.24742126464844,82.10717010498047,26.64180564880371,81.17595672607422,57.18253707885742,108.25820922851562,130.1981658935547,103.43406677246094,114.40805053710938,182.40203857421875,330.69384765625,67.60702514648438,88.99840545654297,450.1529235839844,250.19419860839844,191.78631591796875,97.39038848876953,136.06155395507812,41.538692474365234,74.98291015625,23.975011825561523,36.39171600341797,98.97893524169922,85.11112976074219,68.6835708618164,44.549598693847656,31.24293327331543,131.74990844726562,99.179443359375
2021-12-30,79.4369125366211,82.0779037475586,26.48322868347168,80.91490936279297,57.353519439697266,108.01841735839844,129.7056121826172,103.9000244140625,113.92520141601562,181.86358642578125,329.3436584472656,67.00090789794922,88.76883697509766,447.7994689941406,251.038818359375,191.0397186279297,97.81314086914062,136.614013671875,41.391868591308594,75.29835510253906,23.82866859436035,36.32670974731445,98.62323760986328,84.54978942871094,68.46900177001953,44.7486686706543,31.357227325439453,132.0205078125,98.82259368896484
2021-12-31,79.78880310058594,81.8829574584961,26.518468856811523,80.8216781616211,57.066650390625,108.1335220336914,130.30967712402344,104.07028198242188,113.1467056274414,182.77340698242188,328.5623474121094,67.20005798339844,88.67700958251953,445.5723571777344,250.0159149169922,191.80517578125,98.08368682861328,137.1488800048828,41.575401306152344,74.25638580322266,23.888925552368164,36.26171112060547,99.04446411132812,84.13845825195312,68.93388366699219,44.8438835144043,31.467132568359375,131.46067810058594,98.5863037109375
2022-01-03,78.931640625,83.14042663574219,27.311376571655273,81.6421127319336,56.54039001464844,108.09516143798828,129.28732299804688,103.28173828125,113.72811126708984,180.77740478515625,335.86358642578125,69.3560562133789,89.68710327148438,449.29705810546875,248.4112091064453,190.62388610839844,97.31428527832031,135.92999267578125,41.033973693847656,74.77259826660156,24.62926483154297,36.707435607910156,98.23009490966797,84.93692016601562,68.92494201660156,44.42841720581055,31.155010223388672,130.10769653320312,101.41696166992188
2022-01-04,78.85945892333984,82.89673614501953,28.157148361206055,83.53468322753906,55.66263961791992,109.4091796875,131.12754821777344,103.08460998535156,112.24996948242188,182.9776153564453,334.38787841796875,71.78048706054688,91.73484802246094,443.61767578125,244.42282104492188,194.0543975830078,97.19593811035156,135.68446350097656,41.538692474365234,74.61009979248047,25.481521606445312,37.67317199707031,100.20519256591797,84.0368423461914,69.3897933959961,44.25531005859375,31.058290481567383,128.39085388183594,100.79972839355469
2022-01-05,78.51658630371094,80.79118347167969,28.00737762451172,82.39727020263672,55.0850715637207,108.16228485107422,130.91378784179688,100.02898406982422,108.06192016601562,182.8105010986328,324.8394775390625,71.46013641357422,90.43091583251953,428.8939514160156,241.4386749267578,191.4649658203125,94.41431427001953,135.33370971679688,41.53410720825195,72.73648071289062,25.477216720581055,37.236732482910156,99.25037384033203,81.45272827148438,69.32721710205078,42.81850814819336,31.04070472717285,127.47645568847656,98.0799560546875
2022-01-06,77.82182312011719,80.58646392822266,28.59765625,83.71182250976562,54.482810974121094,108.2006607055664,129.29664611816406,100.01107788085938,107.93377685546875,180.54531860351562,324.2029113769531,73.14856719970703,91.91848754882812,427.2698669433594,238.39817810058594,191.8618927001953,94.49886322021484,133.97450256347656,41.01102828979492,73.06148529052734,26.045385360717773,37.78460693359375,99.70906066894531,81.04139709472656,69.13948822021484,42.87043762207031,30.719797134399414,126.0021743774414,97.82438659667969
2022-01-07,78.37222290039062,79.68965148925781,28.932443618774414,84.50428771972656,54.10852813720703,107.65394592285156,129.91004943847656,99.33900451660156,106.83997344970703,180.5639190673828,318.85955810546875,74.04906463623047,92.80003356933594,422.90325927734375,236.93418884277344,191.16258239746094,93.87320709228516,134.96539306640625,40.97431945800781,73.07106018066406,26.402647018432617,38.230342864990234,99.68098449707031,80.29615783691406,69.21100616455078,42.6453971862793,30.952787399291992,125.35836791992188,96.1944808959961
2022-01-10,77.83988189697266,78.8415756225586,28.835525512695312,84.25254821777344,54.587303161621094,106.4454345703125,128.50665283203125,98.83720397949219,107.2439956665039,178.67010498046875,316.3904724121094,73.80662536621094,92.53372955322266,423.35064697265625,239.4773712158203,189.2440948486328,93.33209228515625,134.05343627929688,40.55677032470703,72.6122055053711,26.32086181640625,38.1003303527832,98.55770874023438,80.31070709228516,68.66568756103516,42.394386291503906,30.750568389892578,126.64599609375,95.60614776611328
2022-01-11,77.20828247070312,79.61165618896484,29.804645538330078,85.1009750366211,55.0451774597168,107.4717025756836,130.2632293701172,99.0881118774414,108.65316009521484,180.63816833496094,320.26776123046875,76.38692474365234,93.42444610595703,428.9425354003906,241.44805908203125,190.6522674560547,93.475830078125,132.88711547851562,41.00185012817383,73.52033996582031,27.216157913208008,38.43462371826172,99.14743041992188,81.273681640625,68.5852279663086,42.32514953613281,30.473613739013672,127.65373992919922,96.52718353271484
2022-01-12,77.49701690673828,79.76763916015625,29.89274024963379,85.13825225830078,54.8931884765625,107.57720947265625,131.94537353515625,99.18667602539062,109.17542266845703,182.43919372558594,321.33831787109375,76.67266082763672,93.43363952636719,430.3429260253906,240.0779571533203,190.96409606933594,93.58574676513672,133.2554473876953,41.41481018066406,73.6159439086914,27.267810821533203,38.462486267089844,99.46568298339844,81.65596008300781,68.61205291748047,42.43766784667969,30.570335388183594,127.2898178100586,97.16373443603516
2022-01-13,77.70453643798828,78.60763549804688,29.681299209594727,84.73735046386719,53.910945892333984,107.23193359375,131.3970947265625,98.873046875,106.01221466064453,181.2045135498047,315.5417785644531,76.04922485351562,93.06633758544922,418.1768798828125,235.9207000732422,191.06805419921875,93.39974212646484,133.81666564941406,41.09362030029297,72.8511734008789,27.130067825317383,38.313907623291016,99.68098449707031,79.541259765625,68.7372055053711,42.290523529052734,30.719797134399414,125.31172180175781,95.2107162475586
2022-01-14,77.3075180053711,77.87654113769531,30.350875854492188,84.05679321289062,53.82735061645508,106.54133605957031,130.92303466796875,97.93217468261719,107.07646942138672,179.9976348876953,313.4391784667969,77.97145080566406,92.24906921386719,421.551513671875,235.75180053710938,189.9812774658203,92.55427551269531,133.15895080566406,40.744903564453125,73.18576049804688,27.767112731933594,37.91461181640625,99.0819091796875,80.2138900756836,68.86236572265625,41.79717254638672,30.508785247802734,125.09712219238281,94.76708221435547
2022-01-18,76.30599212646484,76.52157592773438,30.3861083984375,82.2574234008789,52.91920852661133,105.08345794677734,129.1200408935547,97.05402374267578,104.13005828857422,177.56533813476562,306.80352783203125,78.05805206298828,90.19215393066406,410.7956237792969,231.2942352294922,187.51470947265625,91.58196258544922,131.58053588867188,40.208065032958984,72.29674530029297,27.879018783569336,37.069580078125,97.93988800048828,78.28791046142578,67.87003326416016,41.51153564453125,30.14391326904297,123.34293365478516,92.97318267822266
2022-01-19,76.56766510009766,75.59550476074219,30.130619049072266,80.8216781616211,52.73301696777344,103.96125030517578,128.6275177001953,95.8353500366211,102.84900665283203,176.8040771484375,301.9425354003906,77.39999389648438,88.57600402832031,405.0675964355469,230.30889892578125,184.9347686767578,90.34757232666016,132.01898193359375,40.10712432861328,72.1724853515625,27.676721572875977,36.44743728637695,96.84471893310547,77.19426727294922,68.2991714477539,40.97489547729492,30.28019142150879,122.83908081054688,91.29505157470703
2022-01-20,76.50450134277344,74.12355041503906,29.804645538330078,80.29956817626953,52.42524337768555,102.95414733886719,126.12742614746094,94.64360046386719,101.41027069091797,173.9076385498047,295.8083801269531,76.4475326538086,87.85975646972656,400.0299987792969,228.9481964111328,182.51544189453125,89.18925476074219,132.01019287109375,39.52438735961914,71.45552825927734,27.422765731811523,36.21528244018555,95.60911560058594,76.19739532470703,67.8521728515625,40.611358642578125,30.319751739501953,122.03663635253906,89.6313705444336
2022-01-21,76.29698181152344,71.84254455566406,29.20555305480957,78.66805267333984,51.853370666503906,101.1893539428711,122.2704849243164,94.41954803466797,99.15364837646484,169.20091247558594,287.63916015625,74.81970977783203,86.1793212890625,391.3650207519531,226.5270233154297,180.5403594970703,88.96944427490234,131.61558532714844,38.560829162597656,69.03703308105469,26.880420684814453,35.47239685058594,94.72921752929688,74.6827392578125,67.90579986572266,40.58539962768555,30.262605667114258,120.80498504638672,87.00323486328125
2022-01-24,75.59318542480469,72.71011352539062,29.364139556884766,78.9291000366211,51.610191345214844,101.42913818359375,122.14962768554688,94.5718765258789,100.14891815185547,169.36801147460938,292.8280334472656,75.38249206542969,86.49154663085938,393.89349365234375,226.26429748535156,181.6649169921875,89.13853454589844,130.6773223876953,38.58377456665039,69.54367065429688,27.061203002929688,35.57455062866211,95.27215576171875,75.06987762451172,67.68231201171875,40.67195510864258,29.97245979309082,120.40373229980469,88.0496597290039
2022-01-25,74.52849578857422,71.3746566772461,30.456584930419922,78.8545150756836,51.275814056396484,100.34529113769531,121.610595703125,94.14175415039062,97.32073974609375,168.142578125,287.8899230957031,78.17926025390625,86.76700592041016,384.217041015625,224.14346313476562,179.55746459960938,88.783447265625,128.61656188964844,38.23505401611328,68.11935424804688,28.111452102661133,35.72312545776367,94.33609008789062,73.33259582519531,66.9314193725586,40.55943298339844,29.50208282470703,119.62931060791016,86.5595932006836
2022-01-26,73.9149398803711,70.88724517822266,30.3861083984375,79.07826232910156,50.92053985595703,99.59716796875,119.84474182128906,92.61845397949219,97.79376983642578,166.11880493164062,285.57513427734375,77.9801025390625,86.73028564453125,385.5494079589844,222.932861328125,177.82803344726562,87.39688110351562,127.76597595214844,37.83585739135742,67.12519073486328,28.064111709594727,35.815982818603516,93.5123519897461,73.76329040527344,66.42183685302734,39.88431167602539,29.260297775268555,119.00413513183594,86.14005279541016
2022-01-27,74.32098388671875,69.94169616699219,30.67684555053711,78.4815902709961,50.89204406738281,99.0120849609375,119.63099670410156,91.2295150756836,96.9462890625,166.49012756347656,279.65325927734375,78.77671813964844,85.97731018066406,382.28179931640625,222.26657104492188,175.51271057128906,85.95111083984375,128.5726776123047,37.96434020996094,67.20166015625,28.36971664428711,35.49097442626953,92.67925262451172,73.25518035888672,66.86882781982422,39.1659049987793,29.51966094970703,119.31205749511719,84.05200958251953
2022-01-28,75.32250213623047,71.39413452148438,30.62397575378418,79.62831115722656,52.02436447143555,101.42913818359375,119.75182342529297,94.07008361816406,100.55296325683594,167.390625,285.6908874511719,78.6122055053711,87.11597442626953,398.5712890625,227.36224365234375,177.1287078857422,88.73270416259766,130.12484741210938,38.1845817565918,69.12306213378906,28.24919319152832,35.95528030395508,93.32513427734375,76.4587173461914,67.655517578125,40.524803161621094,29.875749588012695,121.74738311767578,85.88446044921875
2022-01-31,76.70299530029297,73.9480972290039,30.8442325592041,80.51400756835938,52.615234375,102.97335815429688,121.8150634765625,95.5038070678711,103.72600555419922,169.89718627929688,296.5220947265625,78.94988250732422,88.17195892333984,410.6497802734375,230.23385620117188,179.7748565673828,89.8233642578125,132.54513549804688,38.74895095825195,70.6907958984375,28.374019622802734,36.270992279052734,94.29863739013672,78.3798599243164,67.91476440429688,40.97489547729492,30.44285011291504,122.44719696044922,89.1877212524414
2022-02-01,75.77366638183594,74.67919921875,31.927875518798828,81.6421127319336,52.82612228393555,104.47917938232422,124.67757415771484,94.9751205444336,104.29757690429688,172.8214874267578,298.83685302734375,81.85054016113281,89.36571502685547,412.35162353515625,231.115966796875,182.37367248535156,89.5020751953125,130.76499938964844,39.34544372558594,71.30258178710938,29.385528564453125,36.772438049316406,95.5997543334961,78.5831069946289,67.8521728515625,40.697914123535156,30.038408279418945,122.77375793457031,89.72781372070312
2022-02-02,76.73909759521484,74.3282699584961,32.03360366821289,82.17351531982422,53.420780181884766,104.00922393798828,125.29096984863281,96.29234313964844,106.03192138671875,173.33209228515625,296.9078674316406,82.11895751953125,89.78812408447266,414.4910583496094,233.2649688720703,183.12974548339844,90.64347839355469,132.70297241210938,39.46933364868164,72.72692108154297,29.480222702026367,37.02315139770508,96.26435852050781,79.22187805175781,68.66568756103516,41.39901351928711,30.482404708862305,124.42530059814453,89.19253540039062
2022-02-03,76.16162872314453,72.31044006347656,31.645954132080078,81.13865661621094,53.1035041809082,101.91829681396484,123.63665771484375,95.0826416015625,101.31172180175781,170.41705322265625,287.5041198730469,81.1751708984375,88.7504653930664,401.5762939453125,231.6884307861328,179.88824462890625,89.67964172363281,131.8611297607422,38.78108215332031,67.86125183105469,29.2004451751709,36.61457824707031,94.72921752929688,76.92327880859375,68.6835708618164,40.97489547729492,30.34613037109375,123.89344024658203,86.46316528320312
2022-02-04,75.67440032958984,73.64591979980469,32.1217041015625,82.48118591308594,52.94770431518555,101.26607513427734,122.39128112792969,94.2044906616211,102.28732299804688,167.82693481445312,295.499755859375,82.4133529663086,90.20133209228516,404.6396484375,231.26608276367188,178.3005828857422,88.7918930053711,130.7474822998047,38.13869094848633,68.0333023071289,29.65670394897461,37.236732482910156,93.70892333984375,77.23297882080078,67.84326171875,40.412288665771484,30.104345321655273,123.44558715820312,88.92247772216797
2022-02-07,75.50296783447266,73.56794738769531,32.51816177368164,82.67695617675781,52.854610443115234,100.90160369873047,121.91728210449219,94.04318237304688,101.36102294921875,167.33493041992188,295.1235656738281,83.3051986694336,90.54108428955078,402.6557922363281,231.115966796875,178.5084991455078,88.66506958007812,130.5808563232422,37.95057678222656,66.84795379638672,30.035484313964844,37.34816360473633,93.78382110595703,76.72001647949219,67.9683837890625,40.42095184326172,30.060380935668945,123.2309799194336,88.73922729492188
2022-02-08,75.62025451660156,74.63043975830078,31.866207122802734,83.63724517822266,53.221290588378906,101.67851257324219,124.19429779052734,93.55036163330078,102.563232421875,170.42633056640625,300.2353515625,81.5475082397461,91.70729064941406,407.8489074707031,233.02098083496094,180.76710510253906,88.25078582763672,130.82638549804688,38.53788757324219,66.81929779052734,29.38983726501465,37.8681755065918,94.71986389160156,77.66850280761719,68.2276382446289,40.05741882324219,30.08237075805664,124.23866271972656,89.98822021484375
2022-02-09,75.99921417236328,75.88795471191406,32.20981216430664,84.18731689453125,53.81784439086914,103.481689453125,127.26128387451172,95.69197845458984,105.12531280517578,173.79623413085938,304.42120361328125,82.28347778320312,92.18479919433594,417.8657531738281,235.82684326171875,183.64004516601562,90.2461166381836,131.32618713378906,39.377567291259766,68.70246124267578,29.635177612304688,38.10961151123047,96.02099609375,79.39125061035156,68.24551391601562,41.026832580566406,30.21424674987793,125.19977569580078,91.17931365966797
2022-02-10,74.09539794921875,74.8059310913086,31.980751037597656,83.43212127685547,52.951507568359375,101.5250244140625,126.19245910644531,93.29945373535156,102.62235260009766,172.7100372314453,299.4059143066406,81.82457733154297,91.45018768310547,407.6641845703125,232.1388397216797,180.37969970703125,88.11551666259766,127.95011901855469,39.14813995361328,67.71785736083984,29.45009994506836,37.77531814575195,94.44840240478516,77.31526184082031,67.51246643066406,39.858341217041016,29.44933319091797,123.24031066894531,89.60725402832031
2022-02-11,73.98714447021484,72.97330474853516,32.86175537109375,82.02435302734375,52.29035568237305,100.00959777832031,125.17013549804688,92.33170318603516,99.1733627319336,170.41705322265625,291.323486328125,84.17973327636719,90.04524993896484,394.7978515625,228.7698974609375,177.29884338378906,87.31230926513672,127.923828125,38.54248046875,66.25528717041016,30.306659698486328,37.24601745605469,93.00687408447266,74.9537353515625,67.2710952758789,39.31304931640625,29.466917037963867,121.53276824951172,87.03215789794922
2022-02-14,73.38261413574219,73.0707778930664,32.11289596557617,81.092041015625,51.74888610839844,99.81777954101562,124.18500518798828,91.47147369384766,99.19305419921875,169.24734497070312,292.3843994140625,82.35275268554688,89.08103942871094,394.7298583984375,226.4707794189453,176.94915771484375,86.51756286621094,126.93290710449219,38.22587203979492,66.26483917236328,29.592144012451172,36.82814407348633,92.66053771972656,74.9295425415039,67.0833740234375,38.88893127441406,29.216337203979492,120.29179382324219,87.52886199951172
2022-02-15,73.08484649658203,74.67919921875,31.813344955444336,82.31339263916016,52.38915252685547,101.19892883300781,126.6850357055664,92.17039489746094,101.92269134521484,172.7008056640625,298.9622497558594,81.44358825683594,90.55945587158203,406.09844970703125,229.58631896972656,180.11505126953125,87.29540252685547,126.39798736572266,38.92789840698242,67.19210052490234,29.2822265625,37.3296012878418,94.05525970458984,76.89907836914062,67.19959259033203,39.079349517822266,29.080059051513672,121.64474487304688,89.48670196533203
2022-02-16,73.2833480834961,74.68895721435547,32.06003189086914,82.42525482177734,52.39104080200195,101.51544189453125,127.91184997558594,92.47506713867188,101.66648864746094,173.93551635742188,299.4927062988281,81.98908996582031,90.6329345703125,405.37872314453125,229.46434020996094,181.0506591796875,87.70124053955078,126.73123168945312,39.212379455566406,66.72370910644531,29.518972396850586,37.357460021972656,94.55138397216797,76.82164764404297,67.32473754882812,39.18321228027344,29.14600372314453,121.83136749267578,89.74227905273438
2022-02-17,73.27433013916016,73.0805435180664,31.989553451538086,80.28094482421875,51.469600677490234,99.34779357910156,125.69988250732422,91.43562316894531,98.02041625976562,171.38255310058594,291.3909912109375,81.82457733154297,88.3097152709961,392.0458068847656,225.17568969726562,177.68629455566406,86.77120971679688,126.82766723632812,38.54248046875,64.94567108154297,29.471620559692383,36.42885208129883,92.8196792602539,74.5230484008789,67.84326171875,38.84565353393555,29.163585662841797,119.87191772460938,87.34078979492188
2022-02-18,73.06681060791016,72.64186096191406,31.7164363861084,80.14108276367188,51.04212951660156,98.50373840332031,125.18873596191406,90.96068572998047,96.68021392822266,170.9740753173828,289.2402038574219,81.27041625976562,88.24542236328125,387.1444091796875,223.39271545410156,176.10812377929688,86.24700927734375,126.46813201904297,38.47824478149414,64.43903350830078,29.290836334228516,36.41957092285156,92.05208587646484,73.76814270019531,67.9683837890625,38.672550201416016,29.11083221435547,118.97615814208984,86.80070495605469
2022-02-22,72.90438842773438,70.68253326416016,31.196645736694336,79.70288848876953,50.90723419189453,97.55418395996094,123.80394744873047,90.49473571777344,95.77362060546875,168.6531982421875,280.5019226074219,79.86770629882812,87.70365142822266,383.341796875,222.51058959960938,174.02902221679688,85.93419647216797,126.32781219482422,37.932220458984375,63.77944564819336,28.817358016967773,36.23385238647461,91.16283416748047,73.0858154296875,67.44096374511719,38.56867980957031,29.080059051513672,118.67756652832031,84.26902770996094
2022-02-23,71.78553771972656,68.80117797851562,31.443321228027344,78.39769744873047,50.561458587646484,95.58794403076172,122.60501861572266,88.89971160888672,93.41847229003906,166.45298767089844,271.9855041503906,80.82018280029297,86.16098022460938,373.64593505859375,220.78384399414062,170.6079559326172,84.51377868652344,124.20570373535156,37.44585037231445,62.70878601074219,29.114360809326172,35.6024055480957,89.48727416992188,71.2566146850586,66.89562225341797,38.0666618347168,28.58770179748535,118.08039855957031,81.45281982421875
2022-02-24,72.4261703491211,70.29261016845703,31.381649017333984,77.54927825927734,50.9471321105957,96.87321472167969,122.86528015136719,90.476806640625,97.31090545654297,165.91458129882812,278.58258056640625,80.53443908691406,85.316162109375,387.1444091796875,222.9234619140625,173.37692260742188,85.93419647216797,125.52105712890625,37.335731506347656,64.46771240234375,28.886234283447266,35.17524719238281,90.62928009033203,73.69072723388672,65.7424087524414,38.72447967529297,28.816293716430664,118.55626678466797,83.314208984375
2022-02-25,74.61872863769531,71.64756774902344,32.2274284362793,80.1877212524414,52.49554443359375,99.31902313232422,127.7817611694336,92.654296875,98.55254364013672,172.32017517089844,284.40814208984375,82.58653259277344,88.08932495117188,392.7167663574219,229.4174041748047,177.46896362304688,88.00560760498047,129.2479705810547,38.698482513427734,65.5096664428711,29.64809226989746,36.308128356933594,92.79157257080078,74.69242095947266,67.86112213134766,39.693885803222656,29.708694458007812,122.18592071533203,84.96343231201172
2022-02-28,75.01573181152344,71.71581268310547,33.11724853515625,79.08758544921875,52.08326721191406,99.42452239990234,127.19618225097656,91.12200164794922,98.6806411743164,170.93695068359375,285.8741760253906,84.87242889404297,87.00576782226562,392.8043518066406,227.98159790039062,178.8959503173828,86.69511413574219,130.07225036621094,38.25799560546875,65.43319702148438,30.379831314086914,35.76955795288086,93.50299072265625,74.55692291259766,66.95821380615234,39.010108947753906,29.86256217956543,121.26219940185547,85.5613784790039
2022-03-01,74.46533966064453,70.63379669189453,33.43440628051758,76.30931091308594,51.857181549072266,97.0554428100586,125.80211639404297,90.88902282714844,97.02513122558594,167.06568908691406,281.32177734375,85.67766571044922,83.69999694824219,385.2479553222656,226.75225830078125,176.10812377929688,86.23856353759766,128.76565551757812,37.37702178955078,64.611083984375,30.685434341430664,34.45094299316406,92.10826873779297,73.06646728515625,66.56486511230469,38.93220901489258,29.60318946838379,120.59038543701172,84.26419067382812
2022-03-02,75.39468383789062,71.94977569580078,34.130409240722656,78.50022888183594,52.615234375,98.79147338867188,128.7296905517578,92.45714569091797,98.97628021240234,170.84413146972656,287.6102294921875,87.7557601928711,85.95894622802734,393.27117919921875,230.21505737304688,179.89768981933594,87.85342407226562,130.48439025878906,38.19834518432617,65.16552734375,31.387033462524414,35.3423957824707,94.07396697998047,74.64885711669922,67.2710952758789,39.6246452331543,29.96367645263672,122.40984344482422,86.0339584350586
2022-03-03,76.66690063476562,70.62403869628906,34.13922119140625,78.10865783691406,52.7539176940918,98.28314208984375,129.62193298339844,93.21881103515625,97.39958190917969,171.22471618652344,280.91668701171875,87.91161346435547,85.56407928466797,387.1540222167969,230.50599670410156,179.5480499267578,88.57206726074219,132.6591339111328,38.24423599243164,64.48683166503906,31.473115921020508,35.23096466064453,94.17695617675781,73.75845336914062,67.8164291381836,40.05741882324219,30.491199493408203,123.03500366210938,84.08575439453125
2022-03-04,78.30004119873047,69.31781768798828,35.11713790893555,76.59833526611328,52.94390869140625,97.22808837890625,130.13308715820312,93.6758041381836,95.49771881103516,170.5934295654297,275.8917236328125,90.68241882324219,83.7275619506836,379.4324035644531,230.90013122558594,178.6880645751953,88.97789764404297,135.41262817382812,38.11117172241211,63.55957794189453,32.38134002685547,34.571659088134766,93.97100830078125,72.46641540527344,67.82534790039062,40.39497375488281,31.163801193237305,123.65084075927734,82.75
2022-03-07,79.03089141845703,66.16920471191406,35.61932373046875,73.61495208740234,51.912269592285156,93.89028930664062,126.24824523925781,91.7582015991211,91.66438293457031,164.5406036376953,261.83917236328125,92.11109924316406,80.42179107666016,365.2046203613281,226.9868927001953,173.59429931640625,87.21931457519531,136.7981414794922,36.789710998535156,61.446983337402344,32.85911178588867,33.30876541137695,91.45301055908203,69.81455993652344,66.59169006347656,39.659263610839844,31.5682373046875,121.49543762207031,78.69446563720703
2022-03-08,77.78573608398438,66.19847106933594,36.14793014526367,73.29796600341797,50.97563552856445,93.5353775024414,125.1980209350586,91.24745178222656,91.39833068847656,163.2037811279297,262.9385986328125,93.0462417602539,80.1279525756836,363.40545654296875,222.61383056640625,173.09344482421875,86.79656219482422,134.98291015625,36.60158157348633,61.294036865234375,33.37562561035156,33.11376190185547,90.8913803100586,69.47581481933594,64.79480743408203,39.30439758300781,31.08027458190918,119.01346588134766,78.85842895507812
2022-03-09,77.39775085449219,68.0603256225586,35.11713790893555,75.97367095947266,51.92937469482422,96.13468170166016,127.94900512695312,92.70803833007812,95.40901184082031,168.3004150390625,270.828125,90.53520202636719,83.0755844116211,378.89752197265625,227.27781677246094,176.7412872314453,88.1324234008789,134.08848571777344,37.734920501708984,63.12942123413086,32.35550308227539,34.330230712890625,92.53884887695312,72.22445678710938,65.23285675048828,39.96220779418945,30.860471725463867,121.26219940185547,81.39495086669922
2022-03-10,77.97520446777344,68.3625259399414,36.14793014526367,75.37700653076172,51.923675537109375,95.69347381591797,129.72415161132812,92.93206787109375,93.81262969970703,169.22879028320312,273.16217041015625,93.18476867675781,82.48789978027344,372.3525085449219,227.0713653564453,176.61839294433594,88.35224151611328,134.97418212890625,37.83585739135742,62.661006927490234,33.34550094604492,34.042362213134766,92.41716766357422,70.96141815185547,64.61600494384766,40.10070037841797,31.06708335876465,121.21553802490234,81.97361755371094
2022-03-11,77.59626007080078,67.17326354980469,35.80433654785156,74.8735580444336,51.42970657348633,95.02206420898438,128.7296905517578,92.1524658203125,91.72354888916016,167.84555053710938,268.0022277832031,92.32756805419922,81.92774963378906,364.61138916015625,224.4530792236328,175.3142547607422,87.6505126953125,134.49188232421875,37.555973052978516,61.533016204833984,33.07863235473633,33.80093002319336,91.67768096923828,69.71292114257812,63.865074157714844,39.702537536621094,30.961576461791992,120.31045532226562,80.396728515625
2022-03-14,77.650390625,66.21795654296875,34.69426727294922,75.5448226928711,51.65769958496094,95.175537109375,126.87093353271484,91.49835205078125,89.45703125,167.52059936523438,263.7680969238281,89.39225769042969,82.64397430419922,356.72442626953125,224.91294860839844,175.35208129882812,86.9656753540039,134.35159301757812,37.50091552734375,60.81605529785156,32.08864212036133,34.22808837890625,91.98656463623047,68.4208755493164,64.20478057861328,39.4601936340332,30.926408767700195,121.15953826904297,79.05615234375
2022-03-15,78.6880111694336,68.28453826904297,33.55775451660156,76.5330581665039,52.67412567138672,96.95953369140625,127.51224517822266,92.13455200195312,92.31478881835938,169.32162475585938,272.2555236816406,86.37903594970703,83.66326904296875,368.7153625488281,229.31417846679688,178.10211181640625,87.54905700683594,135.9738311767578,37.932220458984375,61.982295989990234,30.91356086730957,34.71095657348633,93.44682312011719,70.71947479248047,65.64407348632812,39.771785736083984,31.322059631347656,123.5761947631836,81.70355987548828
2022-03-16,78.60680389404297,70.39983367919922,33.51370620727539,78.81720733642578,53.411277770996094,98.96414947509766,129.278076171875,93.29049682617188,95.8623046875,172.21803283691406,281.9775390625,86.13661193847656,86.16098022460938,382.2137145996094,233.0491180419922,181.1735382080078,88.58897399902344,135.92123413085938,38.528717041015625,63.69340133666992,30.77151870727539,35.68597412109375,94.68243408203125,73.01805877685547,65.71559143066406,40.21322250366211,31.264909744262695,125.05980682373047,84.49083709716797
2022-03-17,78.9045639038086,71.39413452148438,34.65902328491211,79.66563415527344,54.351722717285156,100.22061157226562,132.62384033203125,94.65252685546875,96.92657470703125,175.59727478027344,286.761474609375,89.2104263305664,87.01496887207031,386.3663635253906,237.42221069335938,183.72509765625,89.95867156982422,136.385986328125,39.2674446105957,64.38166809082031,31.83037567138672,36.1317024230957,95.89929962158203,73.53588104248047,66.17149353027344,40.78446960449219,31.39679527282715,127.03791046142578,85.89893341064453
2022-03-18,78.43537902832031,72.63212585449219,34.676639556884766,80.05718231201172,54.748802185058594,101.35238647460938,133.3394775390625,94.83174896240234,99.09453582763672,176.70196533203125,292.6737365722656,89.193115234375,87.40062713623047,395.21612548828125,239.22398376464844,184.55673217773438,89.95867156982422,135.21092224121094,39.50603485107422,65.22288513183594,31.80023765563965,36.21528244018555,96.26435852050781,75.04084014892578,66.32350158691406,40.87969207763672,31.128629684448242,127.82167053222656,87.70729064941406
2022-03-21,78.74215698242188,71.76456451416016,36.0069694519043,79.9173355102539,54.587303161621094,101.00709533691406,136.1090545654297,94.32994842529297,98.90729522705078,178.36373901367188,289.7320556640625,92.63927459716797,87.16187286376953,394.2144775390625,238.62339782714844,184.58509826660156,89.40909576416016,136.1053924560547,39.83442687988281,64.61241149902344,33.08216857910156,36.179847717285156,96.48130798339844,74.89830780029297,66.4087905883789,40.66989517211914,31.336627960205078,127.72438049316406,86.97267150878906
2022-03-22,78.79631042480469,73.21699523925781,35.821964263916016,81.23190307617188,54.67470932006836,101.78400421142578,136.75039672851562,94.58980560302734,100.6613540649414,178.9393310546875,296.1266784667969,92.04181671142578,88.64947509765625,400.5259704589844,239.1019744873047,185.54901123046875,89.63737487792969,136.19308471679688,40.0508918762207,65.81995391845703,32.83882141113281,36.76715850830078,97.00724029541016,75.97459411621094,66.9027328491211,40.696006774902344,31.380882263183594,127.75243377685547,89.13156127929688
2022-03-23,78.80530548095703,72.1155014038086,36.438663482666016,79.7402114868164,53.66966247558594,100.30693817138672,137.103515625,93.56826782226562,99.05508422851562,178.1966094970703,291.6417236328125,93.64368438720703,86.89556884765625,394.4284362792969,234.3347625732422,183.6022491455078,88.63172149658203,136.24569702148438,39.86666488647461,64.91908264160156,33.40373611450195,36.086631774902344,96.07746124267578,74.80620574951172,66.3638916015625,40.23464584350586,31.425140380859375,125.45925903320312,88.02555847167969
2022-03-24,79.6547622680664,72.74888610839844,36.542572021484375,80.36837005615234,54.29377365112305,101.17037200927734,139.99667358398438,94.16486358642578,101.89324951171875,181.81353759765625,293.8383483886719,93.97521209716797,87.57525634765625,404.74151611328125,237.51771545410156,184.94931030273438,89.1927719116211,137.64207458496094,40.66804885864258,65.98284912109375,33.48629379272461,36.37562561035156,96.81002807617188,76.75028991699219,66.83087158203125,40.54802322387695,31.748205184936523,126.95683288574219,88.71138000488281
2022-03-25,80.78012084960938,72.63175964355469,37.40394973754883,81.26705932617188,54.49946212768555,101.58381652832031,141.4226837158203,95.26261901855469,101.68622589111328,183.29457092285156,293.1524963378906,96.45307922363281,88.61737823486328,403.79656982421875,238.05419921875,185.64134216308594,90.30640411376953,139.69866943359375,41.1240119934082,66.29913330078125,34.22068405151367,36.841739654541016,97.41107940673828,76.70664978027344,67.38765716552734,41.026798248291016,32.20843505859375,127.54652404785156,88.55680084228516
2022-03-28,81.29742431640625,73.85173797607422,36.48039627075195,81.07984161376953,54.918453216552734,101.83381652832031,139.90342712402344,96.34239196777344,102.94805145263672,182.3723907470703,299.9915771484375,94.027587890625,88.34996032714844,408.7841796875,239.88943481445312,185.78353881835938,91.26702117919922,140.5636749267578,40.93978500366211,66.50997161865234,33.37331008911133,36.73919677734375,97.43926239013672,77.61808776855469,67.66603088378906,41.54909896850586,32.41644287109375,128.47314453125,90.91852569580078
2022-03-29,82.05067443847656,75.5011215209961,36.38272476196289,81.60405731201172,55.415531158447266,103.69914245605469,140.033935546875,99.0867919921875,104.93939208984375,183.69508361816406,305.91302490234375,93.70475769042969,88.940185546875,417.8241271972656,241.95994567871094,188.1250457763672,93.9448471069336,141.92291259765625,41.28520584106445,67.6695785522461,33.28639221191406,36.82309341430664,98.34088134765625,79.26644134521484,68.26770782470703,42.76781463623047,32.71736526489258,129.23126220703125,92.5026626586914
2022-03-30,82.68595123291016,74.544677734375,36.78233337402344,80.78026580810547,55.52790069580078,102.93955993652344,140.3787841796875,98.41193389892578,103.31281280517578,183.02439880371094,300.6291198730469,94.68193054199219,88.05482482910156,411.4922180175781,242.06349182128906,187.21498107910156,93.26476287841797,143.0262908935547,41.14703369140625,67.1904067993164,33.673152923583984,36.562068939208984,98.22815704345703,78.20955657958984,68.31261444091797,42.53276824951172,32.987327575683594,129.48399353027344,91.09722137451172
2022-03-31,82.58612823486328,73.23686218261719,36.338314056396484,79.13265228271484,55.000343322753906,101.37229919433594,139.400146484375,97.37715148925781,101.5777816772461,180.75164794921875,294.8526916503906,93.39066314697266,86.12736511230469,405.7059020996094,239.4094696044922,184.35211181640625,92.1256332397461,142.82327270507812,40.59896469116211,65.915771484375,33.21687698364258,35.72306442260742,96.71610260009766,77.05087280273438,68.1509780883789,42.062705993652344,32.9519157409668,128.2203826904297,89.3488998413086
2022-04-01,83.71148681640625,73.32470703125,36.65800857543945,78.98285675048828,55.533607482910156,101.39151763916016,140.75161743164062,99.00580596923828,101.30177307128906,182.70773315429688,295.17144775390625,94.55105590820312,86.03512573242188,404.51751708984375,242.4775848388672,183.35671997070312,93.91932678222656,144.86219787597656,41.027286529541016,66.404541015625,33.48629379272461,35.62984085083008,95.96477508544922,76.82300567626953,68.8334732055664,42.898372650146484,33.41216278076172,129.23126220703125,89.45996856689453
2022-04-04,83.10343170166016,74.4861068725586,36.77345275878906,78.63648986816406,55.14507293701172,101.73765563964844,140.5186004638672,98.64588165283203,103.54939270019531,182.6425323486328,301.46954345703125,94.55105590820312,85.75845336914062,412.47613525390625,240.915283203125,183.3851318359375,93.46029663085938,143.6529541015625,41.03650665283203,68.2350082397461,33.52975845336914,35.47135543823242,95.84266662597656,78.28228759765625,68.61795043945312,42.76781463623047,33.155494689941406,128.15492248535156,91.46910858154297
2022-04-05,83.46643829345703,73.10022735595703,36.178466796875,78.00926971435547,55.18889236450195,100.28578186035156,138.81292724609375,98.32196807861328,101.02574157714844,180.7237091064453,294.5918273925781,92.98931884765625,84.95611572265625,402.7250671386719,240.74583435058594,180.266357421875,93.00123596191406,144.47384643554688,40.70949172973633,67.36289978027344,33.00394821166992,35.24762725830078,94.48086547851562,76.6339340209961,68.68080139160156,42.8026237487793,33.36347961425781,128.4263458251953,89.32475280761719
2022-04-06,84.9548110961914,71.6362533569336,36.26727294921875,77.3726806640625,55.962127685546875,99.00697326660156,137.28436279296875,99.47371673583984,98.18661499023438,178.79554748535156,286.9123840332031,93.4604721069336,84.23677062988281,391.9122009277344,243.83279418945312,178.37986755371094,94.10636901855469,147.14833068847656,40.239723205566406,66.10746765136719,33.199501037597656,35.00524139404297,93.74832153320312,74.82073974609375,69.5518798828125,43.4380989074707,34.02730178833008,130.3825225830078,87.04512786865234
2022-04-07,84.94571685791016,71.84123229980469,36.71128845214844,77.20417022705078,57.003902435302734,98.93966674804688,138.3189239501953,98.72687530517578,98.52177429199219,179.5873260498047,287.88800048828125,94.65576171875,83.91400909423828,393.1298828125,247.98330688476562,178.6073760986328,93.17124938964844,146.83938598632812,40.50225067138672,65.53245544433594,33.63404846191406,34.967952728271484,94.06764221191406,74.93708801269531,70.39604187011719,43.08119583129883,33.943214416503906,132.89100646972656,87.48945617675781
2022-04-08,85.20893096923828,71.46060180664062,37.63484191894531,77.86884307861328,57.13529968261719,98.60314178466797,138.8222198486328,98.84383392333984,96.79661560058594,180.41632080078125,285.7338562011719,97.19468688964844,84.56877136230469,387.36297607421875,248.9056854248047,177.37503051757812,93.32427215576172,147.3601531982422,40.75094985961914,65.24493408203125,34.55963134765625,35.32220458984375,93.54168701171875,73.88990783691406,70.6923828125,43.23788070678711,34.05828094482422,133.6865692138672,86.68289947509766
2022-04-11,83.9928207397461,70.56271362304688,36.48928451538086,77.50374603271484,56.0230712890625,97.83391571044922,138.22572326660156,97.7460708618164,94.4405288696289,179.68043518066406,281.396728515625,94.31547546386719,84.17223358154297,378.18670654296875,243.71987915039062,176.9294891357422,92.32115173339844,145.25942993164062,40.54829788208008,64.40157318115234,33.521060943603516,35.16371536254883,93.24115753173828,72.02824401855469,70.4050064086914,42.64594268798828,33.59360885620117,131.0283660888672,85.07463073730469
2022-04-12,84.30137634277344,70.52366638183594,37.048736572265625,76.69864654541016,55.505035400390625,97.44932556152344,138.9993438720703,97.5301284790039,94.01663208007812,179.6990966796875,282.1211853027344,95.90340423583984,83.36064910888672,377.1542053222656,241.66818237304688,176.65460205078125,92.18512725830078,145.86842346191406,40.55751419067383,63.874481201171875,34.0772819519043,34.781517028808594,93.09089660644531,71.708251953125,70.4229736328125,42.51536178588867,33.721946716308594,129.7554473876953,85.26298522949219
2022-04-13,84.13802337646484,72.12425994873047,37.59932327270508,76.86715698242188,55.85737609863281,98.40120697021484,141.8048553466797,98.10601043701172,95.74181365966797,183.03375244140625,289.24041748046875,97.42153930664062,83.61888122558594,383.7295227050781,243.4375457763672,178.6263427734375,92.83971405029297,145.66546630859375,41.156253814697266,64.81367492675781,34.58570098876953,34.781517028808594,93.96434020996094,72.86209869384766,70.81808471679688,42.68946075439453,33.65555953979492,130.39187622070312,87.3832015991211
2022-04-14,83.96559143066406,71.40205383300781,37.71477127075195,76.04335021972656,55.605979919433594,98.0262222290039,141.2736053466797,97.62911987304688,93.14910888671875,182.3351287841797,284.98046875,97.82286834716797,82.66898345947266,374.24151611328125,241.978759765625,178.0765380859375,92.4401626586914,145.50656127929688,41.01808547973633,63.71155548095703,34.69868469238281,34.389976501464844,93.86100769042969,71.09254455566406,70.80012512207031,42.44572067260742,33.67326354980469,129.76478576660156,86.16130065917969
2022-04-18,83.54811096191406,71.10926818847656,38.283103942871094,76.26802825927734,54.86132049560547,97.70892333984375,142.24293518066406,97.2781753540039,93.44486999511719,182.3723907470703,285.47314453125,99.37590789794922,83.1024398803711,374.6798095703125,238.65650939941406,177.36553955078125,92.06610870361328,144.75631713867188,41.0549201965332,63.50072479248047,35.20710372924805,34.595069885253906,93.53230285644531,71.32526397705078,70.21643829345703,42.34125518798828,33.49181365966797,128.33273315429688,86.42210388183594
2022-04-19,84.10172271728516,73.1295166015625,38.00782012939453,77.38206481933594,55.425048828125,99.65119171142578,143.55711364746094,99.32073211669922,95.42633819580078,184.44956970214844,294.0895690917969,98.39869689941406,84.39356231689453,382.2293395996094,241.18820190429688,180.9962615966797,94.0723648071289,145.7007293701172,41.441802978515625,64.76575469970703,34.92031478881836,35.07050323486328,95.23221588134766,72.66332244873047,71.28504943847656,43.22917175292969,33.70866012573242,129.5589141845703,88.92872619628906
2022-04-20,84.83683013916016,71.79242706298828,38.06997299194336,77.99052429199219,56.1335334777832,99.99732971191406,143.3241424560547,101.1203384399414,94.48981475830078,185.81884765625,290.42852783203125,98.87858581542969,85.06678771972656,380.65130615234375,244.0869903564453,181.97271728515625,95.63655090332031,147.00709533691406,41.70433044433594,61.957767486572266,35.05501937866211,35.3128776550293,95.74874114990234,72.59545135498047,72.35372161865234,44.047447204589844,33.9830436706543,131.29977416992188,87.78406524658203
2022-04-21,83.57533264160156,70.76766967773438,36.80009460449219,76.66120910644531,55.396484375,98.79542541503906,139.39080810546875,100.31953430175781,92.20274353027344,182.1395263671875,286.6033020019531,95.59805297851562,83.62810516357422,373.3258056640625,240.80235290527344,179.8397674560547,94.97348022460938,144.7474822998047,41.02268600463867,60.19439697265625,33.94257354736328,34.753543853759766,94.77202606201172,71.36402130126953,72.29084777832031,43.76017761230469,33.421016693115234,129.84901428222656,86.9340591430664
2022-04-22,82.18680572509766,69.00115966796875,35.90319061279297,74.38636779785156,53.4062614440918,95.96858978271484,134.52542114257812,98.58290100097656,89.70864868164062,175.64724731445312,279.4647521972656,93.12019348144531,81.1841812133789,363.0097351074219,232.27552795410156,175.52645874023438,93.30725860595703,142.36428833007812,39.48899459838867,58.766441345214844,33.11258316040039,33.71875762939453,92.44285583496094,69.36662292480469,71.15934753417969,42.97671890258789,32.858978271484375,125.11294555664062,84.91524505615234
2022-04-25,81.50615692138672,69.59649658203125,34.739864349365234,74.49871063232422,53.771934509277344,96.45896911621094,133.0900115966797,98.24996948242188,91.384521484375,174.8740692138672,282.33367919921875,90.10139465332031,81.33175659179688,368.9325256347656,233.95079040527344,175.71607971191406,93.06922149658203,141.18153381347656,39.37845230102539,59.57146453857422,32.017520904541016,33.774696350097656,92.44285583496094,70.4089584350586,71.47364807128906,42.77650833129883,32.63328552246094,125.95532989501953,85.52861785888672
2022-04-26,81.08869171142578,66.77593994140625,34.739864349365234,72.49534606933594,52.7035026550293,93.80518341064453,130.5734405517578,96.64832305908203,87.93418884277344,171.64186096191406,269.0419006347656,90.110107421875,79.19215393066406,354.885498046875,228.89682006835938,171.5924072265625,91.5390396118164,139.85752868652344,38.77051544189453,57.61641311645508,32.06098556518555,32.926368713378906,90.42363739013672,67.7861328125,70.36908721923828,42.106224060058594,32.30580139160156,123.73705291748047,81.20123291015625
2022-04-27,80.91625213623047,66.57099151611328,35.29043960571289,72.52342987060547,52.64255905151367,94.74746704101562,132.40029907226562,96.07244110107422,88.03277587890625,174.1475067138672,268.9260559082031,91.4537353515625,79.0538330078125,358.7041015625,228.46388244628906,171.97157287597656,90.93547058105469,139.0984344482422,39.34162139892578,56.33221435546875,32.53028869628906,32.898399353027344,90.7617416381836,68.78968811035156,70.62950897216797,41.85377502441406,32.15091323852539,123.46561431884766,81.21089172363281
2022-04-28,81.79656219482422,67.99590301513672,36.3560676574707,73.52509307861328,53.28056716918945,96.7762680053711,134.27377319335938,97.86304473876953,92.1238784790039,176.94190979003906,275.0212707519531,94.29804229736328,80.22505950927734,373.21868896484375,231.00497436523438,174.33203125,92.61018371582031,140.7313995361328,39.963382720947266,58.5843505859375,33.51671600341797,33.31790542602539,91.78543090820312,71.54342651367188,71.67122650146484,42.61981964111328,32.509368896484375,125.16911315917969,82.87713623046875
2022-04-29,79.32806396484375,65.05824279785156,35.45916748046875,70.93197631835938,51.98359680175781,93.76671600341797,131.2258758544922,93.35501861572266,88.31866455078125,173.36508178710938,260.9664611816406,91.82891845703125,77.40303039550781,357.7008056640625,225.3863525390625,169.82913208007812,88.35968017578125,136.5740509033203,39.16199493408203,56.60055160522461,32.656307220458984,32.171260833740234,89.35298156738281,68.56183624267578,69.7225112915039,40.56543731689453,31.535770416259766,121.94933319091797,78.66565704345703
2022-05-02,78.49311828613281,65.8487777709961,35.93870162963867,71.23155212402344,51.70744323730469,94.00708770751953,130.6293487548828,91.05152130126953,90.20154571533203,172.8993377685547,265.361572265625,92.87589263916016,77.7442626953125,363.61370849609375,224.7180938720703,170.32211303710938,86.22591400146484,135.14413452148438,39.04224395751953,58.16266632080078,33.177764892578125,32.18059158325195,89.54082489013672,69.60419464111328,68.80652618408203,39.51212692260742,31.21270751953125,121.19117736816406,79.81510925292969
2022-05-03,78.83800506591797,65.59501647949219,37.00434112548828,72.17705535888672,51.857906341552734,94.47824096679688,132.577392578125,92.4192123413086,90.31985473632812,175.3397979736328,264.2507629394531,95.72019958496094,78.74027252197266,363.8475341796875,225.292236328125,171.28903198242188,87.29705047607422,135.78848266601562,39.47978973388672,58.31601333618164,34.10770797729492,32.600093841552734,90.13249969482422,69.72540283203125,68.60895538330078,39.99090576171875,31.332204818725586,121.57493591308594,79.61712646484375
2022-05-04,80.61677551269531,67.2444076538086,38.59391784667969,74.2646713256836,52.933956146240234,97.4877700805664,136.77169799804688,93.43600463867188,93.622314453125,181.06834411621094,271.7756652832031,99.67253875732422,81.13806915283203,376.4624328613281,230.1485595703125,176.0194091796875,88.30017852783203,138.9483642578125,40.76015853881836,60.31897735595703,35.524330139160156,33.59757995605469,92.74339294433594,72.17367553710938,70.153564453125,40.460968017578125,32.03142547607422,124.27054595947266,81.95465850830078
2022-05-05,79.75459289550781,64.01394653320312,37.945655822753906,72.11153411865234,51.8236198425293,94.07441711425781,132.07406616210938,90.9975357055664,88.87071990966797,175.20938110351562,256.4457092285156,98.03227233886719,78.79559326171875,357.2428894042969,224.9345703125,170.92881774902344,85.94538116455078,137.4125518798828,39.49821853637695,58.095584869384766,34.98983383178711,32.61872863769531,90.32032012939453,68.70243072509766,68.82447052001953,39.425079345703125,31.703947067260742,121.8557357788086,77.36164855957031
2022-05-06,80.28096771240234,62.83302307128906,38.90473556518555,71.56855773925781,51.52651596069336,92.8532943725586,130.5362091064453,89.8277816772461,87.84544372558594,172.45225524902344,252.8618927001953,100.50140380859375,78.11314392089844,353.36590576171875,223.37225341796875,169.46893310546875,84.92524719238281,138.4364776611328,38.93171310424805,56.897647857666016,36.032745361328125,32.38568115234375,89.70985412597656,68.14974212646484,68.89632415771484,39.02464294433594,31.956192016601562,121.47196960449219,76.3812255859375
2022-05-09,79.48233795166016,60.61756896972656,35.64564895629883,69.72433471679688,50.048614501953125,90.10335540771484,125.40045166015625,86.02159118652344,84.19795227050781,166.80755615234375,241.8788604736328,91.95105743408203,76.21336364746094,338.1499328613281,216.5018768310547,164.92813110351562,81.18480682373047,137.2889862060547,37.701995849609375,55.421775817871094,33.0517463684082,31.611927032470703,87.54037475585938,65.51238250732422,68.869384765625,37.205291748046875,31.71721839904785,118.32706451416016,73.12602996826172
2022-05-10,78.43866729736328,60.4516487121582,35.920936584472656,69.23756408691406,50.2466926574707,89.61298370361328,124.72003936767578,84.3569564819336,85.51895141601562,165.428955078125,241.0674285888672,92.63160705566406,75.5401382446289,343.0595703125,217.9512481689453,163.8095703125,79.70563507080078,135.55897521972656,37.467105865478516,55.67094421386719,33.35158920288086,31.332252502441406,86.96746826171875,66.5110855102539,68.39344787597656,36.37831115722656,31.332204818725586,118.74826049804688,72.90869140625
2022-05-11,79.01947784423828,58.69490432739258,36.27614974975586,68.4511947631836,49.89434814453125,88.6130142211914,124.76669311523438,84.17699432373047,82.65023803710938,165.13092041015625,232.21914672851562,93.74835968017578,74.70088195800781,331.3115234375,215.60780334472656,161.79037475585938,79.53559875488281,136.54754638671875,37.48553466796875,54.66466522216797,33.79916763305664,31.043264389038086,86.17857360839844,64.411865234375,68.09709167480469,36.326080322265625,31.55790138244629,117.96202087402344,70.29584503173828
2022-05-12,78.15733337402344,59.173126220703125,36.418235778808594,68.22649383544922,50.399044036865234,88.69955444335938,123.65750122070312,84.77986145019531,82.25593566894531,164.63722229003906,234.78866577148438,94.04501342773438,74.33198547363281,328.87615966796875,217.93240356445312,162.359130859375,80.15618133544922,135.43540954589844,37.41645050048828,55.25885009765625,33.94257354736328,30.810205459594727,86.33824157714844,63.7476806640625,68.07911682128906,36.5959358215332,31.23927116394043,119.10393524169922,70.77879333496094
2022-05-13,79.13748168945312,61.349552154541016,37.71477127075195,69.3873519897461,51.07133102416992,90.41104125976562,125.96903228759766,87.07437133789062,85.39080047607422,167.58067321777344,244.21653747558594,97.23832702636719,75.55856323242188,341.3158264160156,221.2452392578125,164.97555541992188,82.2729263305664,136.88299560546875,37.99216079711914,56.55263137817383,35.102821350097656,31.257678985595703,87.43706512451172,65.86630249023438,69.10286712646484,37.50996398925781,31.61101722717285,120.36750793457031,73.56553649902344
2022-05-16,79.40065002441406,60.34429931640625,38.62056350708008,68.84437561035156,51.45796203613281,89.95913696289062,125.82923126220703,86.49848937988281,84.25712585449219,167.4781951904297,239.2321014404297,99.70745086669922,75.03289031982422,337.2439880371094,222.63816833496094,164.53001403808594,81.75436401367188,137.43023681640625,37.92306900024414,56.18846130371094,36.02840805053711,30.99664878845215,87.31497955322266,65.2845230102539,69.41718292236328,37.205291748046875,31.708364486694336,121.25669860839844,71.9765625
2022-05-17,80.2628173828125,61.51545715332031,39.12674331665039,70.7447509765625,52.265472412109375,92.1898422241211,129.95826721191406,87.46126556396484,86.5047607421875,172.48020935058594,245.4722900390625,101.1383056640625,77.13556671142578,346.7904968261719,226.29925537109375,168.5209503173828,82.86800384521484,138.96604919433594,38.99618911743164,57.415157318115234,36.4455680847168,31.826337814331055,89.29661560058594,67.17527770996094,68.94122314453125,37.6057243347168,32.035850524902344,122.92276763916016,73.79252624511719
2022-05-18,79.35530090332031,57.68965530395508,38.12326431274414,68.74139404296875,50.901832580566406,89.00724029541016,125.54959869384766,84.93283081054688,82.33477783203125,166.9938507080078,229.84286499023438,98.49468231201172,75.06055450439453,330.8049621582031,220.13467407226562,162.21697998046875,80.46220397949219,137.68618774414062,37.7849006652832,55.536781311035156,35.51129913330078,30.950042724609375,85.97196197509766,64.10160064697266,64.50499725341797,36.50888442993164,31.7260684967041,119.74977111816406,68.96768188476562
2022-05-19,79.32806396484375,57.73845291137695,37.99893569946289,68.27333068847656,51.06372833251953,88.5553207397461,126.66808319091797,84.72586822509766,81.90103149414062,168.05572509765625,230.03610229492188,98.18933868408203,74.5164566040039,328.49627685546875,220.83116149902344,161.3353729248047,80.10516357421875,137.56260681152344,38.052040100097656,55.46009826660156,35.38092803955078,30.744953155517578,85.20182800292969,63.398616790771484,63.35551834106445,36.43925094604492,31.659685134887695,120.01184844970703,69.01596069335938
2022-05-20,79.51863861083984,57.09430694580078,38.176536560058594,68.29204559326172,51.68458938598633,88.09380340576172,125.88514709472656,85.37372589111328,81.85175323486328,167.35711669921875,226.43304443359375,98.62555694580078,74.46110534667969,329.0321044921875,223.49461364746094,159.81861877441406,80.61524963378906,137.78329467773438,37.959922790527344,55.60386276245117,35.533016204833984,30.689016342163086,84.28141784667969,63.53919982910156,63.4902229309082,36.86579132080078,31.748205184936523,121.47196960449219,67.8133773803711
2022-05-23,80.41709899902344,57.660377502441406,39.180023193359375,70.34220123291016,52.09596633911133,89.9206771850586,128.2246551513672,86.41752624511719,83.39945983886719,170.44961547851562,227.58253479003906,101.43495178222656,76.65603637695312,335.9971923828125,225.25457763671875,162.1600799560547,81.55035400390625,139.38970947265625,38.65537643432617,56.43762969970703,36.47164535522461,31.686506271362305,85.66201782226562,64.99848937988281,64.80133819580078,37.34457778930664,32.1287841796875,122.53897857666016,68.32051849365234
2022-05-24,81.89639282226562,56.17689895629883,39.27770233154297,70.10816192626953,52.15310287475586,89.15145874023438,127.1434326171875,87.24531555175781,81.2701187133789,169.53671264648438,221.149169921875,101.75775909423828,76.4162368774414,329.49969482421875,225.23570251464844,161.58177185058594,82.23892974853516,141.91415405273438,38.434303283691406,54.434661865234375,36.61070251464844,31.62125015258789,85.61508178710938,64.03372955322266,65.86100769042969,37.779823303222656,32.770477294921875,122.90402221679688,66.5625
2022-05-25,81.8691635131836,57.60182189941406,40.130218505859375,70.73538208007812,52.13785934448242,89.89183044433594,128.36448669433594,87.86620330810547,82.43336486816406,170.60794067382812,228.33595275878906,104.05240631103516,77.13556671142578,334.22418212890625,225.44281005859375,162.74781799316406,82.93601989746094,142.02008056640625,38.604713439941406,55.163021087646484,37.36680603027344,31.872957229614258,86.11283874511719,64.78032684326172,65.87896728515625,37.988739013671875,32.74834442138672,122.8666000366211,68.44124603271484
2022-05-26,82.07791137695312,60.139339447021484,40.61863708496094,72.44854736328125,52.412109375,91.85332489013672,130.8810577392578,87.9471664428711,84.57257080078125,174.1382293701172,239.22247314453125,105.43092346191406,78.99848937988281,342.6990661621094,226.70394897460938,166.2268829345703,83.03802490234375,142.38194274902344,39.3139762878418,56.50471115112305,37.779624938964844,32.609405517578125,87.85969543457031,66.33655548095703,66.57943725585938,37.94522476196289,32.84128189086914,123.39071655273438,71.79786682128906
2022-05-27,83.48460388183594,61.905853271484375,41.46226119995117,73.71234130859375,53.36055374145508,94.04553985595703,134.0780029296875,90.30467224121094,87.65816497802734,178.3112030029297,246.83425903320312,107.49871826171875,80.42796325683594,354.6419982910156,230.85438537597656,169.90499877929688,85.2652816772461,144.5797576904297,40.235111236572266,57.712249755859375,38.470558166503906,33.1594352722168,89.66291046142578,68.58123779296875,67.35172271728516,39.015933990478516,33.354637145996094,125.44055938720703,74.26099395751953
2022-05-31,82.28661346435547,62.07175827026367,40.7873649597168,73.42213439941406,52.60066223144531,93.28595733642578,132.03677368164062,89.20690155029297,87.05682373046875,175.28390502929688,247.5491180419922,105.77992248535156,80.12360382080078,351.75848388671875,227.55096435546875,168.46409606933594,84.21965026855469,142.73500061035156,39.62255859375,57.67390823364258,37.89262008666992,33.066200256347656,88.93973541259766,68.09156036376953,66.87576293945312,38.4936408996582,32.89439010620117,123.76512908935547,74.63772583007812
2022-06-01,82.232177734375,61.28123092651367,41.51554489135742,72.20514678955078,51.78744125366211,92.55522155761719,130.8717041015625,88.41507720947266,86.79065704345703,173.87741088867188,245.44329833984375,107.79535675048828,78.81404876708984,350.4045104980469,223.9934539794922,167.48768615722656,83.52259826660156,142.45252990722656,39.226478576660156,57.01264953613281,38.50967788696289,32.53483963012695,88.39502716064453,67.887939453125,66.00470733642578,38.07579803466797,32.84128189086914,121.98674011230469,73.86013793945312
2022-06-02,82.79486846923828,63.09653854370117,41.50666427612305,73.40341186523438,52.29213333129883,94.65130615234375,134.26441955566406,89.69281005859375,89.43262481689453,178.53472900390625,253.0358123779297,107.56851959228516,80.08673858642578,360.0386657714844,226.58155822753906,171.1089324951172,84.67022705078125,143.4676055908203,40.30880355834961,58.402259826660156,38.38800048828125,32.98230743408203,90.08553314208984,69.53144836425781,66.96556854248047,38.65032958984375,33.06255340576172,122.9508285522461,76.12042236328125
2022-06-03,82.53166961669922,61.69113540649414,42.03061294555664,72.27066802978516,51.71125793457031,93.98787689208984,132.6053466796875,88.49606323242188,87.03712463378906,176.746337890625,246.4575958251953,108.93831634521484,78.95237731933594,350.8915100097656,224.24752807617188,170.3505859375,83.53958892822266,142.81446838378906,39.91732406616211,57.137229919433594,38.89643096923828,32.50687026977539,89.73802947998047,67.86857604980469,66.29206848144531,38.162845611572266,32.903236389160156,121.50940704345703,73.8939437866211
2022-06-06,82.71317291259766,62.03272247314453,42.03061294555664,72.59832763671875,51.69791793823242,94.47824096679688,133.81704711914062,88.19012451171875,87.21453094482422,178.4508819580078,248.93051147460938,109.00811004638672,79.22906494140625,351.0961608886719,223.96519470214844,171.30799865722656,83.27603912353516,143.5735321044922,40.29499435424805,57.42473602294922,38.85296630859375,32.600093841552734,90.11370849609375,67.8733901977539,66.3189926147461,38.0496826171875,33.04927062988281,121.52813720703125,74.63289642333984
2022-06-07,83.2758560180664,62.08151626586914,43.36265563964844,73.11320495605469,52.37784194946289,95.53591918945312,135.15919494628906,89.36888885498047,88.27921295166016,180.0809783935547,248.55372619628906,112.54170227050781,79.83773040771484,355.7621765136719,227.11805725097656,173.49783325195312,84.42369079589844,144.42971801757812,40.585140228271484,57.836822509765625,40.013214111328125,32.85179138183594,91.32524108886719,68.68302917480469,66.66922760009766,38.4936408996582,33.24842834472656,123.10994720458984,74.4493408203125
2022-06-08,81.6604232788086,61.67161178588867,43.31825256347656,71.8306884765625,52.036930084228516,94.05516815185547,131.95294189453125,87.31729888916016,87.47087097167969,175.9359588623047,246.83425903320312,112.41954040527344,78.44515991210938,351.9338684082031,225.51808166503906,170.2462921142578,82.47695922851562,141.73760986328125,39.742305755615234,57.68349838256836,40.10013198852539,32.2738037109375,89.67230987548828,67.90733337402344,65.8520278930664,37.57090759277344,32.59788513183594,122.13653564453125,74.00985717773438
2022-06-09,79.69674682617188,60.42346954345703,42.31036376953125,70.0209732055664,50.82853698730469,91.85797119140625,128.4146270751953,85.38035583496094,85.04960632324219,171.43695068359375,242.01409912109375,109.8631591796875,76.46236419677734,342.0367126464844,220.1817626953125,167.07057189941406,80.52172088623047,138.4188232421875,38.80275344848633,55.91053009033203,39.21364212036133,31.462772369384766,87.90666198730469,66.09415435791016,64.86421203613281,36.7091064453125,31.814577102661133,119.37535858154297,72.67202758789062
2022-06-10,78.98564147949219,58.22429656982422,41.58595275878906,67.55914306640625,49.9753532409668,88.85130310058594,125.14260864257812,83.5020751953125,81.63579559326172,166.220703125,232.00662231445312,108.06584167480469,73.7140884399414,328.6131591796875,216.39834594726562,161.9040985107422,78.73650360107422,137.35076904296875,37.6144905090332,54.348419189453125,38.54878234863281,30.3254451751709,85.31453704833984,63.55375671386719,64.5857925415039,35.83860397338867,31.57117462158203,117.45661163330078,69.77423858642578
2022-06-13,75.37548828125,55.56574249267578,39.34121322631836,65.40739440917969,48.37013244628906,85.6904296875,119.25489807128906,79.3843002319336,77.64969635009766,159.17880249023438,220.81105041503906,102.21145629882812,71.29784393310547,313.1537170410156,209.48094177246094,156.4058837890625,74.80052947998047,130.9073486328125,36.145286560058594,51.78001403808594,36.536827087402344,29.421184539794922,82.75060272216797,60.737003326416016,63.19389343261719,34.115013122558594,30.119630813598633,113.89986419677734,66.5528564453125
2022-06-14,73.50660705566406,55.40935134887695,39.403812408447266,64.9281997680664,47.904415130615234,85.47842407226562,118.71112060546875,78.76121520996094,78.0739517211914,157.7722930908203,220.4536590576172,102.1329345703125,70.845947265625,314.8974304199219,207.70216369628906,155.84657287597656,74.23095703125,127.57090759277344,35.86894226074219,51.636268615722656,36.60634994506836,29.169483184814453,82.5439682006836,61.12001037597656,62.448509216308594,33.87126541137695,29.35845375061035,112.81411743164062,66.49972534179688
2022-06-15,73.98979187011719,56.80704879760742,38.652587890625,65.68928527832031,48.42166519165039,86.49991607666016,118.23297119140625,80.54016876220703,79.93873596191406,157.9492950439453,226.5972442626953,100.21348571777344,71.60218811035156,321.86248779296875,210.01736450195312,157.48658752441406,75.99066925048828,128.46237182617188,35.859737396240234,52.79587173461914,35.798095703125,29.495759963989258,83.3422622680664,62.409603118896484,62.51138687133789,34.64601135253906,29.548748016357422,113.95600128173828,68.36878967285156
2022-06-16,72.5129165649414,54.32442092895508,36.425716400146484,63.85700988769531,47.6734619140625,83.02104187011719,113.95779418945312,78.51739501953125,76.49530792236328,151.59666442871094,215.16017150878906,94.57723999023438,69.55482482910156,307.7960510253906,206.59158325195312,151.46694946289062,73.99293518066406,125.90270233154297,34.56553649902344,50.86958312988281,33.78179168701172,28.749975204467773,80.56231689453125,59.86919403076172,62.035438537597656,33.81903076171875,28.977861404418945,112.28060913085938,65.02184295654297
2022-06-17,71.88386535644531,54.94997024536133,34.5744743347168,64.101318359375,47.816619873046875,83.2908706665039,113.57339477539062,79.1585464477539,77.31426239013672,151.64321899414062,218.18362426757812,89.29871368408203,69.95137786865234,311.53668212890625,207.2504119873047,151.49539184570312,74.55400085449219,124.84346771240234,34.50566482543945,51.59792709350586,31.934955596923828,28.833881378173828,80.35569763183594,60.41702651977539,61.81093215942383,34.01926040649414,28.70791244506836,112.215087890625,65.7318115234375
2022-06-21,73.26958465576172,56.044673919677734,36.3362922668457,65.44497680664062,49.06681442260742,84.6593017578125,114.9234619140625,80.39568328857422,79.22835540771484,153.44094848632812,223.5640869140625,93.81815338134766,71.30706787109375,319.4076232910156,212.6149139404297,153.9506378173828,75.59112548828125,127.0589599609375,35.02737808227539,51.9630012512207,33.589378356933594,29.40932273864746,81.82157897949219,61.954471588134766,63.460330963134766,34.652809143066406,29.254364013671875,115.23605346679688,67.61198425292969
2022-06-22,73.9350814819336,55.976253509521484,34.89643096923828,65.28524780273438,49.780670166015625,84.35091400146484,112.7296142578125,81.5515365600586,78.92247772216797,151.59666442871094,223.3805389404297,89.647705078125,71.20561218261719,318.306884765625,215.72071838378906,153.37237548828125,76.5517578125,128.37413024902344,34.57756042480469,52.04944610595703,32.24474334716797,29.34370994567871,81.3687973022461,61.691986083984375,63.41508483886719,35.214420318603516,29.562162399291992,116.83392333984375,67.48127746582031
2022-06-23,75.59429168701172,56.875465393066406,33.66226577758789,65.16309356689453,51.002220153808594,84.34129333496094,110.36701965332031,83.14989471435547,80.32353973388672,149.59402465820312,227.20355224609375,86.29766082763672,71.00443267822266,323.8071594238281,221.17236328125,152.9907989501953,78.00611877441406,131.20834350585938,34.10452651977539,52.6931037902832,31.049528121948242,29.231252670288086,80.9537582397461,62.61553192138672,64.64556121826172,35.90765380859375,30.2580623626709,119.45634460449219,68.54142761230469
2022-06-24,76.87059020996094,58.92802429199219,34.17203140258789,67.66251373291016,51.8420524597168,87.55997467041016,115.02659606933594,84.91976928710938,83.55975341796875,155.66661071777344,235.86587524414062,87.76032257080078,73.62837982177734,335.7425231933594,224.93081665039062,158.29124450683594,79.66584014892578,133.4849853515625,35.45867919921875,54.70092010498047,31.458187103271484,30.309036254882812,83.78365325927734,64.86601257324219,65.91222381591797,36.68863296508789,30.784442901611328,121.43961334228516,71.15547943115234
2022-06-27,77.5361328125,58.341575622558594,35.16472625732422,67.3994140625,52.0462760925293,87.24197387695312,114.11717224121094,84.73017120361328,82.83949279785156,154.9075164794922,233.25265502929688,90.45657348632812,73.40585327148438,333.3125305175781,225.6484832763672,158.310302734375,79.54605865478516,134.71218872070312,35.16651916503906,54.182159423828125,32.380977630615234,30.2059383392334,83.58555603027344,64.42857360839844,65.73126983642578,36.557010650634766,31.034252166748047,121.89077758789062,70.40998077392578
2022-06-28,77.21703338623047,56.43563461303711,36.05010223388672,66.77925109863281,51.11865234375,85.70970153808594,112.86087799072266,83.72781372070312,80.12620544433594,153.16445922851562,224.37744140625,92.86206817626953,72.71046447753906,323.0068359375,221.57843017578125,156.17868041992188,78.57931518554688,134.2319793701172,34.790870666503906,52.60663604736328,33.25541687011719,29.906034469604492,82.61395263671875,62.498863220214844,64.85366821289062,36.056827545166016,30.91826820373535,119.76651000976562,67.59745025634766
2022-06-29,77.20792388916016,56.1912841796875,34.807003021240234,66.27184295654297,51.49466323852539,85.2953109741211,111.79207611083984,83.22212219238281,80.11632537841797,151.8618621826172,223.85479736328125,89.7076187133789,72.12632751464844,323.26055908203125,223.30654907226562,155.0557861328125,78.09168243408203,134.11639404296875,34.540443420410156,52.769954681396484,32.09974670410156,29.73733901977539,82.13286590576172,62.625244140625,65.26080322265625,35.828678131103516,30.940567016601562,120.80987548828125,67.5442123413086
2022-06-30,78.03753662109375,55.458221435546875,34.09153747558594,65.75507354736328,51.32861328125,84.92912292480469,110.37640380859375,83.05958557128906,78.88301849365234,150.13755798339844,220.14793395996094,87.6457748413086,71.57001495361328,318.68359375,222.3905487060547,155.4364013671875,77.94623565673828,135.4859161376953,34.13234329223633,52.13590621948242,31.42303466796875,29.474929809570312,82.38755798339844,61.789215087890625,65.30604553222656,35.855003356933594,31.2840576171875,120.53727722167969,66.55184173583984
2022-07-01,79.98846435546875,56.40630340576172,34.5387077331543,66.62891387939453,51.9584846496582,85.9120864868164,110.61078643798828,84.62179565429688,78.86328125,151.0559539794922,224.19354248046875,88.72075653076172,72.54357147216797,319.63995361328125,225.22352600097656,156.9590606689453,79.34928131103516,138.92752075195312,34.37348937988281,52.66427993774414,31.893217086791992,29.877918243408203,83.1044692993164,61.93016052246094,66.24699401855469,36.495582580566406,32.05132293701172,121.89077758789062,67.77656555175781
2022-07-05,77.25350952148438,57.608516693115234,33.16144943237305,66.50674438476562,51.76951599121094,85.3531494140625,107.59190368652344,84.26962280273438,80.62940216064453,148.00086975097656,229.72000122070312,85.02882385253906,72.46013641357422,324.5293273925781,224.89305114746094,155.15090942382812,79.1268539428711,134.11639404296875,33.68250274658203,53.884334564208984,30.627674102783203,29.77482795715332,81.85932159423828,62.70786666870117,65.8217544555664,36.34640121459961,30.958417892456055,121.18584442138672,69.29176330566406
2022-07-06,78.05574798583984,57.3055305480957,32.553314208984375,66.27184295654297,52.08445358276367,85.6904296875,108.1169204711914,84.26058959960938,81.20165252685547,148.73184204101562,228.5972900390625,83.38111114501953,72.13560485839844,326.78363037109375,226.09231567382812,155.72190856933594,78.98143768310547,135.47702026367188,33.895835876464844,53.89394760131836,30.104764938354492,29.69985580444336,82.33094787597656,63.24740982055664,66.01175689697266,36.320072174072266,31.279603958129883,122.00358581542969,69.06425476074219
2022-07-07,78.0739974975586,58.63480758666992,33.84113693237305,67.24906921386719,52.399383544921875,86.75047302246094,109.80451202392578,84.40508270263672,83.25389099121094,150.63424682617188,234.58831787109375,86.73821258544922,73.22969055175781,334.05419921875,227.78269958496094,157.94866943359375,79.19529724121094,135.4325408935547,34.197265625,54.739341735839844,31.19014549255371,30.13096809387207,83.30255126953125,64.5549545288086,66.0750961303711,36.34640121459961,31.248371124267578,122.52053833007812,70.84567260742188
2022-07-08,77.80049896240234,58.50773239135742,33.87690353393555,67.0423583984375,52.512001037597656,86.41319274902344,108.76383209228516,83.98970031738281,83.33282470703125,149.06922912597656,234.2592315673828,86.70297241210938,73.01642608642578,334.28839111328125,228.52871704101562,157.34913635253906,78.77609252929688,135.02346801757812,33.863365173339844,54.47996139526367,31.176959991455078,30.065364837646484,82.92525482177734,64.5841064453125,65.95747375488281,36.17967987060547,31.145776748657227,122.88713836669922,70.85533905029297
2022-07-11,78.17427825927734,57.14915084838867,33.510231018066406,66.49732971191406,52.30777359008789,85.82534790039062,108.24818420410156,83.8271484375,81.54698181152344,148.3569793701172,228.093994140625,85.83946228027344,72.3488540649414,328.9404602050781,227.14996337890625,155.92176818847656,78.60498046875,135.69935607910156,33.77061462402344,52.82760238647461,30.87815284729004,29.821691513061523,82.36869812011719,63.694602966308594,65.86698913574219,36.17967987060547,31.342056274414062,122.5769271850586,68.9141616821289
2022-07-12,77.83698272705078,56.94388198852539,32.82160186767578,66.07452392578125,51.62063980102539,85.60370635986328,107.62940979003906,83.40274047851562,80.29391479492188,148.2351531982422,226.82615661621094,84.1388931274414,71.95943450927734,324.4317626953125,224.4208221435547,155.3888397216797,78.2969970703125,135.03237915039062,33.70568084716797,52.798770904541016,30.27614402770996,29.634246826171875,82.114013671875,62.82452392578125,65.67698669433594,35.95153045654297,31.19037628173828,121.01663970947266,68.49785614013672
2022-07-13,77.49053955078125,57.22734069824219,32.830543518066406,65.41679382324219,51.132015228271484,84.90985870361328,107.17001342773438,83.0505599975586,79.90911865234375,147.80409240722656,228.5972900390625,84.1388931274414,71.18987274169922,323.6803283691406,222.69273376464844,153.8662567138672,77.92058563232422,134.5966339111328,33.51091384887695,52.55860137939453,30.227806091308594,29.371837615966797,81.11410522460938,62.659271240234375,65.72223663330078,35.758480072021484,31.061017990112305,119.84172058105469,69.05938720703125
2022-07-14,77.5270004272461,57.061180114746094,32.258182525634766,64.1670913696289,50.98122787475586,84.36054992675781,104.66679382324219,82.23783111572266,80.21499633789062,145.15200805664062,227.7746124267578,82.62335968017578,69.86397552490234,325.85650634765625,221.84283447265625,152.81947326660156,77.21903991699219,134.49876403808594,32.89411544799805,51.8957405090332,29.656558990478516,28.809511184692383,80.65189361572266,63.23283004760742,65.77650451660156,35.40746307373047,31.061017990112305,119.49395751953125,69.00131225585938
2022-07-15,77.6819839477539,58.22429656982422,32.80371856689453,66.29063415527344,52.174163818359375,85.96026611328125,106.65437316894531,83.63751220703125,81.69497680664062,147.34487915039062,231.9169921875,84.19176483154297,72.20048522949219,331.8388671875,226.92335510253906,155.21754455566406,78.52799224853516,135.04127502441406,33.40888595581055,53.231082916259766,30.139925003051758,29.784198760986328,81.9158935546875,64.34593963623047,65.99366760253906,35.97785186767578,31.119009017944336,122.37954711914062,70.11467742919922
2022-07-18,76.71562194824219,58.410003662109375,33.510231018066406,66.02754211425781,51.103389739990234,85.43024444580078,107.32003021240234,82.96025085449219,80.92538452148438,147.85093688964844,232.6719207763672,86.01570129394531,71.94087982177734,328.84283447265625,222.17335510253906,154.5133514404297,77.9719009399414,133.30712890625,33.48772430419922,52.96209716796875,30.829818725585938,29.67173957824707,81.4254150390625,63.7237663269043,65.35128784179688,35.62684631347656,30.686304092407227,119.79471588134766,70.3179931640625
2022-07-19,77.31731414794922,60.1497917175293,34.59235763549805,68.08531951904297,51.9794807434082,88.49474334716797,110.6295166015625,85.10038757324219,83.56962585449219,152.4147491455078,240.2695770263672,88.76480102539062,74.16614532470703,338.7385559082031,226.26229858398438,160.2515869140625,79.99092864990234,134.29425048828125,34.50798797607422,54.84501647949219,31.77896499633789,30.562076568603516,84.33075714111328,65.66805267333984,66.03889465332031,36.60966491699219,30.882579803466797,121.83438110351562,72.47219848632812
2022-07-20,76.51506042480469,61.28358459472656,35.0484619140625,68.4142074584961,51.5481071472168,89.26567840576172,110.58264923095703,84.8475570678711,85.3061294555664,152.83644104003906,244.6249542236328,89.98956298828125,74.6390151977539,345.0721740722656,224.8080291748047,161.7265625,79.80269622802734,132.5511932373047,34.56827163696289,55.74805450439453,32.08656311035156,30.674537658691406,84.98160552978516,66.69365692138672,65.59556579589844,36.425384521484375,30.472179412841797,120.63127136230469,73.66302490234375
2022-07-21,76.73385620117188,62.16324996948242,34.51187515258789,68.8370361328125,52.33830642700195,90.31609344482422,111.95146942138672,85.58802795410156,86.36186218261719,154.9918670654297,249.59971618652344,88.35948944091797,75.05626678466797,350.0884094238281,228.1698455810547,162.87803649902344,80.43578338623047,132.77352905273438,35.059852600097656,55.719234466552734,31.524093627929688,30.87134552001953,85.59477233886719,67.63175964355469,65.79460906982422,36.80270767211914,30.552478790283203,122.5393295288086,75.34764862060547
2022-07-22,77.6272964477539,61.63544845581055,34.15414047241211,68.32963562011719,52.07491683959961,89.94025421142578,110.47016143798828,86.1027603149414,84.23069763183594,153.6143035888672,247.68336486816406,87.48716735839844,74.50921630859375,344.623291015625,226.7816619873047,162.09771728515625,80.8550033569336,134.47210693359375,34.80942916870117,53.78828430175781,31.264842987060547,30.69328498840332,85.32121276855469,66.69850158691406,66.22889709472656,37.08351135253906,30.971803665161133,122.03176879882812,74.91197967529297
2022-07-25,78.55716705322266,61.2542610168457,35.450904846191406,68.7618637084961,52.313499450683594,90.239013671875,111.08893585205078,86.22917938232422,83.51041412353516,154.62640380859375,245.37985229492188,90.9676284790039,75.01917266845703,342.4079284667969,227.82992553710938,162.7543487548828,80.99188232421875,136.27740478515625,34.953189849853516,53.605743408203125,32.4117317199707,30.890094757080078,85.72682189941406,66.27564239501953,66.55461120605469,37.10983657836914,31.359893798828125,122.67091369628906,74.26812744140625
2022-07-26,78.92183685302734,59.35808181762695,35.200504302978516,67.8316421508789,52.60743713378906,89.50659942626953,110.55452728271484,86.28337097167969,81.63579559326172,153.83924865722656,237.2789306640625,90.34204864501953,74.04560852050781,335.957275390625,228.84036254882812,161.80270385742188,81.07742309570312,137.0244140625,34.7166748046875,52.52979278564453,32.117313385009766,30.458980560302734,85.26461029052734,65.20140838623047,66.40081787109375,37.18004608154297,31.547250747680664,123.3006591796875,71.87675476074219
2022-07-27,79.23179626464844,61.381324768066406,36.08586883544922,68.89339447021484,52.93955612182617,91.03886413574219,112.70149993896484,87.00577545166016,85.70079040527344,155.9383544921875,246.33802795410156,92.55365753173828,75.22313690185547,350.4884948730469,230.78565979003906,164.6670684814453,81.56507110595703,137.27342224121094,35.134056091308594,54.74894714355469,32.84236526489258,30.927583694458008,86.58523559570312,68.00605010986328,66.85317993164062,37.38186264038086,31.574012756347656,124.07144165039062,74.59732055664062
2022-07-28,82.03055572509766,62.466251373291016,36.3452262878418,69.52294158935547,53.29838180541992,92.73494720458984,114.46406555175781,89.89543914794922,86.61837768554688,158.38426208496094,250.57720947265625,92.89730072021484,75.83511352539062,355.48516845703125,232.0133056640625,168.45448303222656,84.20862579345703,142.013427734375,35.75548553466797,54.12451171875,33.02692413330078,31.152509689331055,88.39636993408203,69.0413589477539,67.9207992553711,38.759552001953125,32.70707702636719,124.86097717285156,75.88014221191406
2022-07-29,82.76901245117188,64.03009796142578,37.89240646362305,70.51897430419922,53.0960693359375,94.28645324707031,116.6954116821289,90.41918182373047,87.95036315917969,160.74583435058594,260.07183837890625,96.89761352539062,76.90137481689453,361.2821044921875,231.1634063720703,171.8612518310547,84.66205596923828,143.22286987304688,36.233154296875,54.1533317565918,34.45943069458008,31.592994689941406,90.2169189453125,70.10099029541016,67.39604949951172,38.908721923828125,32.98811721801758,124.44739532470703,78.82335662841797
2022-08-01,82.75076293945312,64.3917465209961,37.08751678466797,69.93640899658203,52.672332763671875,94.30573272705078,115.55160522460938,89.66063690185547,87.82210540771484,159.49009704589844,261.5914001464844,94.82697296142578,76.38214111328125,360.63800048828125,229.30307006835938,172.17527770996094,83.97765350341797,143.2940216064453,35.94099044799805,54.07647705078125,33.7475700378418,31.330581665039062,90.31124114990234,69.95032501220703,68.23748779296875,38.5577278137207,33.0237922668457,123.52627563476562,79.21546936035156
2022-08-02,82.62313842773438,64.12784576416016,37.04280090332031,69.212890625,52.531089782714844,93.26494598388672,114.5015640258789,88.5047836303711,87.59517669677734,157.8594512939453,259.7815246582031,94.67717742919922,75.47350311279297,358.7740173339844,229.12367248535156,170.74786376953125,82.89969635009766,143.0272216796875,35.57461929321289,53.990013122558594,33.66847229003906,30.98381805419922,89.3585205078125,69.45452117919922,67.69461822509766,38.04877853393555,32.95688247680664,123.0844955444336,78.67330169677734
2022-08-03,83.17925262451172,65.52554321289062,36.10376739501953,70.28404998779297,53.048343658447266,94.46955871582031,114.5296859741211,88.78472137451172,90.13088989257812,157.81260681152344,266.2758483886719,92.08667755126953,76.6324691772461,369.17718505859375,231.41835021972656,172.27993774414062,83.1648941040039,143.87208557128906,35.611717224121094,55.28693389892578,32.701751708984375,31.45241355895996,90.19805908203125,71.30160522460938,68.13797760009766,38.20671844482422,33.162086486816406,124.2124252319336,80.59027862548828
2022-08-04,83.35247802734375,65.53531646728516,34.86960220336914,70.08673095703125,52.76777267456055,94.68156433105469,115.33597564697266,88.73956298828125,90.57488250732422,157.7938690185547,267.49530029296875,88.69432830810547,76.38214111328125,370.34832763671875,230.89898681640625,173.06980895996094,83.03655242919922,144.08554077148438,35.63491439819336,55.527099609375,31.48895263671875,31.34931755065918,90.52821350097656,71.62727355957031,67.68557739257812,38.241825103759766,33.233455657958984,123.60147094726562,80.91944885253906
2022-08-05,83.12454986572266,64.89024353027344,35.576114654541016,70.59412384033203,52.760128021240234,94.7779312133789,116.2453842163086,88.99241638183594,90.34794616699219,158.4498748779297,263.691650390625,90.55349731445312,76.95698547363281,369.7724914550781,231.2106170654297,173.44093322753906,83.26756286621094,143.40965270996094,35.76012420654297,54.84501647949219,32.1129264831543,31.574251174926758,90.6697006225586,71.4620132446289,67.5317611694336,38.36467742919922,33.11301040649414,123.55445861816406,79.5398178100586
2022-08-08,83.35247802734375,65.37892150878906,35.719200134277344,70.59412384033203,52.95481872558594,94.7201156616211,116.77041625976562,89.70579528808594,89.8052749633789,159.64004516601562,265.2981872558594,90.92356872558594,76.9291763305664,367.2059020996094,232.2305145263672,173.65977478027344,84.0118637084961,143.76536560058594,35.95954132080078,55.16204071044922,32.279903411865234,31.555505752563477,90.64139556884766,70.85441589355469,67.49557495117188,38.64547348022461,33.162086486816406,123.8458480834961,79.89801788330078
2022-08-09,84.14561462402344,64.3526611328125,36.35417556762695,70.83842468261719,52.64179229736328,94.00698852539062,116.60164642333984,90.23858642578125,88.51276397705078,158.9278106689453,260.56549072265625,92.62416076660156,77.2722396850586,362.69720458984375,230.8140106201172,172.6129913330078,84.47383880615234,145.26832580566406,35.78330993652344,54.62406539916992,32.84675979614258,31.714832305908203,90.31124114990234,70.1447525024414,67.39604949951172,38.952606201171875,33.532344818115234,123.46987915039062,78.62489318847656
2022-08-10,84.55584716796875,66.22929382324219,36.71190643310547,72.56735229492188,53.262115478515625,96.22344970703125,119.71427917480469,91.58406829833984,91.43326568603516,163.52911376953125,268.3180236816406,93.37311553955078,79.11734771728516,373.7640075683594,233.84532165527344,176.79058837890625,85.75711822509766,145.98863220214844,36.7989387512207,56.1611442565918,33.08404541015625,32.42710494995117,92.29219055175781,72.05986785888672,67.8936767578125,39.47911071777344,33.679542541503906,124.81396484375,80.84201049804688
2022-08-11,84.61053466796875,66.22929382324219,37.9371223449707,73.29087829589844,52.88419723510742,96.54146575927734,120.03305053710938,91.26802062988281,90.81167602539062,164.11952209472656,267.3695068359375,96.6949691772461,79.97038269042969,371.5975036621094,232.22103881835938,177.55191040039062,85.55179595947266,145.97975158691406,36.92414855957031,56.21878433227539,34.22214889526367,32.81135177612305,92.78269958496094,71.77793884277344,67.73081970214844,39.29483413696289,33.67509078979492,124.0056381225586,80.4305191040039
2022-08-12,85.99625396728516,67.50967407226562,38.2769660949707,74.51236724853516,53.54079055786133,97.96770477294922,122.05813598632812,92.73091888427734,92.8145751953125,167.35264587402344,273.2249755859375,97.57608795166016,81.22208404541016,379.3168640136719,235.18624877929688,180.36868286132812,87.02328491210938,148.36306762695312,37.619773864746094,57.21788787841797,34.48140335083008,33.32681655883789,94.17877960205078,73.20698547363281,68.31891632080078,39.96173858642578,34.22377395629883,125.5940933227539,82.25069427490234
2022-08-15,86.70735931396484,67.900634765625,37.59728240966797,74.57815551757812,53.80418014526367,98.42063903808594,121.54248046875,93.18241119384766,93.23883819580078,167.1839141845703,274.9187316894531,95.55831146240234,81.29627227783203,381.6103210449219,236.49887084960938,180.95864868164062,87.3740234375,149.72373962402344,37.59659957885742,57.41963195800781,33.80908966064453,33.317440032958984,94.40516662597656,73.66874694824219,68.99748992919922,40.137245178222656,34.5092658996582,126.22389221191406,82.81707000732422
2022-08-16,86.97173309326172,68.80964660644531,37.507843017578125,75.01038360595703,53.63431167602539,98.82539367675781,122.45188903808594,92.83927917480469,92.8047103881836,168.392822265625,278.4223327636719,95.46139526367188,81.78767395019531,380.2830810546875,235.34681701660156,181.6057586669922,87.1430435180664,149.9727325439453,37.80528259277344,57.534908294677734,33.72999572753906,33.561119079589844,94.82966613769531,73.46946716308594,69.77557373046875,39.979286193847656,34.60740661621094,125.88551330566406,83.73196411132812
2022-08-17,86.83499145507812,67.93975067138672,37.79403305053711,74.60633087158203,53.26593780517578,97.77497863769531,120.46431732177734,92.45098114013672,91.76872253417969,165.79698181152344,274.7348327636719,96.2015380859375,81.33334350585938,377.0821228027344,233.5148162841797,179.7882080078125,86.6211929321289,149.80377197265625,37.285884857177734,56.4205322265625,34.01123046875,33.39241027832031,94.07501220703125,72.94451904296875,69.57653045654297,39.865211486816406,34.54941177368164,125.15233612060547,82.83158111572266
2022-08-18,87.06289672851562,67.89087677001953,38.8224983215332,74.79426574707031,53.02925491333008,98.16045379638672,121.14871978759766,91.73758697509766,92.16338348388672,166.6122589111328,274.7058410644531,99.04756927490234,81.45388793945312,379.053466796875,232.4854736328125,180.46385192871094,86.0479965209961,150.28399658203125,37.40182113647461,56.33407211303711,34.92522430419922,33.429908752441406,94.45233154296875,73.32365417480469,69.81178283691406,39.59318161010742,34.67877960205078,124.59781646728516,82.807373046875
2022-08-19,86.92615509033203,66.49317932128906,38.679412841796875,73.18748474121094,53.07315444946289,96.84019470214844,118.72048950195312,90.89778137207031,90.13088989257812,163.31356811523438,268.2309265136719,98.81846618652344,79.822021484375,371.75360107421875,232.5515899658203,177.79933166503906,85.14112854003906,150.0883331298828,36.7154541015625,55.42142105102539,34.91642761230469,32.76449203491211,93.2354736328125,71.99181365966797,69.5855941772461,39.20708465576172,34.66093826293945,124.93616485595703,81.09854888916016
2022-08-22,85.75010681152344,64.60676574707031,38.63469696044922,71.64652252197266,52.395572662353516,94.7779312133789,116.8829116821289,89.00143432617188,87.53596496582031,160.5584259033203,260.4881286621094,98.70393371582031,78.07890319824219,361.5553894042969,229.43527221679688,174.22128295898438,83.28467559814453,148.0340576171875,36.131126403808594,53.836307525634766,34.850521087646484,32.04285430908203,91.46207427978516,69.98434448242188,68.8798599243164,38.3910026550293,34.188087463378906,123.3006591796875,78.84757232666016
2022-08-23,85.30339050292969,64.63609313964844,39.868865966796875,71.41160583496094,51.714168548583984,94.60446166992188,118.37360382080078,87.81848907470703,87.3386459350586,162.1890106201172,261.3397521972656,102.06103515625,77.81929016113281,360.7063293457031,226.7250213623047,174.37353515625,82.21527099609375,147.064697265625,36.488216400146484,53.375186920166016,36.107261657714844,31.91164207458496,91.63188171386719,69.79963684082031,68.581298828125,37.81184387207031,33.982879638671875,121.58061218261719,79.07024383544922
2022-08-24,85.63162231445312,65.05638122558594,40.432273864746094,71.76866149902344,51.81532669067383,94.87430572509766,118.78611755371094,88.34224700927734,87.54583740234375,162.77005004882812,262.4915466308594,103.3739013671875,78.1252670288086,361.29180908203125,227.49942016601562,175.22994995117188,82.68580627441406,147.58938598632812,36.56706237792969,53.69219970703125,36.55107879638672,32.0803337097168,91.93373107910156,69.8433837890625,68.75318908691406,38.11020278930664,34.089942932128906,121.7309799194336,79.40910339355469
2022-08-25,86.18770599365234,65.86763000488281,40.76318359375,72.84922790527344,52.391746520996094,96.40655517578125,121.74873352050781,89.70579528808594,89.38101959228516,166.70596313476562,265.8886413574219,104.06118774414062,79.34915161132812,367.8499755859375,230.06797790527344,178.04673767089844,83.91776275634766,148.61207580566406,37.39717483520508,54.739341735839844,36.832313537597656,32.57704544067383,93.33924102783203,71.0245361328125,69.06986236572266,38.698123931884766,34.29960250854492,123.0750961303711,80.35791015625
2022-08-26,84.82023620605469,63.531620025634766,40.271305084228516,70.6316909790039,50.912513732910156,92.93730926513672,118.21421813964844,87.50242614746094,85.36534881591797,161.6455078125,255.67784118652344,102.94215393066406,76.96627807617188,352.2744445800781,223.2310333251953,171.91835021972656,81.80462646484375,146.35325622558594,36.2516975402832,52.99091339111328,36.40167999267578,31.602365493774414,90.10372924804688,67.991455078125,67.35986328125,37.7153205871582,33.773216247558594,119.64433288574219,77.2984848022461
2022-08-29,85.0846176147461,63.23839569091797,40.816837310791016,70.06795501708984,50.51169204711914,92.37837219238281,117.39856719970703,86.72583770751953,84.1221694946289,160.52090454101562,254.22610473632812,104.36957550048828,76.32652282714844,347.72674560546875,221.54063415527344,171.0428924560547,81.06888580322266,146.7267303466797,35.996639251708984,52.577823638916016,36.950958251953125,31.37744140625,89.69810485839844,67.09220886230469,67.25128936767578,37.39064407348633,33.87582778930664,118.80778503417969,76.88703155517578
2022-08-30,83.89032745361328,62.62263107299805,39.41275405883789,69.70148468017578,50.12995529174805,91.34723663330078,114.41719055175781,85.46163177490234,83.31309509277344,157.51275634765625,251.32249450683594,100.6512222290039,75.96491241455078,344.2231750488281,219.7936553955078,168.739990234375,79.94815826416016,144.45013427734375,35.40767288208008,52.11669921875,35.6986083984375,31.208742141723633,88.40579986572266,66.39228820800781,66.55461120605469,36.85536193847656,33.38066482543945,118.01824951171875,76.03019714355469
2022-08-31,83.37981414794922,62.19257736206055,39.189178466796875,69.2410888671875,49.837921142578125,90.5473861694336,113.01087951660156,85.11846923828125,82.65203857421875,155.67596435546875,249.1061248779297,99.99919891357422,75.4085922241211,340.8660888671875,218.66986083984375,167.3030548095703,79.57172393798828,143.63197326660156,34.971744537353516,52.2415885925293,35.373435974121094,30.974441528320312,87.66058349609375,65.74580383300781,66.14746856689453,36.723731994628906,33.162086486816406,117.26631164550781,75.27985382080078
2022-09-01,84.43733215332031,62.563987731933594,38.2769660949707,69.41960906982422,50.57658386230469,90.5473861694336,110.99516296386719,85.27196502685547,82.01071166992188,153.34251403808594,250.15138244628906,97.48798370361328,75.52912139892578,337.8797607421875,221.7200469970703,167.14125061035156,79.7171630859375,145.55287170410156,34.51261901855469,52.721920013427734,34.503379821777344,31.068159103393555,87.78321075439453,65.42501831054688,66.5184097290039,36.85536193847656,33.639400482177734,119.19317626953125,75.9672622680664
2022-09-02,83.6168441772461,62.065513610839844,38.97453308105469,68.865234375,49.81692886352539,89.59335327148438,111.06079864501953,84.17030334472656,80.99443054199219,153.23007202148438,247.9156494140625,99.51457977294922,74.95427703857422,333.90771484375,218.547119140625,165.5330352783203,78.60498046875,144.14776611328125,34.480159759521484,51.72282028198242,35.13614273071289,30.824495315551758,86.93427276611328,64.57439422607422,65.64984130859375,36.22355270385742,33.27806091308594,117.48248291015625,75.27018737792969
2022-09-06,83.78093719482422,61.72341537475586,38.572086334228516,68.72427368164062,49.83409881591797,89.64151000976562,110.92015838623047,85.13651275634766,80.2347183227539,152.6677703857422,247.21878051757812,98.41317749023438,74.72245025634766,331.487548828125,218.3771209716797,165.85659790039062,79.31507110595703,144.2900390625,34.37348937988281,51.07917022705078,34.81097412109375,30.749515533447266,87.07574462890625,64.1466293334961,65.27888488769531,36.60087966918945,33.36282730102539,117.59528350830078,75.11529541015625
2022-09-07,86.33356475830078,63.57073211669922,38.29485321044922,70.11492919921875,50.72737121582031,91.27014923095703,113.54527282714844,86.7980728149414,81.60619354248047,156.8848876953125,254.72927856445312,97.25887298583984,76.21525573730469,336.7672119140625,222.38111877441406,168.93028259277344,80.8635482788086,148.70101928710938,35.324188232421875,52.107093811035156,34.40670394897461,31.35869026184082,88.47183227539062,65.17225646972656,66.45508575439453,37.30289077758789,34.40666198730469,119.51274108886719,77.41952514648438
2022-09-08,86.36092376708984,64.00080871582031,38.518436431884766,71.34580993652344,51.62446594238281,91.70380401611328,114.77345275878906,87.05091094970703,82.03043365478516,158.30929565429688,257.14892578125,97.83161926269531,77.45768737792969,338.797119140625,226.60227966308594,169.49171447753906,81.08598327636719,148.5942840576172,35.66736602783203,51.98220443725586,34.55610656738281,31.91164207458496,88.73594665527344,65.39584350585938,66.28318786621094,37.4081916809082,34.37990951538086,121.59001159667969,78.14080047607422
2022-09-09,86.66175079345703,65.24210357666016,39.394866943359375,72.02237701416016,52.160797119140625,93.13967895507812,117.26729583740234,87.88169860839844,84.0333480834961,161.05506896972656,262.5592346191406,100.3252182006836,78.25507354736328,346.116455078125,228.70816040039062,172.0135040283203,81.9671630859375,149.15457153320312,36.2053337097168,53.43281936645508,35.41737365722656,32.202171325683594,89.88678741455078,66.68878173828125,66.93463134765625,37.767967224121094,34.51818084716797,122.66153717041016,79.62211608886719
2022-09-12,87.41845703125,66.0240249633789,40.11032485961914,72.60493469238281,52.48719787597656,93.92990112304688,117.83919525146484,88.6402359008789,85.18773651123047,162.37643432617188,266.2370910644531,102.06103515625,78.9597396850586,351.6010437011719,230.14349365234375,173.2125701904297,82.76280975341797,150.65750122070312,36.54386520385742,53.71141052246094,36.067726135253906,32.464595794677734,90.42444610595703,67.7581558227539,67.19700622558594,38.08386993408203,34.84829330444336,123.47927856445312,80.64837646484375
2022-09-13,85.0937271118164,62.9647216796875,39.12656784057617,69.90821838378906,50.72164535522461,90.2197265625,113.49839782714844,85.36228942871094,80.34326171875,156.27572631835938,252.45486450195312,99.48815155029297,76.02054595947266,333.1856689453125,222.5038299560547,166.87481689453125,79.59738159179688,146.5844268798828,35.240718841552734,50.76214599609375,35.158119201660156,31.255605697631836,87.01914978027344,64.16122436523438,64.95318603515625,36.635982513427734,33.92043685913086,119.39994812011719,76.49006652832031
2022-09-14,85.8048095703125,63.51207733154297,40.36968231201172,69.79545593261719,50.7731819152832,89.8824462890625,111.81082916259766,84.24252319335938,80.7280502319336,154.05471801757812,255.4552001953125,102.58088684082031,75.96491241455078,334.6300048828125,222.7305145263672,166.48463439941406,78.69053649902344,147.89173889160156,34.80942916870117,50.848609924316406,36.15120315551758,31.161880493164062,86.84935760498047,64.39453887939453,64.92604064941406,36.18845748901367,34.196998596191406,119.46575164794922,77.47277069091797
2022-09-15,83.89944458007812,63.28727722167969,39.31438446044922,69.97399139404297,51.06330108642578,88.87057495117188,110.08576202392578,82.6983871459961,78.87315368652344,152.18984985351562,254.02281188964844,99.94632720947266,76.19670867919922,327.18377685546875,223.7409210205078,164.85740661621094,77.23616027832031,144.3967742919922,34.350311279296875,50.62765121459961,35.219627380371094,31.26497459411621,85.94379425048828,62.91202926635742,64.38319396972656,35.39869689941406,33.34497833251953,120.13310241699219,77.07582092285156
2022-09-16,83.57124328613281,62.5248908996582,38.46477127075195,69.2598648071289,50.855255126953125,87.16485595703125,108.73570251464844,82.6351547241211,78.21208190917969,149.5096435546875,251.44830322265625,97.611328125,75.4642105102539,324.7342224121094,222.67384338378906,161.2983856201172,77.24470520019531,143.8987579345703,33.80772018432617,50.08967590332031,34.46822738647461,30.98381805419922,84.15152740478516,62.56205368041992,64.5369873046875,35.40746307373047,33.22007751464844,119.79471588134766,76.45619201660156
2022-09-19,84.62876892089844,63.29705810546875,38.50948715209961,70.03975677490234,50.549861907958984,88.09000396728516,110.73267364501953,82.52682495117188,78.89286804199219,152.33041381835938,254.8551483154297,97.80519104003906,76.33578491210938,327.2813415527344,221.3423614501953,163.62026977539062,77.13349914550781,145.8018798828125,34.36737060546875,50.378482818603516,34.48865509033203,31.335229873657227,85.29364013671875,63.07223129272461,64.96590423583984,35.34016418457031,33.66514205932617,119.14923858642578,77.5379638671875
2022-09-20,83.45274353027344,62.20235061645508,38.19647979736328,68.95918273925781,49.94480895996094,86.97213745117188,108.56694793701172,80.51306915283203,78.2318344116211,149.0879669189453,250.2094268798828,97.05623626708984,75.26021575927734,325.2514953613281,218.96261596679688,161.4315948486328,75.25991821289062,143.73867797851562,33.71443557739258,49.59868240356445,34.24878692626953,30.873592376708984,84.23208618164062,62.701900482177734,64.61076354980469,34.410396575927734,33.17561721801758,117.75260162353516,76.22334289550781
2022-09-21,82.34963989257812,60.90239715576172,37.633056640625,67.60611724853516,49.0687141418457,85.59406280517578,106.31686401367188,79.29400634765625,77.05769348144531,145.986083984375,244.64431762695312,95.55831146240234,73.79527282714844,320.3231201171875,215.0436553955078,159.39512634277344,74.07073974609375,141.7377471923828,32.977569580078125,48.385677337646484,33.746826171875,30.232940673828125,83.11367797851562,61.72248840332031,64.36487579345703,33.90566635131836,32.72201919555664,115.7991714477539,74.41879272460938
2022-09-22,81.92117309570312,59.475372314453125,37.36475372314453,66.42218780517578,49.27867126464844,84.11000061035156,105.14492797851562,78.50837707519531,76.20916748046875,143.9712371826172,238.5564727783203,94.97676849365234,72.42301940917969,316.10723876953125,215.213623046875,156.53074645996094,73.12968444824219,141.31976318359375,32.58114242553711,48.21239471435547,33.62688446044922,29.72418785095215,81.86256408691406,61.09391403198242,64.27381896972656,33.58688735961914,32.60524368286133,116.41256713867188,72.7015380859375
2022-09-23,80.9001235961914,58.20473861694336,34.87854766845703,65.31342315673828,48.99809646606445,82.75121307373047,102.39795684814453,77.47892761230469,75.19292449951172,140.6912841796875,233.31072998046875,88.37712860107422,71.18059539794922,311.6277770996094,214.08985900878906,153.55224609375,72.15765380859375,139.43443298339844,31.914220809936523,47.27855682373047,31.308095932006836,29.25312042236328,80.32709503173828,60.294795989990234,63.18104553222656,33.17070388793945,32.22799301147461,115.81806945800781,71.0279541015625
2022-09-26,79.138427734375,57.99618148803711,33.94038009643555,64.23575592041016,48.49870681762695,81.6953125,100.5831527709961,75.38288879394531,74.58424377441406,138.44215393066406,232.53643798828125,86.06856536865234,69.9937973022461,309.597900390625,211.85179138183594,151.76318359375,70.13406372070312,136.26852416992188,31.396533966064453,46.50840377807617,30.53960609436035,28.791481018066406,79.48353576660156,59.87574005126953,63.2265739440918,32.27635955810547,31.451038360595703,114.71395111083984,70.86788177490234
2022-09-27,77.81716918945312,58.06471633911133,34.356937408447266,64.00907897949219,48.422035217285156,81.29889678955078,101.16826629638672,74.30611419677734,74.84114837646484,138.70455932617188,233.49462890625,87.19640350341797,69.68782043457031,310.7104187011719,211.67233276367188,151.45872497558594,69.20008850097656,133.74285888671875,31.466501235961914,46.25809860229492,30.881654739379883,28.66900634765625,79.2181625366211,59.95370101928711,62.133785247802734,31.851316452026367,30.92108917236328,114.36478424072266,71.09100341796875
2022-09-28,78.71636199951172,59.78805923461914,35.94167709350586,65.24636840820312,49.53159713745117,83.16504669189453,103.93338775634766,75.74789428710938,75.86881256103516,142.50242614746094,240.36795043945312,91.29821014404297,71.06963348388672,314.31427001953125,216.62083435058594,155.1248321533203,70.63563537597656,135.30625915527344,32.27798843383789,47.836936950683594,32.24982833862305,29.234283447265625,80.96214294433594,60.587154388427734,62.88050842285156,32.453453063964844,31.25342559814453,116.86553192138672,73.01200866699219
2022-09-29,75.75267791748047,57.94721984863281,35.842063903808594,64.39631652832031,49.067848205566406,81.84037780761719,102.25354766845703,73.58521270751953,73.82337188720703,140.22239685058594,232.09278869628906,91.128662109375,70.1086196899414,306.24365234375,214.5261993408203,152.05612182617188,68.56014251708984,130.04112243652344,31.802295684814453,46.672054290771484,32.24982833862305,28.866849899291992,79.55937957763672,59.00839614868164,61.84237289428711,31.550243377685547,30.00042152404785,115.88411712646484,70.48947143554688
2022-09-30,74.44058990478516,56.987640380859375,35.59756088256836,63.8012809753418,48.483367919921875,81.00879669189453,102.07425689697266,74.29698944091797,72.4992904663086,139.8361053466797,228.04739379882812,90.63793182373047,69.45547485351562,300.6871337890625,212.0240020751953,150.6031036376953,69.3298110961914,127.60137939453125,31.71834373474121,46.10405731201172,31.9921817779541,28.603055953979492,78.51678466796875,57.877933502197266,60.76779556274414,31.88673210144043,29.421072006225586,114.289306640625,69.10211944580078
2022-10-03,76.61515808105469,57.62409591674805,37.51734924316406,65.5202865600586,49.405120849609375,83.2617416381836,105.83973693847656,75.68402099609375,74.76209259033203,144.7353515625,229.22122192382812,95.59009552001953,71.29357147216797,309.8143005371094,215.98582458496094,155.20130920410156,70.56645965576172,131.3596649169922,32.74903106689453,47.39409255981445,33.80012512207031,29.375600814819336,80.88630676269531,59.671085357666016,61.81504440307617,32.480018615722656,30.28335189819336,116.63904571533203,69.17002868652344
2022-10-04,78.21170043945312,59.6999397277832,39.138301849365234,68.15544128417969,50.572181701660156,86.21086120605469,109.76567840576172,77.15315246582031,77.40039825439453,149.9737548828125,238.10760498046875,99.68566131591797,74.20466613769531,320.6632385253906,221.34091186523438,160.7745819091797,71.99333953857422,134.18508911132812,33.95229721069336,48.847774505615234,35.252708435058594,30.46847152709961,83.70130920410156,61.67376708984375,62.753021240234375,32.99360275268555,30.92558479309082,119.34742736816406,71.5858154296875
2022-10-05,76.54174041748047,59.40617752075195,39.7359733581543,67.63597869873047,50.704402923583984,86.18183135986328,108.42558288574219,75.61102294921875,77.6177978515625,148.5322723388672,236.9434356689453,101.75575256347656,73.6168441772461,321.6805725097656,221.8148193359375,160.04806518554688,70.58373260498047,131.2161407470703,33.569862365722656,48.472312927246094,35.9812126159668,30.232940673828125,83.24636840820312,61.87841796875,62.388771057128906,32.382606506347656,30.238447189331055,119.74378204345703,71.16377258300781
2022-10-06,74.02769470214844,59.13201141357422,40.3245849609375,66.71980285644531,50.13141632080078,85.22457885742188,107.34026336669922,73.4757308959961,77.17313385009766,147.07192993164062,235.31361389160156,103.43323516845703,72.6838150024414,319.2447204589844,219.2462921142578,158.3942413330078,68.62067413330078,127.02735137939453,33.21541213989258,48.21239471435547,36.620880126953125,29.808977127075195,82.28907012939453,61.37165832519531,61.47810363769531,31.320016860961914,29.241426467895508,118.21501159667969,70.65927124023438
2022-10-07,72.4219741821289,57.2813835144043,40.016685485839844,65.13301849365234,49.134925842285156,83.37776947021484,104.61288452148438,71.75108337402344,73.82337188720703,143.1336669921875,227.5041046142578,102.59449768066406,70.88304901123047,305.96002197265625,214.2418670654297,154.91452026367188,66.96894073486328,124.31851959228516,32.39459228515625,46.9127311706543,36.336585998535156,29.102386474609375,80.71571350097656,58.84759521484375,60.558349609375,30.57619857788086,28.635129928588867,115.71424102783203,68.22892761230469
2022-10-10,72.4770278930664,56.958255767822266,39.21074295043945,64.84967803955078,48.770816802978516,83.15538024902344,105.28292846679688,70.94805145263672,72.41034698486328,143.8402557373047,225.9130859375,100.48873138427734,70.62179565429688,300.43280029296875,212.45050048828125,155.37335205078125,66.33765411376953,124.5517349243164,32.46455001831055,46.787574768066406,35.590309143066406,28.97048568725586,81.00005340576172,57.85844039916992,60.77690505981445,30.23085594177246,28.684534072875977,114.98762512207031,67.80690002441406
2022-10-11,72.33023834228516,56.52742004394531,38.97529983520508,64.00907897949219,48.991207122802734,82.61390686035156,104.44302368164062,71.73282623291016,71.20481872558594,143.00177001953125,224.6131134033203,99.73919677734375,69.82868957519531,295.5415344238281,213.6258087158203,155.0005340576172,67.0121841430664,124.40821838378906,32.21270751953125,45.91151428222656,35.306007385253906,28.603055953979492,80.98109436035156,56.97161102294922,61.277767181396484,30.51421356201172,28.58123779296875,115.60099792480469,67.2538833618164
2022-10-12,70.08224487304688,56.693878173828125,39.21074295043945,63.88627624511719,48.799560546875,82.05308532714844,103.81071472167969,70.9206771850586,71.04672241210938,141.8805694580078,225.2436981201172,100.5333251953125,69.69805908203125,294.4850158691406,212.49790954589844,153.84381103515625,66.31169128417969,120.37187957763672,31.970182418823242,45.853759765625,35.590309143066406,28.537107467651367,80.34605407714844,56.79619216918945,61.60559844970703,30.106882095336914,27.629131317138672,115.03480529785156,67.42853546142578
2022-10-13,71.77052307128906,57.38909149169922,40.74113845825195,66.31365966796875,49.88612747192383,83.9772720336914,106.87786102294922,72.0795669555664,72.86488342285156,146.00726318359375,227.45559692382812,104.57536315917969,72.43187713623047,302.9176330566406,217.3601531982422,156.96983337402344,67.52239990234375,123.32291412353516,32.90761184692383,46.960880279541016,37.042877197265625,29.71476936340332,82.11847686767578,58.56010818481445,62.62553024291992,30.673599243164062,28.320755004882812,117.71485900878906,68.16590118408203
2022-10-14,70.65110778808594,55.79304885864258,39.20168685913086,65.18968963623047,49.43960952758789,82.09176635742188,103.14067077636719,70.23628234863281,70.67121887207031,141.32469177246094,219.0640106201172,100.64933013916016,71.27490997314453,294.29913330078125,215.17071533203125,153.1650848388672,65.84473419189453,121.62767028808594,31.797626495361328,46.190704345703125,35.661376953125,29.215436935424805,80.31761932373047,56.91313934326172,61.496315002441406,29.903226852416992,27.91206932067871,116.92217254638672,65.6191177368164
2022-10-17,72.17424774169922,57.643680572509766,39.66352844238281,66.82369995117188,50.29814147949219,84.17064666748047,105.64155578613281,72.82782745361328,73.07239532470703,144.8389892578125,227.9503631591797,101.98773193359375,72.99170684814453,303.6023864746094,219.2462921142578,157.0271453857422,68.32665252685547,124.17499542236328,32.59046936035156,47.46147537231445,36.1055908203125,29.950300216674805,82.07107543945312,58.6478157043457,62.161102294921875,31.01894760131836,28.495906829833984,118.80008697509766,68.28231048583984
2022-10-18,73.45880126953125,58.51513671875,39.99858474731445,67.81541442871094,50.5683479309082,85.90143585205078,107.60450744628906,73.64910125732422,73.72457122802734,147.7126007080078,231.2390899658203,102.79973602294922,74.11135864257812,306.7229919433594,220.46893310546875,160.6598663330078,69.07037353515625,126.36360168457031,33.22940444946289,47.81768035888672,36.42098617553711,30.430788040161133,84.05200958251953,59.14482879638672,62.97157669067383,31.426280975341797,29.016876220703125,119.4606704711914,69.223388671875
2022-10-19,72.6330337524414,58.01576232910156,41.04903030395508,66.74813842773438,49.77497482299805,84.94418334960938,106.22666931152344,71.81495666503906,73.37872314453125,145.6304168701172,227.75633239746094,105.67286682128906,72.91707611083984,305.2165222167969,216.8957061767578,159.08251953125,67.34944915771484,124.76699829101562,32.837650299072266,47.85619354248047,37.49597930908203,29.931455612182617,83.45487976074219,58.974300384521484,62.680171966552734,30.63818359375,28.639623641967773,117.79035186767578,68.4472427368164
2022-10-20,70.85298156738281,57.291175842285156,41.067138671875,65.53917694091797,49.38212966918945,83.70652770996094,106.2549819946289,71.47732543945312,73.60599517822266,144.7070770263672,224.0310516357422,105.72640228271484,71.61080169677734,305.3827819824219,215.0664520263672,156.0998992919922,67.05541229248047,121.67250061035156,32.599796295166016,47.971710205078125,37.531517028808594,29.45097541809082,81.815185546875,59.00839614868164,61.80594253540039,30.487651824951172,27.91655731201172,116.79004669189453,67.12291717529297
2022-10-21,72.0824966430664,58.828468322753906,42.17192459106445,67.4187240600586,50.40928268432617,85.77574157714844,110.42628479003906,71.97008514404297,75.2956771850586,149.92665100097656,230.26895141601562,108.58172607421875,73.52354431152344,313.4241027832031,219.710693359375,160.17233276367188,67.58294677734375,123.86107635498047,33.728431701660156,48.279788970947266,38.615386962890625,30.327150344848633,84.06148529052734,60.587154388427734,62.753021240234375,30.70016860961914,28.433029174804688,119.41348266601562,69.07786560058594
2022-10-24,72.66971588134766,59.18096923828125,42.289642333984375,68.2687759399414,51.34254455566406,86.71366119384766,109.40705871582031,71.91532135009766,76.21465301513672,149.34255981445312,231.3651885986328,108.87614440917969,74.4938735961914,317.12188720703125,223.26495361328125,162.36148071289062,67.57429504394531,124.80289459228516,33.53255844116211,48.61672592163086,38.79751205444336,30.732271194458008,85.1799087524414,61.42525863647461,63.88223648071289,30.682458877563477,28.67106056213379,121.71605682373047,69.36407470703125
2022-10-25,74.11943817138672,60.57139205932617,42.389259338378906,69.21329498291016,51.82545852661133,88.29940795898438,111.85133361816406,74.7806167602539,77.87471008300781,152.60243225097656,237.45758056640625,109.00108337402344,75.52024841308594,324.06756591796875,225.60604858398438,164.78009033203125,70.22917938232422,127.3681640625,34.36270523071289,49.90675735473633,38.83749771118164,31.099693298339844,86.32675170898438,62.59958267211914,64.72002410888672,31.895591735839844,29.245920181274414,122.64088439941406,71.10072326660156
2022-10-26,73.99098205566406,60.267852783203125,43.050315856933594,69.42108154296875,52.43294143676758,88.97624969482422,112.70067596435547,74.92662048339844,75.23640441894531,153.63880920410156,235.42031860351562,110.58934783935547,75.71617889404297,317.5523681640625,228.3072967529297,165.24850463867188,70.18594360351562,127.41301727294922,34.605220794677734,48.327919006347656,39.366111755371094,31.175065994262695,86.63005828857422,61.20598602294922,65.14804077148438,31.83361053466797,29.232444763183594,123.99974822998047,70.52831268310547
2022-10-27,74.4314193725586,60.0230598449707,43.24048614501953,69.98777770996094,52.12248611450195,89.55641174316406,112.28546142578125,75.06351470947266,73.54669952392578,153.21481323242188,234.32408142089844,110.93732452392578,76.35063934326172,314.265380859375,226.8192138671875,166.84500122070312,70.28971862792969,128.4803924560547,34.516605377197266,46.03666305541992,39.50825881958008,31.429441452026367,87.64421081542969,60.50918960571289,65.20268249511719,31.851316452026367,29.465980529785156,123.34864807128906,70.25666809082031
2022-10-28,76.22981262207031,60.46368408203125,43.42159652709961,71.69734954833984,52.98101043701172,91.6739730834961,112.84224700927734,76.73340606689453,76.55062103271484,154.42080688476562,234.84796142578125,111.42808532714844,78.31936645507812,326.9142761230469,230.55357360839844,170.65928649902344,71.83767700195312,131.8709259033203,34.86173629760742,47.2015380859375,39.64596939086914,32.2114143371582,89.68201446533203,63.140438079833984,66.63238525390625,32.6039924621582,30.274377822875977,125.37754821777344,70.31971740722656
2022-10-31,75.7068099975586,60.0230598449707,43.792884826660156,71.29120635986328,52.92927932739258,91.01647186279297,111.82301330566406,76.64215850830078,75.48343658447266,153.25253295898438,233.4897918701172,112.40959167480469,77.89016723632812,323.0208740234375,230.34506225585938,170.09524536132812,71.75984954833984,130.7228240966797,34.549259185791016,46.41212844848633,39.9791259765625,32.01356506347656,89.42610931396484,62.30722427368164,66.24081420898438,32.524288177490234,29.991436004638672,125.27375793457031,69.86856842041016
2022-11-01,75.89030456542969,59.68034744262695,44.164154052734375,71.63121032714844,52.95991897583008,91.05513000488281,112.44588470458984,76.49614715576172,74.63363647460938,153.70477294921875,231.20999145507812,113.45355987548828,78.21672821044922,320.5262451171875,230.52516174316406,170.35337829589844,71.73392486572266,131.2071990966797,34.63786697387695,46.11369323730469,40.36558532714844,32.098365783691406,89.3407974243164,61.78583908081055,66.03135681152344,32.47115707397461,30.10820960998535,125.3492431640625,69.16033172607422
2022-11-02,75.11038970947266,57.526180267333984,43.16804504394531,70.69615936279297,52.01708984375,88.72484588623047,109.06730651855469,74.44300079345703,71.78782653808594,149.08816528320312,222.30421447753906,110.99087524414062,77.14373779296875,308.6697692871094,226.62020874023438,166.71115112304688,69.76219940185547,129.87071228027344,33.73775100708008,44.81403350830078,39.392765045166016,31.693235397338867,87.7674331665039,59.65159606933594,64.88394165039062,31.621084213256836,29.8162899017334,123.2165298461914,66.54563903808594
2022-11-03,75.52330017089844,57.261802673339844,44.028324127197266,69.98777770996094,51.79288864135742,87.99000549316406,109.43537139892578,74.38823699951172,69.88072204589844,150.0774383544922,220.9751434326172,113.12342834472656,76.30399322509766,299.885009765625,225.6628875732422,168.0399627685547,69.66706848144531,130.37298583984375,33.9942626953125,43.716548919677734,40.12127685546875,31.372915267944336,88.68682098388672,57.89743423461914,64.66539001464844,31.603374481201172,29.946529388427734,122.69750213623047,66.14787292480469
2022-11-04,75.8260726928711,57.62409591674805,44.435821533203125,71.31008911132812,52.03242874145508,89.49838256835938,114.46546173095703,75.41938781738281,70.82933044433594,155.5608367919922,223.21617126464844,114.41722106933594,77.85284423828125,303.7784729003906,226.6107177734375,170.41073608398438,70.61835479736328,131.16232299804688,35.1742057800293,44.01498794555664,40.609901428222656,31.947614669799805,90.10852813720703,58.95479202270508,65.4303207397461,32.04612350463867,30.130664825439453,123.44300079345703,66.70088195800781
2022-11-07,74.63326263427734,57.51639175415039,45.160274505615234,71.98069763183594,52.56133270263672,90.75538635253906,115.17326354980469,75.46500396728516,72.06449890136719,156.77618408203125,222.33334350585938,116.69253540039062,78.59927368164062,308.2784729003906,228.80014038085938,172.46607971191406,70.61835479736328,128.85714721679688,35.44936752319336,44.804405212402344,41.30732345581055,32.26793670654297,91.07527923583984,59.939083099365234,66.0131607055664,32.03727340698242,29.555801391601562,124.76416778564453,66.23518371582031
2022-11-08,75.29390716552734,57.535972595214844,45.187435150146484,72.2923812866211,52.83345031738281,91.69331359863281,117.24005889892578,75.811767578125,72.78585815429688,159.3577423095703,222.197509765625,116.70146179199219,78.87918090820312,311.144775390625,229.64366149902344,173.50808715820312,70.83453369140625,129.7720184326172,36.06032180786133,44.852542877197266,41.34730529785156,32.456363677978516,91.87145233154297,60.51406478881836,66.20439147949219,32.232093811035156,29.76239013671875,125.38697814941406,66.07025146484375
2022-11-09,74.63326263427734,55.74409866333008,43.041259765625,70.99839782714844,52.28154754638672,89.9721908569336,114.56929016113281,75.06351470947266,71.06649017333984,156.24859619140625,215.426025390625,110.73210906982422,77.50762939453125,302.85894775390625,226.9803924560547,170.8026580810547,70.10811614990234,128.7584991455078,35.47734832763672,44.246028900146484,39.326133728027344,31.909931182861328,90.59190368652344,58.940181732177734,65.48497772216797,31.877878189086914,29.528854370117188,124.03751373291016,64.0522689819336
2022-11-10,78.01901245117188,59.445343017578125,44.091705322265625,74.71975708007812,53.716888427734375,94.90348052978516,121.02442932128906,80.52946472167969,77.35099792480469,164.81288146972656,231.6950225830078,113.31970977783203,81.5570068359375,328.5185852050781,233.66236877441406,178.9092559814453,75.23628997802734,134.81297302246094,37.4407958984375,46.9223747253418,40.20122528076172,33.52097702026367,94.39265441894531,63.78363037109375,67.02397155761719,34.32184600830078,30.92108917236328,127.18942260742188,68.73345184326172
2022-11-11,77.12899780273438,60.992431640625,45.31422424316406,75.30532836914062,53.18031311035156,95.36760711669922,123.03458404541016,80.33784484863281,79.26798248291016,167.00811767578125,237.51580810546875,116.63899993896484,82.07018280029297,335.21966552734375,231.64353942871094,178.92837524414062,75.22763061523438,133.4047393798828,37.89318084716797,48.15462875366211,41.369510650634766,33.794189453125,94.33576965332031,64.87512969970703,66.95112609863281,34.30414581298828,30.575279235839844,125.6323471069336,70.38278198242188
2022-11-14,76.26651763916016,60.14055633544922,45.16933059692383,73.98303985595703,53.174560546875,94.7004623413086,123.12895965576172,78.49456024169922,78.43795013427734,166.8667755126953,233.56736755371094,116.24639892578125,80.69861602783203,332.0207214355469,231.32130432128906,177.69522094726562,73.3943099975586,131.8709259033203,37.84188461303711,47.96208953857422,41.356178283691406,33.31370544433594,93.75760650634766,64.31964874267578,66.42295837402344,33.3920783996582,30.21150016784668,125.7455825805664,69.26705169677734
2022-11-15,76.9822006225586,61.207855224609375,45.730770111083984,74.24749755859375,53.21479797363281,95.54165649414062,122.60987854003906,79.39796447753906,79.8707504272461,166.7066650390625,237.0307159423828,117.67405700683594,80.91322326660156,336.8142395019531,231.50140380859375,179.27255249023438,74.18990325927734,133.2791290283203,37.785911560058594,48.67449951171875,41.79151916503906,33.38907241821289,94.40211486816406,65.09928131103516,66.97844696044922,33.80826187133789,30.543846130371094,125.58515930175781,70.2129898071289
2022-11-16,77.68870544433594,60.36577606201172,44.80710220336914,73.75635528564453,53.11707305908203,94.7004623413086,121.35472869873047,78.67707824707031,78.3490219116211,165.03900146484375,233.15992736816406,115.2827377319336,80.36273193359375,331.0718994140625,230.7431640625,177.69522094726562,73.51537322998047,134.3824005126953,37.417476654052734,48.193138122558594,40.93863296508789,33.22890853881836,93.71968841552734,64.20758056640625,67.30628967285156,33.569175720214844,30.817798614501953,125.52853393554688,69.14092254638672
2022-11-17,76.4592056274414,59.69013595581055,44.92483139038086,73.33132934570312,53.046165466308594,94.25566101074219,120.08067321777344,78.04742431640625,78.17115783691406,163.63516235351562,230.50180053710938,115.3719711303711,79.84954071044922,330.8859558105469,230.29766845703125,177.20767211914062,73.01378631591797,132.07720947265625,37.05836486816406,47.827308654785156,41.027469635009766,33.04991912841797,93.55855560302734,64.29042053222656,67.2880630493164,33.26810836791992,30.278860092163086,125.47193908691406,68.30171966552734
2022-11-18,77.9823226928711,59.80764389038086,44.58070373535156,73.8508071899414,53.6574821472168,94.80680847167969,120.56198120117188,79.01469421386719,78.0427017211914,164.7186737060547,230.8898468017578,114.4350814819336,80.40936279296875,331.2576599121094,233.00839233398438,178.4600067138672,73.93909454345703,134.8577880859375,37.305545806884766,47.682899475097656,40.70319366455078,33.32312774658203,94.2504653930664,64.36349487304688,68.00749206542969,33.69314956665039,30.92108917236328,126.9912338256836,68.39388275146484
2022-11-21,78.41356658935547,59.347434997558594,43.928714752197266,74.11526489257812,53.670894622802734,94.65210723876953,121.21318054199219,79.44358825683594,77.02493286132812,165.16148376464844,227.77574157714844,112.71295928955078,80.6612777709961,327.3153381347656,232.91360473632812,178.89016723632812,74.3282699584961,135.61122131347656,37.43146514892578,47.288185119628906,40.152374267578125,33.4267578125,94.55376434326172,63.67155456542969,68.654052734375,33.93223571777344,31.06031608581543,127.0478744506836,67.40428161621094
2022-11-22,79.05585479736328,59.97409439086914,45.38665771484375,74.82365417480469,54.08865737915039,95.7930679321289,124.2802963256836,79.84507751464844,78.46759796142578,168.9301300048828,230.8995361328125,116.49624633789062,81.51036071777344,333.1750793457031,234.97982788085938,180.1903076171875,74.73471069335938,136.78627014160156,38.28028106689453,47.990970611572266,41.40948486328125,33.765926361083984,95.28358459472656,64.90437316894531,69.15489959716797,34.1004753112793,31.325284957885742,128.15196228027344,68.16590118408203
2022-11-23,79.86328887939453,60.708473205566406,44.86144256591797,75.13533782958984,54.32436752319336,96.25718688964844,124.50679016113281,79.95459747314453,79.37667846679688,169.62734985351562,233.7226104736328,115.0775146484375,81.7902603149414,336.7359924316406,236.0034942626953,180.87857055664062,74.79525756835938,138.21240234375,38.42951965332031,48.59746551513672,40.96083068847656,33.90724563598633,95.64376068115234,65.47933959960938,69.39167022705078,34.15361022949219,31.675586700439453,128.6615447998047,69.15062713623047
2022-11-25,80.27616882324219,60.65952682495117,44.79804992675781,75.50369262695312,54.613731384277344,96.69231414794922,124.18590545654297,80.48384094238281,78.75415802001953,169.5425567626953,233.96514892578125,114.89012908935547,82.1541519165039,334.6229248046875,237.396728515625,181.5572967529297,75.2708740234375,139.1183319091797,38.41552734375,48.327919006347656,40.80979919433594,34.02030563354492,96.01339721679688,65.09928131103516,69.43720245361328,34.35727310180664,31.859731674194336,129.4259490966797,69.1894302368164
2022-11-28,79.54214477539062,60.11119079589844,43.52121353149414,74.14361572265625,54.220882415771484,94.94216918945312,121.27922058105469,78.26642608642578,77.04467010498047,165.5666046142578,232.03460693359375,111.64224243164062,80.6612777709961,327.55010986328125,235.38739013671875,178.1062774658203,73.25594329833984,137.54869079589844,37.55738830566406,47.55774688720703,39.690391540527344,33.436180114746094,94.26941680908203,63.70567321777344,69.17310333251953,33.3920783996582,31.531879425048828,128.45396423339844,68.76256561279297
2022-11-29,79.02832794189453,60.0230598449707,44.05548858642578,74.53084564208984,54.06949234008789,95.08722686767578,121.97758483886719,79.57132720947266,76.31346893310547,166.32974243164062,231.27789306640625,113.14126586914062,81.22112274169922,324.51751708984375,234.8281707763672,179.0526580810547,74.46662902832031,136.54409790039062,37.683319091796875,47.57699966430664,40.290077209472656,33.6340217590332,94.84757995605469,63.08198165893555,68.90902709960938,33.949947357177734,31.29834747314453,128.13308715820312,68.54425048828125
2022-11-30,80.96434020996094,61.94222640991211,44.435821533203125,75.91927337646484,55.5086669921875,97.30147552490234,124.80878448486328,81.3689956665039,80.45375061035156,170.3245391845703,239.11648559570312,113.88185119628906,82.66732788085938,340.3751220703125,241.07423400878906,182.38900756835938,76.17024993896484,139.92564392089844,38.59275436401367,49.58906555175781,40.489967346191406,34.2087287902832,96.41149139404297,66.24923706054688,70.293212890625,34.746891021728516,32.07979965209961,131.19061279296875,70.90668487548828
2022-12-01,80.9093017578125,61.883480072021484,44.17321014404297,75.46591186523438,55.71562576293945,97.54320526123047,124.98810577392578,81.26860046386719,80.75018310546875,170.50357055664062,239.12620544433594,113.24832153320312,82.07018280029297,341.578369140625,241.9177703857422,182.31253051757812,76.00594329833984,139.5399169921875,38.63938903808594,49.87787628173828,40.35670852661133,34.0108757019043,96.43991088867188,66.34181213378906,69.97450256347656,34.676048278808594,32.0528450012207,131.56808471679688,70.89697265625
2022-12-02,80.65238952636719,61.883480072021484,43.992103576660156,75.14478302001953,55.79994583129883,97.86226654052734,126.3470687866211,81.01311492919922,80.16718292236328,172.6234130859375,238.6217498779297,112.6772689819336,81.77159881591797,339.6609191894531,242.60020446777344,183.29718017578125,75.78108978271484,138.92999267578125,39.06379318237305,50.00302505493164,40.11682891845703,33.8507194519043,96.98963928222656,65.95687103271484,70.293212890625,34.50780487060547,31.900142669677734,131.9078369140625,70.80481719970703
2022-12-05,80.20277404785156,60.34617614746094,42.688079833984375,73.05743408203125,55.23079299926758,96.0347900390625,123.90280151367188,79.56221008300781,78.69487762451172,169.03378295898438,231.8017578125,109.02783966064453,79.50433349609375,333.1947326660156,239.7852020263672,180.07554626464844,74.39746856689453,138.0240478515625,38.28959655761719,49.21360778808594,38.92634201049805,33.01222229003906,95.36888885498047,64.86051177978516,69.40988159179688,33.923377990722656,31.720500946044922,130.64329528808594,68.76256561279297
2022-12-06,80.43217468261719,59.35722351074219,41.447471618652344,72.48129272460938,54.719139099121094,94.59408569335938,122.97795104980469,78.8139419555664,76.87671661376953,167.7618408203125,227.940673828125,106.1011734008789,78.83252716064453,325.95556640625,237.4630889892578,177.8099365234375,73.69696807861328,138.8582305908203,37.94915008544922,47.798431396484375,37.900211334228516,32.72016143798828,94.2409896850586,63.47179412841797,68.98188018798828,33.666587829589844,31.918115615844727,129.65243530273438,67.69048309326172
2022-12-07,80.07433319091797,59.01451110839844,41.39314270019531,72.07514190673828,55.228885650634766,94.59408569335938,122.7797622680664,78.96907043457031,76.34310913085938,167.30960083007812,226.73770141601562,105.80670166015625,78.5059585571289,324.46856689453125,239.22601318359375,177.55181884765625,73.84397888183594,138.33798217773438,37.86520004272461,47.55774688720703,37.81136703491211,32.588260650634766,94.11776733398438,63.15018844604492,69.2732925415039,33.737422943115234,31.76990509033203,130.71881103515625,67.28299713134766
2022-12-08,80.5330810546875,59.543270111083984,41.13051986694336,72.30181884765625,55.702213287353516,95.28060150146484,123.49700164794922,79.57132720947266,77.5881576538086,168.33653259277344,229.2891387939453,105.18211364746094,78.60859680175781,330.12298583984375,241.60499572753906,178.5938262939453,74.36286163330078,139.1542205810547,38.1450309753418,47.46147537231445,37.6425666809082,32.61652374267578,94.6769790649414,64.18321228027344,69.64667510986328,33.98536682128906,31.976499557495117,131.8983612060547,67.93302917480469
2022-12-09,80.19361114501953,59.22993087768555,40.26118850708008,71.96179962158203,55.01423645019531,94.5747299194336,122.0342025756836,79.47095489501953,77.17313385009766,166.5087890625,227.62051391601562,102.853271484375,78.32868194580078,328.1175842285156,238.23081970214844,177.07383728027344,74.2244873046875,138.51736450195312,37.76726150512695,47.596256256103516,36.72748565673828,32.53173828125,93.89976501464844,63.78851318359375,69.10935974121094,33.91452407836914,31.810327529907227,130.20919799804688,67.63711547851562
2022-12-12,81.80850219726562,59.6607666015625,41.239200592041016,72.8968734741211,55.58340072631836,96.29586029052734,123.25164031982422,80.05499267578125,78.64546203613281,167.86549377441406,228.63912963867188,105.51226043701172,79.31771087646484,335.3174133300781,240.95098876953125,179.82701110839844,74.79525756835938,141.3966522216797,38.093719482421875,47.971710205078125,37.69143295288086,32.965110778808594,95.51106262207031,65.18211364746094,69.83788299560547,34.1978759765625,32.537879943847656,131.59640502929688,67.80690002441406
2022-12-13,82.08002471923828,59.73627471923828,42.02877426147461,73.11334228515625,55.84648513793945,96.81735229492188,124.67208862304688,81.55026245117188,79.97893524169922,170.03245544433594,229.0659942626953,107.5020523071289,79.48566436767578,339.3185729980469,242.0599365234375,180.8021240234375,76.17890930175781,141.86305236816406,38.6207275390625,48.780391693115234,38.4066047668457,33.04991912841797,95.8712387084961,65.95199584960938,69.73773193359375,34.95055389404297,32.636680603027344,132.002197265625,67.80690002441406
2022-12-14,82.0338363647461,59.422447204589844,41.81858444213867,72.1258544921875,55.948333740234375,96.41995239257812,123.41010284423828,80.99781036376953,79.38495635986328,168.15756225585938,227.8533477783203,106.87744903564453,78.44065856933594,336.784912109375,242.45797729492188,180.47705078125,75.66002655029297,141.728515625,38.20565414428711,48.14500045776367,38.17118453979492,32.63536834716797,95.69115447998047,65.3965072631836,69.69219207763672,34.614070892333984,32.59626770019531,132.20982360839844,67.30241394042969
2022-12-15,80.89781951904297,58.000389099121094,41.55356979370117,70.79650115966797,54.924068450927734,93.73486328125,119.3678970336914,79.83767700195312,76.29627990722656,162.99252319335938,223.5640106201172,106.33683013916016,76.9151382446289,324.0274353027344,237.7388153076172,175.79812622070312,74.64823913574219,139.8621826171875,37.039703369140625,46.267723083496094,37.94019317626953,31.99472427368164,93.37848663330078,62.95041275024414,68.50833892822266,34.21559143066406,32.20104217529297,129.7845458984375,66.1963882446289
2022-12-16,79.57708740234375,57.127540588378906,40.968692779541016,70.18879699707031,54.17460632324219,92.93033599853516,119.149658203125,77.82122802734375,75.50431060791016,162.3295135498047,219.59474182128906,104.95594787597656,76.2101821899414,319.7906188964844,234.6466064453125,174.857177734375,72.71975708007812,137.52133178710938,36.88114929199219,46.25809860229492,37.47376251220703,31.749774932861328,92.98040771484375,62.1171875,68.17140197753906,33.20612716674805,31.65314292907715,127.89718627929688,64.95938873291016
2022-12-19,79.12451171875,56.18604278564453,40.92300033569336,70.01789855957031,53.90748977661133,92.1354751586914,117.70738220214844,76.90050506591797,74.29656982421875,160.38780212402344,216.03402709960938,104.74835968017578,76.0033950805664,315.18115234375,233.52391052246094,173.64735412597656,71.79443359375,137.0333251953125,36.401885986328125,45.17527389526367,37.46928024291992,31.66444969177246,92.49090576171875,61.288883209228516,68.12828826904297,32.81298065185547,31.52726173400879,127.41958618164062,63.916500091552734
2022-12-20,79.14300537109375,55.862396240234375,41.49873352050781,70.22679901123047,53.93824005126953,92.4456558227539,118.88397979736328,76.68872833251953,74.46485137939453,161.61912536621094,213.8937530517578,106.34586334228516,76.3323745727539,315.8774719238281,233.80935668945312,173.94500732421875,71.61284637451172,137.13270568847656,36.64127731323242,45.48410415649414,38.03474807739258,31.797170639038086,92.60515594482422,61.38173294067383,68.07327270507812,32.741336822509766,31.53631591796875,127.39115905761719,63.17225646972656
2022-12-21,80.22360229492188,56.7352409362793,42.33949279785156,71.48967742919922,54.68770217895508,93.9481201171875,120.02262878417969,77.48057556152344,75.71220397949219,163.40928649902344,217.2987518310547,108.47584533691406,77.62947845458984,320.87921142578125,236.80642700195312,177.08477783203125,72.2268295288086,139.0487518310547,36.96046447753906,46.08245086669922,38.75729751586914,32.2901496887207,94.34794616699219,62.39815902709961,68.75198364257812,33.07268142700195,31.97551727294922,129.06838989257812,64.17914581298828
2022-12-22,79.63249969482422,55.568180084228516,41.26112747192383,70.77751922607422,54.5800895690918,92.70738220214844,118.93142700195312,77.16751861572266,73.6233901977539,161.69491577148438,212.1133575439453,105.76822662353516,76.8681411743164,312.9253845214844,236.5780792236328,174.6171417236328,71.92340087890625,138.1178436279297,36.60373306274414,45.686763763427734,37.86421203613281,32.0057373046875,93.14800262451172,60.824649810791016,68.5960693359375,32.9114875793457,31.780824661254883,128.88833618164062,62.53017044067383
2022-12-23,80.50990295410156,55.93104934692383,42.51313400268555,71.21430206298828,54.55702209472656,93.28897857666016,119.71897888183594,77.8304443359375,73.72239685058594,162.94517517089844,213.5045928955078,109.25202178955078,77.38510131835938,313.0431213378906,236.30210876464844,175.5485076904297,72.56360626220703,139.4826202392578,36.85720443725586,46.130699157714844,39.07144546508789,32.18586349487305,93.70036315917969,60.888179779052734,68.9537582397461,33.20701217651367,32.10682678222656,128.96412658691406,62.958229064941406
2022-12-27,80.94398498535156,55.25434112548828,42.851253509521484,71.17631530761719,54.384071350097656,93.5604019165039,120.01314544677734,77.77520751953125,72.86109924316406,163.15357971191406,210.4400634765625,110.35310363769531,77.30050659179688,309.983154296875,235.16038513183594,175.9901885986328,72.53730010986328,140.29598999023438,36.890052795410156,45.71571350097656,39.48881912231445,32.17638397216797,93.98607635498047,60.31153869628906,69.283935546875,33.18015670776367,32.30604553222656,128.6324920654297,61.936729431152344
2022-12-28,80.11275482177734,54.61686706542969,41.80945587158203,70.79650115966797,54.0496940612793,92.42626190185547,117.98253631591797,76.45853424072266,71.67317199707031,160.5109100341797,208.1441192626953,107.5281753540039,76.81173706054688,305.1089172363281,233.86643981933594,173.5513458251953,71.30070495605469,139.0577850341797,36.326786041259766,45.0498161315918,38.60470962524414,32.062625885009766,92.7575454711914,59.33909606933594,68.42179107666016,32.65178298950195,31.998153686523438,127.79859924316406,61.416255950927734
2022-12-29,80.703857421875,55.90163040161133,42.21155548095703,71.92644500732422,54.69154357910156,93.86088562011719,119.27301788330078,78.16191101074219,73.78178405761719,162.34844970703125,213.5337677001953,108.77367401123047,78.0336685180664,313.4255676269531,236.7397918701172,176.19183349609375,72.8617935180664,140.14231872558594,36.72107696533203,46.29476547241211,39.00862121582031,32.50819778442383,93.90035247802734,60.89306640625,68.71528625488281,33.377174377441406,32.22907638549805,129.19154357910156,62.99713134765625
2022-12-30,79.92805480957031,55.862396240234375,42.485713958740234,71.66058349609375,54.52051544189453,93.50224304199219,118.39056396484375,77.51740264892578,73.74220275878906,161.21180725097656,213.07655334472656,109.45960235595703,77.76107788085938,313.25885009765625,236.00718688964844,175.3660430908203,72.33557891845703,138.60589599609375,36.46290969848633,46.31406021118164,39.25545883178711,32.4228630065918,93.52894592285156,60.80998611450195,68.37592315673828,33.07268142700195,31.921180725097656,128.72723388671875,62.82689666748047
2023-01-03,79.89111328125,55.67606735229492,40.82247543334961,71.8979721069336,54.287986755371094,93.79304504394531,118.10590362548828,77.65550994873047,73.2076187133789,161.11712646484375,211.87991333007812,105.118408203125,78.00545501708984,310.2578125,235.03671264648438,175.78854370117188,72.40574645996094,138.6330108642578,36.42536163330078,46.91242218017578,37.8776741027832,32.53664016723633,93.72894287109375,60.23336410522461,68.11912536621094,33.19807052612305,31.921180725097656,128.357666015625,62.452335357666016
2023-01-04,80.63922119140625,56.75486373901367,40.92300033569336,73.0184097290039,54.49937057495117,94.93687438964844,120.22188568115234,79.32205200195312,73.435302734375,163.98709106445312,215.3238525390625,105.30793762207031,79.18038177490234,311.6013488769531,236.06423950195312,177.44003295898438,74.04574584960938,139.99771118164062,37.059043884277344,47.7906379699707,37.87318801879883,33.05805969238281,94.5574722290039,60.38973617553711,68.3851089477539,33.95928192138672,32.210968017578125,128.69882202148438,63.35709762573242
2023-01-05,78.8289566040039,56.421417236328125,41.58098602294922,72.42969512939453,54.04584884643555,93.69610595703125,119.08324432373047,77.204345703125,71.81175994873047,161.6285858154297,213.5727081298828,107.06787872314453,78.51303100585938,305.14813232421875,233.92352294921875,175.4813232421875,72.05494689941406,136.91580200195312,36.47229766845703,47.85818862915039,38.564327239990234,32.81156539916992,93.53846740722656,59.21693420410156,67.69721984863281,32.96522521972656,31.51367950439453,127.3816909790039,62.768516540527344
2023-01-06,80.47296142578125,57.77482223510742,42.29380416870117,74.11035919189453,54.49360656738281,96.2551498413086,123.30571746826172,79.3772964477539,73.72239685058594,166.99916076660156,218.41754150390625,108.8819808959961,80.41169738769531,313.87664794921875,235.89300537109375,180.1669464111328,73.99313354492188,139.70852661132812,37.7255973815918,48.63990783691406,39.29584503173828,33.54155349731445,96.10025787353516,60.95170211791992,69.50405883789062,33.923458099365234,32.14757537841797,128.5566864013672,64.24237823486328
2023-01-09,80.94398498535156,57.93172836303711,42.20241165161133,73.91094970703125,53.54813766479492,96.28423309326172,124.15971374511719,79.3772964477539,74.72224426269531,167.88003540039062,219.63365173339844,108.69244384765625,80.12032318115234,317.8094787597656,232.2013702392578,179.6868438720703,74.01944732666016,140.50387573242188,37.96498107910156,48.71710205078125,39.15671920776367,33.41831588745117,95.67169952392578,61.660274505615234,68.82535552978516,33.90555191040039,32.36491012573242,126.40570831298828,64.63152313232422
2023-01-10,80.80546569824219,58.64767074584961,42.51313400268555,74.39521026611328,54.074676513671875,96.80769348144531,125.90562438964844,79.55224609375,75.24693298339844,169.77442932128906,222.60086059570312,109.5949935913086,80.74067687988281,319.8689880371094,234.53244018554688,181.1751251220703,74.18606567382812,140.7027130126953,38.34519958496094,49.4505729675293,39.434967041015625,33.6079216003418,96.19549560546875,62.04144287109375,68.733642578125,34.004058837890625,32.373958587646484,127.46697998046875,65.44385528564453
2023-01-11,81.61824035644531,59.7755126953125,42.69589614868164,75.0788803100586,54.42634963989258,97.961181640625,127.62308502197266,82.44338989257812,76.65267181396484,172.2560577392578,228.42831420898438,109.97406005859375,81.43622589111328,325.26312255859375,236.00718688964844,182.91302490234375,76.84342193603516,141.85052490234375,38.94602584838867,49.80765151977539,39.556148529052734,33.920780181884766,97.11925506591797,63.11651611328125,68.77031707763672,35.239925384521484,32.63657760620117,128.1871337890625,67.20958709716797
2023-01-12,80.9994125366211,60.06972885131836,43.545806884765625,75.39221954345703,54.284141540527344,98.53308868408203,128.50552368164062,83.33648681640625,77.19713592529297,173.41162109375,229.47900390625,112.1852798461914,81.84981536865234,327.80322265625,235.89300537109375,184.2188720703125,77.81687927246094,141.23594665527344,39.09154510498047,50.35774612426758,40.31010055541992,33.98713684082031,97.6906509399414,63.58563995361328,68.22917175292969,35.63396453857422,32.414710998535156,127.7796630859375,67.32146453857422
2023-01-13,80.74080657958984,60.452213287353516,43.63718795776367,75.8479995727539,54.522430419921875,98.4361572265625,129.49237060546875,82.87612915039062,77.58324432373047,174.44406127929688,231.726318359375,112.42893981933594,82.38557434082031,329.1860656738281,236.9110565185547,184.35328674316406,77.33454132080078,140.51290893554688,39.330936431884766,50.52180099487305,40.368446350097656,34.24310302734375,97.57635498046875,63.76643371582031,68.55018615722656,35.42798614501953,32.297000885009766,128.34823608398438,67.95382690429688
2023-01-17,80.62073516845703,60.53067398071289,43.66460037231445,75.4301986694336,54.27644729614258,97.95149993896484,127.70846557617188,82.95899963378906,77.90991973876953,172.71070861816406,231.862548828125,112.54627990722656,81.88741302490234,330.833740234375,235.97866821289062,183.10507202148438,77.55377960205078,140.2327117919922,38.9366455078125,50.048919677734375,40.45372009277344,34.01557540893555,96.7478256225586,64.05474090576172,68.5960693359375,35.43693923950195,32.2517204284668,127.75125122070312,68.00247955322266
2023-01-18,78.75508117675781,59.67744064331055,42.924373626708984,74.07238006591797,53.52507019042969,96.24545288085938,126.12387084960938,81.80805969238281,77.01895141601562,170.38064575195312,228.74935913085938,110.43434143066406,80.35530853271484,326.66552734375,232.6676025390625,180.0421142578125,76.42243957519531,136.9700164794922,38.387447357177734,49.440921783447266,39.71322250366211,33.38039016723633,94.92887115478516,63.228904724121094,66.72500610351562,34.890655517578125,31.47745132446289,125.95084381103516,67.11717987060547
2023-01-19,77.99772644042969,58.77516555786133,43.26250457763672,73.17981719970703,53.63844680786133,94.69452667236328,125.35529327392578,81.36610412597656,76.41507720947266,169.0072021484375,224.9454803466797,111.67984771728516,79.43416595458984,322.65435791015625,233.00059509277344,176.48947143554688,76.00147247314453,135.59625244140625,38.09172821044922,49.69184112548828,40.20688247680664,32.991695404052734,92.9765853881836,62.491004943847656,66.09213256835938,34.72050857543945,31.160511016845703,126.25411224365234,66.0032730102539
2023-01-20,78.45952606201172,60.2364501953125,43.810813903808594,74.40471649169922,53.96898651123047,96.4684066772461,127.8508071899414,82.37892150878906,78.81078338623047,172.36972045898438,230.4129638671875,113.12389373779297,80.81590270996094,331.6869812011719,234.56097412109375,179.23558044433594,76.90478515625,136.3554229736328,38.85683822631836,51.245609283447266,40.60630798339844,33.51311492919922,94.27175903320312,64.18180084228516,66.60577392578125,35.12350082397461,31.346147537231445,126.88896179199219,67.60360717773438
2023-01-23,78.524169921875,61.34467697143555,43.82909393310547,75.25928497314453,54.165000915527344,97.49590301513672,128.28726196289062,82.68276977539062,80.95897674560547,173.14642333984375,234.36280822753906,113.20513153076172,81.82162475585938,339.5623779296875,235.50291442871094,181.34793090820312,77.25559997558594,136.49099731445312,38.983585357666016,52.143131256103516,40.66015625,33.90181350708008,95.30027770996094,65.64292907714844,66.81672668457031,35.222007751464844,31.355205535888672,127.32483673095703,68.65914916992188
2023-01-24,78.89363098144531,61.334877014160156,43.646324157714844,75.28776550292969,53.784507751464844,97.73824310302734,128.5719451904297,82.9313735961914,80.65210723876953,173.09906005859375,233.62339782714844,112.82606506347656,81.73701477050781,338.9935607910156,233.90447998046875,182.25051879882812,77.44853210449219,137.1597900390625,39.00705337524414,51.99837875366211,40.50308609008789,33.920780181884766,95.9288330078125,65.61361694335938,67.09187316894531,35.37425231933594,31.51367950439453,126.48151397705078,68.58133697509766
2023-01-25,77.99772644042969,61.6977424621582,43.527523040771484,75.76251983642578,53.82486343383789,97.36988067626953,129.1507568359375,82.83929443359375,80.25613403320312,173.47792053222656,234.92703247070312,112.75386047363281,82.29158020019531,338.2776184082031,234.2089385986328,181.5976104736328,77.4836196899414,135.49684143066406,39.08684158325195,52.181739807128906,40.507572174072266,34.18621826171875,95.39552307128906,65.4767837524414,67.25696563720703,35.41007614135742,31.08806800842285,126.5194320678711,68.93154907226562
2023-01-26,78.18244934082031,62.53135681152344,44.84349060058594,76.32273864746094,53.91324996948242,97.70916748046875,130.79229736328125,83.76004028320312,81.87966918945312,174.6524658203125,239.37301635742188,116.15641784667969,82.83673095703125,343.6618347167969,234.789306640625,182.53858947753906,78.35185241699219,136.02105712890625,39.27460479736328,52.99240493774414,41.786617279052734,34.36634826660156,95.91930389404297,66.52254486083984,67.01850128173828,35.81306838989258,31.192203521728516,126.75631713867188,70.34217834472656
2023-01-27,78.18244934082031,63.51209259033203,44.04842758178711,76.21829986572266,53.575035095214844,98.41677856445312,130.33685302734375,84.61632537841797,82.38455200195312,174.3114776611328,244.7238006591797,114.06253051757812,83.01532745361328,345.2408142089844,233.35263061523438,183.46034240722656,79.2288589477539,135.9939422607422,39.14786911010742,53.35913848876953,40.942893981933594,34.36634826660156,96.31929016113281,66.80107116699219,66.82589721679688,36.13547134399414,31.192203521728516,125.8940200805664,71.93766784667969
2023-01-30,77.89612579345703,62.511749267578125,43.0797233581543,75.7815170288086,53.06386947631836,97.4571304321289,129.1602325439453,83.603515625,80.58282470703125,172.9569549560547,240.87120056152344,111.49031829833984,82.57356262207031,338.4934387207031,230.9550018310547,181.49197387695312,78.22032165527344,135.24380493164062,38.880313873291016,52.51951599121094,40.00492477416992,34.195709228515625,95.37647247314453,65.52565002441406,66.90843963623047,35.696651458740234,31.05183982849121,124.7569351196289,70.71186828613281
2023-01-31,78.49646759033203,63.78670120239258,43.545806884765625,76.89246368408203,53.76144027709961,99.12440490722656,131.86451721191406,85.25164794921875,81.85985565185547,176.86883544921875,246.05661010742188,112.70874786376953,83.85187530517578,343.6324157714844,234.13284301757812,185.1310272216797,79.86030578613281,136.418701171875,39.73462677001953,53.15646743774414,40.35947036743164,34.66024398803711,96.99544525146484,66.43946075439453,67.63301086425781,36.350406646728516,31.282756805419922,126.36781311035156,72.33167266845703
2023-02-01,78.68119049072266,64.88512420654297,42.7598762512207,77.0728530883789,54.10734939575195,99.92894744873047,133.2498779296875,85.80409240722656,84.16646575927734,178.5548553466797,250.92092895507812,110.64190673828125,84.11505889892578,352.0667419433594,235.51246643066406,186.97457885742188,80.35143280029297,136.83444213867188,39.99748611450195,53.78376770019531,39.56511688232422,34.66024398803711,97.70018005371094,68.00320434570312,68.17414093017578,36.61906814575195,31.337100982666016,126.96477508544922,73.70340728759766
2023-02-02,78.7181396484375,66.3758316040039,41.73633575439453,77.2342758178711,53.79987335205078,101.06306457519531,132.89878845214844,87.69160461425781,87.90852355957031,178.67803955078125,257.96441650390625,108.04261779785156,84.41584014892578,362.5607604980469,234.7417449951172,188.8468780517578,82.17560577392578,137.2411651611328,39.87074279785156,57.315948486328125,38.66305160522461,34.755043029785156,98.46204376220703,69.86015319824219,67.58716583251953,37.46089172363281,31.405012130737305,126.10248565673828,75.96040344238281
2023-02-03,77.29579162597656,64.86550903320312,41.6083984375,77.1013412475586,53.63077163696289,100.3554458618164,130.70689392089844,85.9145736694336,86.53247833251953,175.70382690429688,250.85281372070312,107.79893493652344,84.41584014892578,358.7162780761719,233.7236785888672,187.8099365234375,80.63207244873047,134.6201629638672,39.152565002441406,56.16750717163086,38.57778549194336,34.688682556152344,97.94778442382812,69.27864074707031,67.32118225097656,36.681758880615234,30.748476028442383,125.73292541503906,73.62069702148438
2023-02-06,77.90536499023438,64.59088897705078,41.416481018066406,76.95893859863281,53.290626525878906,99.70599365234375,129.12228393554688,85.38975524902344,85.413818359375,173.74317932128906,249.9188690185547,107.22132110595703,84.14325714111328,354.0086975097656,232.0872039794922,187.1761932373047,80.04447937011719,135.5239715576172,38.72072219848633,55.4919548034668,38.402748107910156,34.67919921875,97.7096939086914,68.4332275390625,67.40372467041016,36.448917388916016,31.011089324951172,125.03173065185547,73.51368713378906
2023-02-07,77.81299591064453,64.8556900024414,42.64107131958008,77.908447265625,53.63844680786133,100.41360473632812,130.5740509033203,85.24244689941406,87.80950927734375,175.5522918701172,250.55120849609375,110.54265594482422,85.19598388671875,362.4920959472656,233.56195068359375,188.0691680908203,79.86907196044922,135.442626953125,39.24175262451172,56.52458572387695,39.650390625,35.07738494873047,98.01445007324219,70.1435775756836,67.11940002441406,36.30562973022461,30.99750518798828,125.83716583251953,73.68392944335938
2023-02-08,76.5846176147461,64.2182388305664,42.22069549560547,77.43368530273438,53.4232177734375,99.49272918701172,129.46389770507812,84.88334655761719,86.07710266113281,173.8757781982422,247.7590789794922,109.67623138427734,84.69781494140625,357.9022521972656,232.4392547607422,186.85934448242188,79.4919662475586,133.06564331054688,38.9272575378418,54.74885177612305,39.29584503173828,34.868812561035156,97.46210479736328,69.29815673828125,66.60577392578125,36.207115173339844,30.476802825927734,125.46761322021484,73.05644989013672
2023-02-09,75.6702651977539,63.94361877441406,41.88255310058594,76.3702163696289,52.908199310302734,98.80451202392578,127.34791564941406,83.89815521240234,85.2950210571289,171.2993927001953,246.8932647705078,108.6383056640625,83.52290344238281,356.3918151855469,230.38412475585938,184.99661254882812,78.62372589111328,131.23997497558594,38.363975524902344,53.552146911621094,38.95925521850586,34.480106353759766,96.58592987060547,68.91699981689453,66.312255859375,35.857852935791016,30.060253143310547,124.3684310913086,72.92024993896484
2023-02-10,77.06490325927734,63.149227142333984,43.50010681152344,76.69305419921875,53.34059143066406,99.08560943603516,127.8033676147461,84.16516876220703,84.47335815429688,171.76353454589844,243.7801055908203,112.92535400390625,83.76728820800781,354.1263732910156,232.15383911132812,185.93756103515625,78.89559936523438,133.7615509033203,38.504791259765625,53.040653228759766,40.48513412475586,34.59387969970703,97.27159881591797,68.5993881225586,66.9267807006836,35.92948913574219,30.657915115356445,125.54340362548828,72.06414031982422
2023-02-13,77.45280456542969,64.07110595703125,43.3538932800293,77.59510803222656,53.830623626708984,99.93862915039062,128.5529327392578,84.9662094116211,85.98799896240234,172.84332275390625,247.6909942626953,112.47406768798828,84.77303314208984,360.1480712890625,233.9425506591797,187.66590881347656,79.5971908569336,134.6201629638672,38.706634521484375,53.793418884277344,40.381919860839844,34.99205017089844,98.15729522705078,69.7868423461914,67.68804168701172,36.26084518432617,30.84356117248535,126.58573150634766,73.11968231201172
2023-02-14,77.07412719726562,64.67915344238281,43.36302185058594,77.1488265991211,53.55005645751953,99.72537994384766,129.09384155273438,84.22040557861328,86.67106628417969,173.3548126220703,250.46368408203125,112.66360473632812,84.29365539550781,362.060546875,232.80079650878906,187.37783813476562,78.96575927734375,133.88809204101562,38.79581832885742,53.81271743774414,40.39537811279297,34.802452087402344,97.8906478881836,70.08493041992188,67.07354736328125,35.884708404541016,30.712257385253906,125.83716583251953,73.99524688720703
2023-02-15,77.58212280273438,65.65009307861328,42.732452392578125,77.35771942138672,53.325218200683594,100.34574890136719,129.20770263671875,84.58870697021484,87.28485107421875,174.29254150390625,253.89784240722656,110.99393463134766,84.55683898925781,364.61053466796875,232.134765625,188.8468780517578,79.28148651123047,134.74667358398438,38.964805603027344,54.30491256713867,39.70873260498047,34.84037399291992,98.50015258789062,70.4123306274414,67.20193481445312,35.98322296142578,30.911479949951172,125.21175384521484,74.86109161376953
2023-02-16,77.15724182128906,64.41437530517578,42.248104095458984,76.55064392089844,52.81404113769531,99.18254852294922,128.41062927246094,83.861328125,85.47321319580078,172.64439392089844,248.8584747314453,109.892822265625,83.70148468017578,357.96112060546875,229.9274139404297,187.13780212402344,78.50970458984375,133.8338623046875,38.52357482910156,53.474945068359375,39.31828308105469,34.489593505859375,97.48114013671875,69.19065856933594,66.7158203125,35.65187072753906,30.67603302001953,123.96100616455078,73.2266845703125
2023-02-17,77.98849487304688,64.33589935302734,40.721946716308594,76.57910919189453,53.273338317871094,99.1728515625,126.75011444091797,83.47462463378906,84.36447143554688,171.39414978027344,248.66390991210938,105.8584976196289,83.76728820800781,353.5771484375,232.24896240234375,188.09796142578125,78.20276641845703,135.37030029296875,38.16212844848633,53.41703414916992,37.918067932128906,34.499080657958984,98.11920166015625,68.32572174072266,67.57798767089844,35.4727668762207,31.00656509399414,125.06962585449219,73.24129486083984
2023-02-21,76.52921295166016,62.52155303955078,40.53003692626953,75.00289916992188,52.50271987915039,96.97245788574219,124.93778228759766,81.8172607421875,82.25584411621094,168.0410614013672,240.43344116210938,105.17255401611328,81.99080657958984,345.0250549316406,228.31947326660156,183.4315185546875,76.63291931152344,132.76736450195312,37.533138275146484,52.23963928222656,37.729576110839844,33.788047790527344,95.87168884277344,66.70333862304688,67.32118225097656,34.77424240112305,30.426998138427734,123.44930267333984,70.7945556640625
2023-02-22,76.23365783691406,62.70789337158203,40.31984329223633,74.87947845458984,52.36628723144531,96.80769348144531,125.83916473388672,80.97938537597656,82.32515716552734,169.30084228515625,242.0192108154297,104.43247985839844,81.85920715332031,344.9466247558594,227.84375,183.3834991455078,75.9400863647461,132.27935791015625,37.814781188964844,52.34580612182617,37.47825241088867,33.7501220703125,95.63359069824219,66.6056137084961,67.22027587890625,34.46078872680664,30.309276580810547,123.0323486328125,71.1545181274414
2023-02-23,75.85498046875,62.482330322265625,40.92300033569336,74.9839096069336,52.485435485839844,97.25357818603516,125.83916473388672,81.47660064697266,83.54279327392578,169.46185302734375,241.63978576660156,106.11119079589844,82.03781127929688,350.25250244140625,228.46217346191406,184.29566955566406,76.51013946533203,131.63763427734375,37.85702133178711,52.104530334472656,38.043731689453125,33.778560638427734,96.08120727539062,67.70999908447266,67.1377182006836,34.79214859008789,30.150806427001953,123.364013671875,71.09614562988281
2023-02-24,75.7718505859375,61.58985900878906,40.90471267700195,74.9839096069336,51.807071685791016,96.57502746582031,126.68368530273438,80.08626556396484,82.01825714111328,170.17225646972656,238.1958465576172,106.38196563720703,82.01899719238281,344.1620178222656,225.43658447265625,183.11468505859375,75.16832733154297,131.55630493164062,38.110496520996094,51.3807258605957,37.99435806274414,33.8070068359375,95.52884674072266,66.50299835205078,66.68830871582031,34.1473503112793,30.159860610961914,121.7720947265625,69.97737884521484
2023-02-27,75.31929779052734,62.12926483154297,41.050941467285156,75.00289916992188,51.69752883911133,97.16632843017578,127.35739135742188,80.25200653076172,82.3746337890625,170.92050170898438,240.55992126464844,106.78809356689453,81.94381713867188,345.7017517089844,224.91329956054688,184.54531860351562,75.28233337402344,130.7338409423828,38.237239837646484,51.5447883605957,38.106563568115234,33.797523498535156,96.37641906738281,66.85972595214844,66.61494445800781,34.201080322265625,29.95610809326172,121.40254974365234,70.84320831298828
2023-02-28,74.17403411865234,62.090030670166016,40.45692825317383,75.11685180664062,51.33241271972656,97.05001831054688,128.40115356445312,80.16913604736328,82.46373748779297,171.80140686035156,240.66696166992188,105.23573303222656,82.11299896240234,345.3389587402344,223.3624267578125,184.19967651367188,75.17708587646484,128.58279418945312,38.410911560058594,51.631649017333984,37.55903625488281,33.8638916015625,96.1573715209961,66.7131118774414,66.06462097167969,34.218990325927734,29.430879592895508,120.5023422241211,70.7945556640625
2023-03-01,73.0010757446289,61.374107360839844,41.3433837890625,74.89844512939453,51.31127166748047,97.2051010131836,129.64414978027344,79.07344055175781,81.87966918945312,173.20321655273438,237.94290161132812,107.33865356445312,81.79341125488281,342.67132568359375,223.4004669189453,185.04461669921875,74.22991943359375,126.5763931274414,38.71133041381836,51.235965728759766,38.299530029296875,33.7501220703125,96.53832244873047,66.22444915771484,65.57852935791016,33.690616607666016,28.946399688720703,120.30335998535156,69.90440368652344
2023-03-02,74.22945404052734,61.50159454345703,41.68151092529297,74.48066711425781,51.60913848876953,98.18412780761719,131.10543823242188,80.01260375976562,83.00822448730469,175.16392517089844,237.54400634765625,108.42169189453125,81.31404876708984,346.7413635253906,224.6373748779297,187.0225830078125,75.09815979003906,128.67318725585938,39.152565002441406,51.718502044677734,38.63612747192383,33.58895492553711,97.67160034179688,67.04051971435547,66.47737121582031,34.129432678222656,29.4942684173584,121.0424575805664,69.6709213256836
2023-03-03,75.37471771240234,62.5019416809082,42.29380416870117,75.63909149169922,52.27020263671875,99.55089569091797,133.16445922851562,81.320068359375,84.90894317626953,177.90130615234375,242.26243591308594,109.98308563232422,82.57356262207031,354.01849365234375,227.51071166992188,189.02931213378906,76.2382583618164,130.74290466308594,39.711151123046875,52.84763717651367,39.16120910644531,34.11986541748047,98.72869110107422,68.48210144042969,66.53240203857422,34.70259475708008,29.996854782104492,122.39749145507812,71.16912078857422
2023-03-06,75.76262664794922,62.09984588623047,42.23896026611328,75.61058807373047,52.129920959472656,99.39579772949219,130.9725799560547,80.99781036376953,85.14653778076172,174.41563415527344,240.36537170410156,109.69426727294922,82.41376495361328,355.3033142089844,226.6925048828125,188.11715698242188,75.9400863647461,131.4297637939453,39.06807327270508,52.84763717651367,39.17916488647461,34.14830017089844,98.5477523803711,68.80950164794922,66.70668029785156,34.568260192871094,30.141752243041992,122.34063720703125,70.64865112304688
2023-03-07,74.654296875,61.39371871948242,41.562705993652344,73.759033203125,51.36123275756836,97.87393951416016,128.03109741210938,79.09186553955078,84.15657806396484,171.1478271484375,237.50515747070312,107.83503723144531,80.45869445800781,350.92913818359375,223.23873901367188,186.06239318847656,74.16853332519531,129.36007690429688,38.298255920410156,52.30720520019531,38.49699783325195,33.266632080078125,97.2811508178711,67.95433807373047,66.0462875366211,33.6995735168457,29.648218154907227,120.36968231201172,69.68550872802734
2023-03-08,75.18077087402344,61.383914947509766,41.133182525634766,73.52165985107422,51.03839874267578,97.99027252197266,128.80914306640625,80.02184295654297,84.95843505859375,171.8677215576172,237.27166748046875,106.6797866821289,80.12971496582031,353.7046203613281,221.93524169921875,186.4368896484375,75.01922607421875,130.34523010253906,38.48602294921875,52.33615493774414,38.10206604003906,33.14337921142578,97.50971221923828,68.51628875732422,66.1563491821289,34.17421340942383,29.874608993530273,119.72534942626953,69.55903625488281
2023-03-09,74.63583374023438,59.88338851928711,40.53003692626953,70.42620849609375,50.544517517089844,96.54594421386719,125.3268051147461,78.16191101074219,83.3943099975586,167.6053466796875,231.4441680908203,104.96499633789062,76.77413940429688,348.13409423828125,219.3472900390625,183.32586669921875,73.30028533935547,129.2335662841797,37.495582580566406,51.158756256103516,37.56352233886719,31.797170639038086,96.07168579101562,67.53407287597656,65.5418472290039,33.395084381103516,29.634634017944336,118.51245880126953,67.90031433105469
2023-03-10,73.39820861816406,59.08899688720703,39.93601989746094,68.77403259277344,50.090999603271484,94.38432312011719,122.30938720703125,75.59303283691406,81.84005737304688,163.74082946777344,228.72991943359375,103.43067169189453,74.87548065185547,341.2492370605469,217.14942932128906,179.55242919921875,70.87097930908203,127.19096374511719,36.697608947753906,50.43494415283203,37.08332061767578,31.218868255615234,94.28129577636719,66.34661865234375,65.2208251953125,32.32938003540039,29.168262481689453,117.64069366455078,67.22418975830078
2023-03-13,74.48806762695312,59.01054382324219,39.18665313720703,66.1723403930664,50.646358489990234,93.3568344116211,121.2087173461914,76.64269256591797,82.41425323486328,161.846435546875,228.3991241455078,101.17432403564453,71.70787811279297,342.8380432128906,219.2616729736328,177.9393310546875,71.80060577392578,128.91722106933594,36.322086334228516,50.43494415283203,36.32935333251953,29.986419677734375,93.74798583984375,66.70821380615234,65.55101776123047,32.84880447387695,29.61652183532715,118.7398681640625,67.36526489257812
2023-03-14,75.5594482421875,59.86377716064453,39.479087829589844,67.56812286376953,51.16905975341797,94.7720718383789,122.73641204833984,77.40690612792969,84.53276062011719,164.1007537841797,231.82362365722656,102.004638671875,73.39976501464844,350.57611083984375,221.73545837402344,180.26295471191406,72.49344635009766,130.833251953125,36.786800384521484,51.8632698059082,36.68838882446289,30.59316062927246,94.73841857910156,68.24755096435547,66.14717864990234,33.18911361694336,30.005910873413086,119.80115509033203,68.50834655761719
2023-03-15,76.39067077636719,59.65782165527344,37.4320182800293,65.77352142333984,51.05569076538086,92.74616241455078,118.14387512207031,77.26880645751953,84.90894317626953,158.61654663085938,231.40525817871094,96.55333709716797,71.50110626220703,350.4485778808594,221.17408752441406,175.6829376220703,72.44082641601562,132.36068725585938,35.59451675415039,52.423011779785156,34.71821212768555,29.777851104736328,92.40519714355469,68.28663635253906,66.57826232910156,33.20701217651367,30.41341781616211,119.69691467285156,68.40620422363281
2023-03-16,76.93559265136719,60.64835739135742,37.80670928955078,67.08386993408203,51.58415603637695,93.7833480834961,119.54818725585938,77.28720092773438,87.65113830566406,160.39724731445312,235.74424743652344,97.56417846679688,72.9297866821289,360.0206604003906,223.55270385742188,177.81451416015625,72.28296661376953,133.26446533203125,36.00289535522461,53.60041046142578,35.095191955566406,30.346670150756836,93.59561157226562,70.20220947265625,66.62409973144531,33.20701217651367,30.617172241210938,120.8150405883789,69.64171600341797
2023-03-17,76.08587646484375,59.93241882324219,37.13044738769531,64.85250854492188,50.91924285888672,92.33902740478516,117.96357727050781,75.55620574951172,87.47293090820312,157.79244995117188,232.55325317382812,95.86740112304688,70.48594665527344,359.0399169921875,220.2892303466797,174.34828186035156,70.64295959472656,131.95396423339844,35.44430923461914,53.08890151977539,34.54318618774414,29.37019157409668,92.06232452392578,70.10448455810547,66.13801574707031,32.44580078125,30.322864532470703,119.26103973388672,68.7515640258789
2023-03-20,76.7323989868164,60.256065368652344,37.9163703918457,65.74504089355469,51.52458190917969,93.48284149169922,120.31678009033203,76.41250610351562,87.60163879394531,160.93714904785156,233.6915283203125,97.94325256347656,71.38829040527344,360.1383361816406,222.98182678222656,176.7679443359375,71.44982147216797,133.07467651367188,36.17362976074219,53.485679626464844,35.23472213745117,29.69698715209961,93.28154754638672,70.29351043701172,67.05499267578125,32.7939453125,30.56004524230957,120.77259826660156,69.0491943359375
2023-03-21,75.40242767333984,61.63889694213867,39.259761810302734,67.6250991821289,51.885860443115234,94.93687438964844,121.86341857910156,75.97975158691406,88.72029876708984,163.0399169921875,239.65516662597656,101.29166412353516,73.5595703125,364.1985778808594,224.5517120361328,179.28359985351562,71.13407897949219,130.41751098632812,36.61207580566406,54.62759017944336,36.45457077026367,30.44964599609375,94.36212158203125,70.86162567138672,66.99967956542969,32.60453796386719,29.94428253173828,121.50508117675781,70.95691680908203
2023-03-22,73.90618896484375,60.344337463378906,38.37330627441406,65.82101440429688,51.07490921020508,93.21144104003906,119.6905288696289,73.33722686767578,87.70062255859375,160.1983184814453,234.27523803710938,99.08946990966797,71.43529510498047,359.7754211425781,220.92669677734375,175.6541290283203,68.47675323486328,127.8145980834961,35.96148681640625,53.66953659057617,35.67913055419922,29.74462127685547,92.5548095703125,70.15638732910156,66.38223266601562,31.41400909423828,29.355886459350586,119.66912841796875,69.3760986328125
2023-03-23,73.22562408447266,60.48784255981445,37.89193344116211,65.10346221923828,51.02190399169922,93.22310638427734,119.76290130615234,72.9029312133789,89.12879180908203,159.8478546142578,233.87635803222656,97.6905288696289,70.69273376464844,364.85565185546875,220.55563354492188,175.2124481201172,68.04701232910156,126.4317855834961,35.91905975341797,54.54048538208008,35.184844970703125,29.544546127319336,92.28707122802734,71.29750061035156,66.12418365478516,31.224590301513672,29.054847717285156,119.44081115722656,69.30289459228516
2023-03-24,75.2989273071289,60.448524475097656,38.00259017944336,65.24658966064453,51.671409606933594,93.3397445678711,120.6009292602539,74.7178726196289,89.2477035522461,161.36190795898438,233.46170043945312,97.98206329345703,70.85819244384766,365.5160827636719,223.2561492919922,175.83380126953125,69.79204559326172,130.43580627441406,36.21134567260742,54.82112503051758,35.32088851928711,29.52549171447754,92.66957092285156,71.48360443115234,67.24852752685547,32.02730941772461,29.9625244140625,121.09603118896484,69.07848358154297
2023-03-27,75.32681274414062,60.70407485961914,38.75877380371094,66.3248062133789,51.94509506225586,94.12713623046875,121.70561218261719,74.61602020263672,88.34584045410156,162.5316925048828,234.12513732910156,100.18677520751953,71.97377014160156,363.2262268066406,224.41116333007812,177.23068237304688,69.71231842041016,130.55429077148438,36.48006820678711,54.51145935058594,36.07365036010742,29.93517303466797,93.44412994384766,70.93019104003906,67.60794067382812,31.919078826904297,29.999013900756836,121.59069061279297,69.21996307373047
2023-03-28,75.61504364013672,60.6156120300293,39.33052062988281,66.38207244873047,51.60009765625,94.38960266113281,122.24842071533203,74.375244140625,87.85029602050781,163.53030395507812,234.24224853515625,101.71731567382812,72.01158142089844,361.66363525390625,223.10340881347656,178.19407653808594,69.54401397705078,130.99166870117188,36.654502868652344,54.066307067871094,36.631412506103516,29.925643920898438,93.92224884033203,70.59716796875,67.72774505615234,31.81084632873535,30.081113815307617,120.85823059082031,69.13700866699219
2023-03-29,76.66563415527344,61.6181755065918,39.90226364135742,67.3648681640625,51.71958541870117,95.75052642822266,123.6673583984375,76.04203796386719,89.5450439453125,165.6700897216797,238.41818237304688,103.18408966064453,73.0704345703125,369.05413818359375,224.01979064941406,180.54470825195312,71.08529663085938,132.83238220214844,37.16365432739258,54.78242111206055,37.139305114746094,30.363903045654297,95.28966522216797,72.07620239257812,68.10560607910156,32.56846618652344,30.518991470336914,121.19114685058594,70.44949340820312
2023-03-30,77.19560241699219,62.12928771972656,40.0313720703125,67.17403411865234,51.99134063720703,95.9935531616211,124.48635864257812,76.99578857421875,90.43702697753906,166.59262084960938,240.41831970214844,103.4573974609375,72.80574035644531,372.77886962890625,224.99346923828125,181.0552520751953,72.01538848876953,133.3700408935547,37.41823196411133,55.043704986572266,37.30255889892578,30.297210693359375,95.49049377441406,72.9136734008789,68.29914093017578,32.992366790771484,30.65126609802246,121.84751892089844,71.06426239013672
2023-03-31,77.82781219482422,63.583984375,40.34490203857422,67.880126953125,52.62736129760742,97.36418914794922,126.21006774902344,78.61627197265625,91.98313903808594,169.11285400390625,246.40899658203125,104.06778717041016,73.63768768310547,378.83282470703125,227.62808227539062,183.53111267089844,73.55667114257812,134.42706298828125,38.026397705078125,56.098514556884766,37.56103515625,30.630672454833984,96.75272369384766,73.95683288574219,68.85209655761719,33.71391296386719,30.874767303466797,123.15076446533203,72.96223449707031
2023-04-03,77.2885513305664,63.2792854309082,42.0970344543457,67.9278335571289,53.13038635253906,97.60721588134766,126.81951141357422,77.9958724975586,91.94349670410156,170.08290100097656,244.78939819335938,109.03295135498047,73.50532531738281,378.33160400390625,229.8426971435547,184.04173278808594,72.9720458984375,133.39735412597656,38.26683044433594,56.33076477050781,39.26155471801758,30.687835693359375,96.92485809326172,73.83929443359375,69.21150970458984,33.398231506347656,30.66495132446289,124.53006744384766,72.2938003540039
2023-04-04,77.61396026611328,63.13185119628906,41.350067138671875,67.0881576538086,53.165077209472656,95.76995086669922,124.68633270263672,77.94029998779297,91.51730346679688,167.3153839111328,244.2722930908203,106.901123046875,72.6072006225586,375.9335632324219,229.70907592773438,179.4464569091797,72.8746109008789,134.00790405273438,37.715248107910156,56.50495147705078,38.54961013793945,30.402013778686523,94.75416564941406,73.43280792236328,69.0732650756836,33.40724563598633,30.820032119750977,124.54911041259766,72.17668914794922
2023-04-05,79.32466125488281,62.20792007446289,41.83882141113281,67.04997253417969,53.99382019042969,94.75899505615234,124.29593658447266,77.51435089111328,90.37757873535156,166.7733154296875,239.43287658691406,108.3587875366211,72.5221176147461,371.4128112792969,233.2600860595703,176.9224090576172,72.48486328125,137.4706268310547,37.6303825378418,56.321083068847656,39.13005065917969,30.363903045654297,93.5206298828125,72.59532165527344,69.39583587646484,33.23588943481445,31.618242263793945,126.69894409179688,70.69833374023438
2023-04-06,79.8546142578125,62.16860580444336,41.24863052368164,67.40303039550781,54.20969009399414,94.57430267333984,124.04828643798828,77.98658752441406,91.19026947021484,166.33583068847656,239.1206817626953,106.75535583496094,72.84355926513672,373.33905029296875,233.95692443847656,176.64303588867188,72.98091888427734,138.4183349609375,37.540809631347656,57.027523040771484,38.53600311279297,30.47823143005371,93.49192810058594,73.00672149658203,69.45111083984375,33.46136474609375,31.841747283935547,127.01289367675781,70.71296691894531
2023-04-10,79.70586395263672,62.601078033447266,41.599056243896484,67.65113067626953,54.171142578125,95.21587371826172,125.0767822265625,78.36625671386719,91.05150604248047,167.53411865234375,240.84762573242188,107.56620025634766,73.13661193847656,373.1228332519531,233.89012145996094,178.7142791748047,73.3175048828125,138.16319274902344,37.7199592590332,56.90171813964844,38.844364166259766,30.544925689697266,94.34298706054688,72.9675521850586,69.45111083984375,33.63273620605469,31.777883529663086,126.92728424072266,71.0252456665039
2023-04-11,79.86392211914062,62.76817321777344,41.949485778808594,68.19499206542969,54.37736511230469,95.90605926513672,126.1053237915039,78.78295135498047,90.23880767822266,168.80853271484375,241.4427947998047,108.54098510742188,73.77951049804688,370.35137939453125,234.78741455078125,179.9666748046875,73.6275405883789,138.2907257080078,38.01225280761719,56.756553649902344,39.21167755126953,30.81169319152832,94.90717315673828,72.28190612792969,69.65388488769531,33.795082092285156,31.805253982543945,127.3553466796875,71.137451171875
2023-04-12,79.81742095947266,61.8245964050293,41.94025802612305,68.17589569091797,54.32917785644531,95.9935531616211,126.13387298583984,78.39405059814453,89.69371032714844,168.65634155273438,237.57908630371094,108.55010223388672,73.60932159423828,368.13031005859375,234.63470458984375,180.56393432617188,73.27323150634766,138.0629425048828,38.04053497314453,56.16625213623047,39.23888397216797,30.7450008392334,95.22273254394531,71.8705062866211,69.34052276611328,33.69586944580078,31.773324966430664,127.39339447021484,70.0347671508789
2023-04-13,79.87321472167969,62.935264587402344,42.2353515625,68.5671157836914,55.07120132446289,96.7906494140625,127.37189483642578,78.17179107666016,91.47769165039062,170.4157257080078,242.3404083251953,109.22425842285156,74.04421997070312,375.2554626464844,237.9757080078125,181.29611206054688,73.05177307128906,138.0811767578125,38.431827545166016,57.33718490600586,39.483760833740234,31.021297454833984,95.5765380859375,73.20751953125,69.72760772705078,33.5876350402832,31.777883529663086,129.048583984375,71.58145904541016
2023-04-14,79.03645324707031,62.846797943115234,42.29990768432617,69.21597290039062,54.64719009399414,96.69345092773438,126.61002349853516,76.9124526977539,91.21007537841797,169.0557861328125,242.69168090820312,109.31536865234375,74.66818237304688,373.8205871582031,235.9329071044922,181.04562377929688,71.91796875,136.44090270996094,38.1536865234375,57.31783676147461,39.55630874633789,31.326171875,95.46179962158203,72.80103302001953,69.28524780273438,33.01040267944336,31.422109603881836,128.01173400878906,71.67415618896484
2023-04-17,79.4455337524414,63.18098831176758,41.85725784301758,70.14151763916016,54.5893669128418,97.30586242675781,126.95284271240234,78.5792236328125,91.23980712890625,170.11141967773438,244.21371459960938,108.0399169921875,75.74593353271484,375.1768798828125,236.2670135498047,182.56777954101562,73.41494750976562,137.2337188720703,38.37525939941406,56.98880386352539,39.089237213134766,31.68821144104004,96.21723175048828,73.06549835205078,69.72760772705078,33.75901412963867,31.59543228149414,127.90709686279297,72.18159484863281
2023-04-18,79.06433868408203,63.41688919067383,42.01403045654297,70.49457550048828,54.232818603515625,97.56832885742188,127.54328918457031,78.43107604980469,91.32901763916016,170.72006225585938,244.7600860595703,108.32233428955078,75.96337890625,376.2382507324219,234.81605529785156,183.1168670654297,73.24664306640625,136.5320587158203,38.535545349121094,56.698490142822266,39.24341583251953,31.783493041992188,96.67622375488281,73.29077911376953,69.93956756591797,33.70488739013672,31.431230545043945,127.03189849853516,72.29867553710938
2023-04-19,79.59428405761719,63.2792854309082,41.884925842285156,70.87625122070312,54.44289016723633,97.46139526367188,126.8386001586914,78.81999969482422,91.13077545166016,170.21604919433594,244.91622924804688,107.92147827148438,76.51171875,375.4520263671875,235.57015991210938,183.08795166015625,73.68069458007812,137.5526580810547,38.42711639404297,56.27269744873047,39.10737228393555,31.859708786010742,96.59971618652344,73.08019256591797,69.89349365234375,33.90331268310547,31.672977447509766,127.42196655273438,72.23037719726562
2023-04-20,79.61288452148438,62.738685607910156,41.497623443603516,70.45639038085938,54.22125244140625,97.27670288085938,126.60051727294922,78.01439666748047,90.64515686035156,169.8831787109375,241.84280395507812,106.88288879394531,76.0295639038086,372.75927734375,234.47239685058594,182.88563537597656,72.95435333251953,137.47972106933594,38.38468551635742,55.692073822021484,38.76272964477539,31.764436721801758,96.42759704589844,72.60023498535156,70.05937957763672,33.4974479675293,31.663856506347656,126.89874267578125,71.11793518066406
2023-04-21,79.78022766113281,63.239967346191406,41.25785827636719,70.03655242919922,54.61056900024414,97.19892120361328,125.20060729980469,78.17179107666016,90.32801818847656,168.123779296875,244.11614990234375,106.24517059326172,75.57575988769531,371.6585388183594,236.30519104003906,182.55812072753906,72.96319580078125,137.8898162841797,38.04524612426758,55.82754898071289,38.53600311279297,31.650104522705078,96.20765686035156,72.36514282226562,70.56625366210938,33.53351974487305,31.755084991455078,127.75486755371094,71.90348052978516
2023-04-24,80.133544921875,63.318599700927734,41.85725784301758,69.89344024658203,54.87654113769531,97.30586242675781,126.1053237915039,77.9495620727539,89.9712142944336,169.27450561523438,244.1259002685547,107.93968963623047,75.39613342285156,370.0467529296875,237.36474609375,182.81825256347656,72.68860626220703,138.55502319335938,38.304542541503906,55.769493103027344,39.125518798828125,31.573883056640625,96.4371566772461,72.04681396484375,70.85194396972656,33.443328857421875,31.914724349975586,128.4683380126953,71.89372253417969
2023-04-25,80.0870361328125,62.09980392456055,41.06420135498047,68.59575653076172,54.22895431518555,95.48806762695312,123.13408660888672,77.12542724609375,87.88992309570312,165.40382385253906,238.915771484375,105.662109375,73.87403869628906,362.0566711425781,234.49148559570312,179.64874267578125,71.9710922241211,138.26341247558594,37.47481155395508,54.89854431152344,38.390892028808594,31.030820846557617,94.6585464477539,70.5090103149414,70.7597885131836,33.13668441772461,31.882793426513672,127.09851837158203,70.46900939941406
2023-04-26,78.27408599853516,61.6181755065918,40.30801773071289,67.85149383544922,53.46574020385742,94.06880187988281,121.84846496582031,76.52354431152344,89.15851593017578,163.36859130859375,238.03762817382812,104.2773208618164,73.12716674804688,366.8723449707031,231.43685913085938,176.23843383789062,71.28018951416016,135.0558319091797,37.03166198730469,54.317909240722656,37.87846755981445,30.735475540161133,92.870361328125,71.55708312988281,70.20683288574219,32.866092681884766,31.13475227355957,125.29110717773438,70.10796356201172
2023-04-27,79.12943267822266,62.97458267211914,40.50167465209961,69.00605773925781,53.71437072753906,95.84773254394531,123.4578628540039,78.40328979492188,91.48758697509766,165.8983612060547,244.03810119628906,104.83306121826172,74.36565399169922,373.8205871582031,232.46778869628906,179.9473876953125,72.89231872558594,136.64138793945312,37.53608703613281,57.4726676940918,38.01450729370117,31.230897903442383,94.70636749267578,73.0752944946289,70.99018096923828,33.6597900390625,31.50877571105957,125.94746398925781,71.9571304321289
2023-04-28,79.23169708251953,63.2989501953125,41.101078033447266,69.81708526611328,54.196197509765625,96.92674255371094,124.56255340576172,79.33854675292969,92.2110824584961,167.7338409423828,244.55519104003906,106.53670501708984,75.23542022705078,377.74188232421875,234.57742309570312,181.6429443359375,73.7869873046875,136.44090270996094,37.97453689575195,57.96620559692383,38.60401916503906,31.602466583251953,95.62434387207031,73.86868286132812,71.36803436279297,34.04762268066406,31.46316146850586,127.02240753173828,72.1425552368164
2023-05-01,79.37116241455078,62.925437927246094,40.63077926635742,69.62625885009766,54.53926086425781,97.11145782470703,124.65777587890625,78.6347885131836,92.33992004394531,167.53411865234375,242.45748901367188,105.34324645996094,74.9518051147461,378.13507080078125,236.05699157714844,182.7507781982422,73.23778533935547,136.6596221923828,37.95568084716797,57.95652770996094,38.16868591308594,31.516721725463867,96.14071655273438,73.91275787353516,71.42333221435547,33.7319450378418,31.517894744873047,127.67874908447266,71.43019104003906
2023-05-02,78.4879150390625,62.8271484375,38.8971061706543,67.91829681396484,54.2154655456543,95.72135925292969,123.81021118164062,77.29209899902344,91.36865997314453,166.1646270751953,242.27210998535156,100.82450866699219,72.9664535522461,373.8992614746094,234.42465209960938,181.3057098388672,71.9976806640625,134.98291015625,37.58795928955078,56.88235855102539,36.50897979736328,30.802165985107422,95.13667297363281,73.22222137451172,71.22979736328125,33.15471267700195,31.13475227355957,127.12704467773438,71.50338745117188
2023-05-03,78.26477813720703,62.35535430908203,38.16858673095703,66.98318481445312,54.250160217285156,95.39085388183594,122.40080261230469,76.92170715332031,90.65507507324219,164.27207946777344,240.6622314453125,98.8566665649414,72.01158142089844,371.2555236816406,234.7014923095703,180.9781951904297,71.71424102783203,134.62754821777344,37.17308807373047,56.65978240966797,35.819705963134766,30.44964599609375,94.77330017089844,72.60513305664062,70.64920043945312,32.947269439697266,31.048093795776367,126.9558334350586,70.93740844726562
2023-05-04,78.70174407958984,61.716468811035156,37.77205276489258,65.75231170654297,53.82036590576172,94.50625610351562,121.14373779296875,77.55137634277344,90.2586441040039,163.23544311523438,238.49620056152344,97.86363220214844,70.57456970214844,369.7519226074219,232.95462036132812,178.52162170410156,72.30770874023438,135.58433532714844,36.93265151977539,55.7501335144043,35.420650482177734,30.059022903442383,93.74054718017578,72.25739288330078,70.47409057617188,33.25392150878906,31.285274505615234,125.94746398925781,70.39095306396484
2023-05-05,79.21308898925781,62.90578079223633,38.80488586425781,67.45073699951172,54.319541931152344,96.2560043334961,123.16265869140625,78.8385009765625,92.28046417236328,166.22171020507812,243.4234161376953,100.61495971679688,72.51264190673828,379.5305480957031,235.39833068847656,181.75851440429688,73.51239013671875,136.4773712158203,37.554954528808594,56.44689178466797,36.38201141357422,30.802165985107422,95.15579986572266,74.06948852539062,71.12842559814453,33.768028259277344,31.48596954345703,127.0794906616211,71.81564331054688
2023-05-08,79.04573822021484,63.28910446166992,38.86021041870117,67.55570983886719,54.20197296142578,96.00325775146484,122.89600372314453,78.39405059814453,92.62732696533203,165.84127807617188,244.2527313232422,100.67874145507812,72.4937515258789,379.93353271484375,234.682373046875,181.27684020996094,73.08721160888672,136.13108825683594,37.432373046875,57.01784133911133,36.38201141357422,30.849803924560547,94.81153106689453,74.03028869628906,70.91645050048828,33.53351974487305,31.390180587768555,126.80364227294922,72.0595932006836
2023-05-09,78.94348907470703,63.259620666503906,38.832542419433594,67.45073699951172,53.82807922363281,95.83800506591797,121.84846496582031,78.03289794921875,92.0426025390625,164.49081420898438,244.26248168945312,100.72427368164062,72.34247589111328,377.1719055175781,233.33642578125,181.43099975585938,72.77717590332031,135.92152404785156,37.09294128417969,56.65978240966797,36.3956184387207,30.735475540161133,95.02192687988281,73.46218872070312,70.69527435302734,33.42528533935547,31.34913444519043,125.9570083618164,72.04009246826172
2023-05-10,79.71514129638672,63.28910446166992,38.43601989746094,67.2599105834961,53.96876907348633,95.439453125,121.5913314819336,78.78295135498047,93.4400405883789,164.48129272460938,245.0137481689453,99.7494888305664,72.11558532714844,381.27996826171875,234.19558715820312,181.1708526611328,73.47696685791016,137.2427978515625,37.116512298583984,57.16299819946289,35.982948303222656,30.563982009887695,94.67768859863281,74.35844421386719,70.58468627929688,33.740966796875,31.63648796081543,126.30895233154297,72.406005859375
2023-05-11,78.8783950805664,63.26946258544922,37.984153747558594,67.05953979492188,53.81459045410156,95.08949279785156,120.19143676757812,77.92178344726562,93.51932525634766,162.8455352783203,246.1651153564453,98.42848205566406,71.81304168701172,379.6681823730469,233.33642578125,180.1207733154297,72.67088317871094,135.75747680664062,36.753501892089844,57.73395919799805,35.55215835571289,30.516342163085938,94.10392761230469,74.025390625,70.7966537475586,33.38920974731445,31.312641143798828,125.9189453125,72.74268341064453
2023-05-12,79.25958251953125,62.886112213134766,38.196250915527344,66.7923583984375,53.750980377197266,95.07007598876953,120.41046905517578,77.94029998779297,93.32111358642578,163.0167236328125,244.1259002685547,98.65623474121094,71.59559631347656,378.91143798828125,232.75413513183594,180.15936279296875,72.66202545166016,136.55026245117188,36.819515228271484,57.7823371887207,35.6065788269043,30.392486572265625,94.17086791992188,73.92745971679688,71.07312774658203,33.45235061645508,31.48596954345703,125.74771881103516,72.12791442871094
2023-05-15,78.33915710449219,63.02373123168945,38.38990783691406,67.42213439941406,53.64884567260742,95.71163940429688,121.51515197753906,77.81065368652344,94.15362548828125,164.48129272460938,244.69178771972656,99.3395004272461,72.31412506103516,382.1054992675781,232.9737091064453,181.1708526611328,72.53801727294922,134.8644561767578,37.13066101074219,58.05329895019531,35.787960052490234,30.64019775390625,94.6298828125,74.5396499633789,70.89802551269531,33.38920974731445,31.089147567749023,125.5289306640625,72.22061920166016
2023-05-16,76.7121353149414,62.55192565917969,37.39396667480469,66.6778564453125,53.165077209472656,94.55484771728516,119.38197326660156,75.91239929199219,94.41130828857422,161.71380615234375,243.36488342285156,96.79771423339844,71.55779266357422,381.8499755859375,230.4058837890625,178.66615295410156,70.7221450805664,131.893798828125,36.51778793334961,57.98554611206055,34.90822219848633,30.3543758392334,93.34850311279297,74.61798095703125,70.29898834228516,32.496307373046875,30.40040397644043,124.4825439453125,71.92787170410156
2023-05-17,76.48898315429688,63.59381103515625,38.12248229980469,68.22364044189453,53.18435287475586,96.09074401855469,120.29618835449219,76.89392852783203,95.80874633789062,163.03573608398438,248.2530517578125,98.7291259765625,73.38243103027344,387.4420166015625,230.87364196777344,181.62367248535156,71.67878723144531,131.6022186279297,36.758216857910156,58.69199752807617,35.57936477661133,30.96413230895996,94.95499420166016,75.61217498779297,70.26212310791016,32.92021942138672,30.290935516357422,124.63473510742188,73.42574310302734
2023-05-18,76.18218231201172,64.65533447265625,38.37146759033203,68.66255187988281,53.07448959350586,96.92674255371094,121.00088500976562,76.55131530761719,97.8404769897461,164.1769561767578,251.90213012695312,99.50350189208984,73.8551254272461,395.0487365722656,230.45364379882812,183.2324676513672,71.33331298828125,131.12838745117188,36.97508239746094,59.746803283691406,35.83784103393555,31.192787170410156,95.64348602294922,77.1597900390625,69.92115783691406,32.7127685546875,30.19970703125,124.3303451538086,74.56746673583984
2023-05-19,76.06131744384766,63.96731948852539,38.63889694213867,68.40491485595703,53.33275604248047,96.53791046142578,121.05805969238281,76.44945526123047,97.68189239501953,164.30062866210938,248.94578552246094,100.19589233398438,73.51477813720703,394.3312683105469,231.36045837402344,182.38475036621094,71.21817779541016,130.94607543945312,37.069374084472656,59.42745590209961,36.114463806152344,31.059404373168945,95.41398620605469,77.12550354003906,69.96720123291016,32.65865707397461,30.154096603393555,124.91059875488281,73.94293975830078
2023-05-22,76.11710357666016,63.73141860961914,38.59278106689453,68.71978759765625,53.39442825317383,96.6642837524414,120.5914077758789,76.93098449707031,98.17744445800781,163.6253662109375,248.3701629638672,100.16854095458984,73.9496841430664,395.343505859375,231.9523162841797,182.68336486816406,71.65221405029297,131.0098876953125,36.87607955932617,59.96937942504883,35.96481704711914,31.116573333740234,95.39486694335938,77.2724380493164,68.90740203857422,32.875118255615234,30.163217544555664,125.03427124023438,73.71363067626953
2023-05-23,75.8660659790039,63.02373123168945,38.933990478515625,68.0995864868164,52.777687072753906,95.25475311279297,118.78202056884766,76.10684967041016,96.75028991699219,161.46653747558594,245.76507568359375,101.13424682617188,73.41080474853516,389.319091796875,229.3654022216797,180.40982055664062,70.97898864746094,130.64535522460938,36.305633544921875,59.2242317199707,36.35027313232422,30.75452423095703,94.24734497070312,76.13130187988281,68.40052032470703,32.46924591064453,30.05831527709961,123.66444396972656,73.04032135009766
2023-05-24,75.37330627441406,62.787837982177734,39.07230758666992,67.24082946777344,52.434627532958984,94.02021026611328,117.16307067871094,74.55117797851562,96.18537139892578,159.47885131835938,245.1796417236328,101.53511810302734,72.40865325927734,386.9112548828125,227.65673828125,178.06884765625,69.45543670654297,129.85260009765625,35.89077377319336,58.95327377319336,36.50897979736328,30.3543758392334,93.03292846679688,75.572998046875,67.95814514160156,31.756732940673828,29.862184524536133,122.81782531738281,72.7719497680664
2023-05-25,74.40637969970703,62.424156188964844,38.380680084228516,67.2980728149414,51.852577209472656,94.19519805908203,116.74405670166016,74.56045532226562,99.57489013671875,158.76560974121094,243.4722137451172,99.6128158569336,72.44647216796875,400.6897888183594,225.12710571289062,178.8780517578125,69.44656372070312,128.04833984375,35.76347351074219,58.95327377319336,35.86051559448242,30.344850540161133,93.33893585205078,78.47230529785156,67.44206237792969,31.828889846801758,29.46079444885254,121.56214904785156,72.44505310058594
2023-05-26,74.39710235595703,63.61347579956055,38.21469497680664,67.73699951171875,51.858360290527344,95.27420806884766,117.16307067871094,75.42161560058594,102.34003448486328,159.47885131835938,248.42868041992188,99.1937484741211,73.01371765136719,411.32354736328125,225.00299072265625,180.3423614501953,70.24378967285156,128.12124633789062,35.94263458251953,60.15324401855469,35.71993637084961,30.592561721801758,94.03697967529297,80.70066833496094,67.67244720458984,32.19868087768555,29.46079444885254,121.31481170654297,74.14786529541016
2023-05-30,74.1739501953125,63.87886047363281,37.89193344116211,67.94691467285156,51.48445510864258,95.00201416015625,116.27742004394531,75.74571228027344,102.85540008544922,158.46124267578125,249.765380859375,98.2098159790039,73.25951385498047,413.4758605957031,223.47567749023438,180.07261657714844,70.50953674316406,127.63827514648438,35.749332427978516,60.25000762939453,35.35262680053711,30.58303451538086,93.8935546875,81.13163757324219,66.89833068847656,32.297889709472656,29.346765518188477,120.56330871582031,74.64553833007812
2023-05-31,74.75970458984375,63.45619583129883,37.24641418457031,66.98318481445312,51.858360290527344,93.903564453125,114.9346694946289,76.14386749267578,102.17155456542969,156.67333984375,247.09201049804688,96.45152282714844,72.26686096191406,409.70196533203125,225.14620971679688,177.36558532714844,70.86384582519531,128.77735900878906,35.367462158203125,60.23066711425781,34.731380462646484,30.259103775024414,92.61216735839844,80.4557876586914,66.97203063964844,32.505332946777344,29.615873336791992,121.60020446777344,73.97222137451172
2023-06-01,74.3877944946289,63.888694763183594,37.75361251831055,67.67021179199219,52.30550003051758,95.177001953125,116.3726577758789,76.19017791748047,103.26174926757812,158.6514892578125,249.8922119140625,97.79986572265625,73.16498565673828,413.9279479980469,226.97897338867188,179.6873016357422,70.87271118164062,127.92987823486328,35.83890914916992,61.043540954589844,35.16217803955078,30.58303451538086,93.79792785644531,81.27366638183594,66.916748046875,32.514347076416016,29.396936416625977,122.39925384521484,74.84558868408203
2023-06-02,75.21525573730469,65.2647476196289,38.832542419433594,69.36864471435547,52.98969268798828,97.83079528808594,120.32474517822266,77.89399719238281,103.92578125,164.50982666015625,256.61468505859375,100.85182189941406,74.96125030517578,416.7976989746094,230.18634033203125,185.4964141845703,72.60001373291016,129.35142517089844,37.041080474853516,61.12095642089844,36.232364654541016,31.249954223632812,96.52322387695312,81.73892211914062,67.83834075927734,33.19981002807617,29.702543258666992,123.96883392333984,76.60205841064453
2023-06-05,75.44769287109375,65.31388854980469,38.583560943603516,68.94880676269531,53.17086410522461,96.96562957763672,120.16285705566406,77.37545013427734,103.62844848632812,164.3671875,256.7805480957031,100.13211822509766,74.42237091064453,414.5668029785156,230.78775024414062,184.06097412109375,72.0951156616211,129.7158966064453,37.01279830932617,61.27579116821289,35.99202346801758,31.087987899780273,95.85385131835938,81.26878356933594,67.58952331542969,33.04648208618164,29.843936920166016,124.41595458984375,76.83137512207031
2023-06-06,75.4291000366211,65.93312072753906,38.86943817138672,69.88389587402344,52.719871520996094,97.94742584228516,121.07709503173828,78.04216003417969,103.80683898925781,165.68911743164062,260.2734375,100.92471313476562,75.52850341796875,415.2546691894531,229.3654022216797,185.81431579589844,72.78605651855469,129.83438110351562,37.24851989746094,61.52740478515625,36.282249450683594,31.478612899780273,96.45629119873047,81.24918365478516,67.24852752685547,33.244911193847656,29.82112693786621,123.37904357910156,77.63156127929688
2023-06-07,76.58796691894531,65.63982391357422,39.88154983520508,70.49313354492188,52.47383499145508,99.01477813720703,122.59469604492188,79.2665023803711,101.6924819946289,167.705322265625,258.7416687011719,103.78535461425781,76.0295639038086,409.072998046875,228.57310485839844,188.77182006835938,74.12359619140625,132.06695556640625,37.691673278808594,60.84031677246094,37.24361038208008,31.602466583251953,98.0053939819336,80.03460693359375,67.02735137939453,33.85821533203125,30.327425003051758,122.89391326904297,77.1046142578125
2023-06-08,76.88701629638672,66.37800598144531,39.71456527709961,70.53144836425781,52.813724517822266,98.81010437011719,122.03050231933594,78.8571548461914,102.70403289794922,167.0300750732422,261.88336181640625,103.37539672851562,75.9255599975586,413.19085693359375,229.77590942382812,189.0608673095703,73.66297912597656,132.6045684814453,37.554954528808594,61.149986267089844,37.08489227294922,31.573883056640625,98.17752075195312,80.9014663696289,67.4881362915039,33.65077590942383,30.459697723388672,123.68346405029297,78.2463150024414
2023-06-09,76.475830078125,66.56500244140625,39.46409225463867,70.51228332519531,52.88518142700195,98.63462829589844,120.99771118164062,78.37336730957031,103.1800765991211,165.72715759277344,262.546875,102.7194595336914,75.8593978881836,414.9106750488281,229.94769287109375,188.44430541992188,73.23778533935547,131.7388916015625,37.24379348754883,61.16934585571289,36.88083267211914,31.583410263061523,97.91934967041016,81.30303955078125,67.37754821777344,33.47940444946289,30.281814575195312,124.06396484375,78.65129089355469
2023-06-12,76.4290771484375,67.52957916259766,39.13011932373047,70.24407196044922,53.17099380493164,99.4729232788086,121.60973358154297,78.4664077758789,105.36187744140625,166.36436462402344,267.2594299316406,101.55333709716797,75.793212890625,423.5690002441406,231.16001892089844,190.09169006347656,73.25550842285156,131.4928436279297,37.41352081298828,61.8951301574707,36.527122497558594,31.573883056640625,98.61740112304688,83.071044921875,67.3591079711914,33.46136474609375,30.227075576782227,124.5110855102539,80.00279998779297
2023-06-13,76.30760192871094,68.2382583618164,39.32493209838867,71.02957153320312,53.44907760620117,100.26246643066406,124.74632263183594,79.04322052001953,106.09577941894531,169.94024658203125,270.0303649902344,102.11817169189453,76.38882446289062,426.6156005859375,232.62054443359375,192.13397216796875,73.72496795654297,131.4017333984375,38.28097152709961,62.098350524902344,36.69944381713867,31.764436721801758,99.76490020751953,83.57546997070312,67.63558197021484,33.70488739013672,30.222518920898438,125.13890075683594,80.83224487304688
2023-06-14,76.25150299072266,68.26776885986328,38.926025390625,70.59850311279297,52.979801177978516,99.87255859375,124.17255401611328,79.44327545166016,107.08750915527344,169.13186645507812,269.279052734375,101.10693359375,76.07683563232422,430.143798828125,230.253173828125,191.3054962158203,73.99958038330078,131.2103729248047,38.12068176269531,62.204803466796875,36.323062896728516,31.640573501586914,99.49713134765625,84.43743896484375,68.05030822753906,33.88526916503906,30.204273223876953,123.8547134399414,80.773681640625
2023-06-15,77.03657531738281,68.88784790039062,39.33420944213867,71.59471893310547,53.73103713989258,101.38340759277344,125.34877014160156,79.86193084716797,108.4660415649414,170.66299438476562,271.13287353515625,102.31861114501953,77.04114532470703,435.7555236816406,233.67054748535156,194.234130859375,74.38934326171875,132.64102172851562,38.44597625732422,63.191864013671875,36.722110748291016,32.05978775024414,100.9984359741211,85.52468872070312,68.73228454589844,34.02958679199219,30.532670974731445,125.77626037597656,81.30064392089844
2023-06-16,77.42908477783203,68.51383209228516,39.31565475463867,71.31693267822266,53.756141662597656,101.16899108886719,125.28182220458984,79.83402252197266,107.5833740234375,170.58692932128906,270.55712890625,102.25482940673828,76.76697540283203,431.9914245605469,233.42234802246094,193.81024169921875,74.336181640625,133.26068115234375,38.540260314941406,62.6693115234375,36.66769027709961,31.99309730529785,100.83588409423828,84.81944274902344,68.81523132324219,33.99350357055664,30.696884155273438,125.76673889160156,81.17865753173828
2023-06-20,76.61600494384766,68.57288360595703,38.43434524536133,70.80924224853516,53.69240188598633,100.49639892578125,123.49359893798828,78.99669647216797,107.0577621459961,168.3805389404297,271.8743896484375,100.041015625,76.19974517822266,429.47552490234375,233.33642578125,192.67344665527344,73.45923614501953,131.64776611328125,38.018653869628906,62.363975524902344,35.84700393676758,31.75383758544922,100.08700561523438,84.24622344970703,68.29175567626953,33.628353118896484,30.336868286132812,125.62537384033203,81.78683471679688
2023-06-21,77.18607330322266,68.07093048095703,38.731204986572266,70.59850311279297,53.673091888427734,100.72059631347656,123.9334945678711,78.6524658203125,105.29246520996094,168.77047729492188,269.1814880371094,100.97026824951172,75.96337890625,422.8909606933594,233.16461181640625,193.7909698486328,73.01634979248047,132.64102172851562,38.14183807373047,61.74363708496094,36.13063049316406,31.71555519104004,100.64385986328125,82.9996566772461,68.5330810546875,33.4826545715332,30.58055305480957,125.64447021484375,80.80416107177734
2023-06-22,76.66272735595703,68.61225128173828,38.23025131225586,69.79386138916016,54.02264404296875,100.17473602294922,123.36927032470703,77.49884033203125,106.37345886230469,168.1998291015625,272.3622131347656,99.6401596069336,75.34886932373047,426.3699645996094,234.51055908203125,192.4904327392578,71.9710922241211,131.7115478515625,38.05181884765625,62.228275299072266,35.645721435546875,31.466733932495117,99.91421508789062,83.67692565917969,68.93217468261719,33.00914764404297,30.346059799194336,126.50413513183594,81.83573913574219
2023-06-23,75.60665893554688,68.0413818359375,37.88700485229492,69.3244857788086,53.79283142089844,99.51189422607422,122.45126342773438,76.51265716552734,105.41146850585938,166.9254608154297,269.279052734375,98.76554870605469,74.8667221069336,421.4167175292969,233.42234802246094,190.85272216796875,70.97898864746094,129.57012939453125,37.74388885498047,62.09257507324219,35.38954162597656,31.33275032043457,99.15575408935547,82.76898956298828,68.47737884521484,32.65401840209961,29.900068283081055,126.0838623046875,80.88728332519531
2023-06-26,76.31694030761719,67.68704986572266,38.50856018066406,69.43942260742188,53.472251892089844,99.90180206298828,123.68484497070312,78.25242614746094,104.24122619628906,168.47564697265625,266.3032531738281,100.39629364013672,74.81944274902344,417.99664306640625,231.91412353515625,192.4133758544922,72.61773681640625,130.8640899658203,38.13710403442383,61.472232818603516,36.02541732788086,31.265756607055664,99.98141479492188,82.1751480102539,68.57020568847656,33.38249969482422,30.1943302154541,125.36747741699219,79.85082244873047
2023-06-27,76.48516845703125,68.86817169189453,38.64771270751953,70.00458526611328,53.38148880004883,101.15922546386719,125.38701629638672,79.19210052490234,106.25444030761719,170.8531951904297,272.0011901855469,100.76982879638672,75.51903533935547,426.4486083984375,231.50367736816406,195.1878662109375,73.51239013671875,130.94607543945312,38.67717742919922,62.50937271118164,36.107757568359375,31.51458740234375,101.18151092529297,83.79471588134766,68.77438354492188,33.74673080444336,30.203527450561523,125.08092498779297,81.56684112548828
2023-06-28,75.41974639892578,69.09454345703125,39.018795013427734,69.90880584716797,53.211544036865234,101.15922546386719,124.46902465820312,79.31303405761719,106.56187438964844,169.9497528076172,272.7524719238281,101.70820617675781,75.43395233154297,427.54931640625,231.0454559326172,195.29383850097656,73.61869049072266,129.12359619140625,38.4118766784668,62.79046630859375,36.47372817993164,31.438018798828125,101.18151092529297,83.8437728881836,68.31031036376953,33.837791442871094,29.75753402709961,124.67974853515625,81.88951110839844
2023-06-29,75.51321411132812,69.09454345703125,39.46409225463867,70.99124908447266,53.520538330078125,102.45564270019531,126.00859832763672,80.11312103271484,106.44286346435547,172.4683074951172,273.413330078125,103.06023406982422,76.66980743408203,428.4705810546875,232.47007751464844,197.08224487304688,74.44103240966797,129.16220092773438,38.89510726928711,62.451210021972656,36.89460372924805,31.9835205078125,102.1607666015625,83.99102020263672,68.24534606933594,34.14738845825195,29.75753402709961,125.49166107177734,81.9775161743164
2023-06-30,76.40104675292969,70.04927062988281,39.742401123046875,71.47020721435547,54.121131896972656,103.36215209960938,127.23262023925781,80.51318359375,107.97016143798828,173.86326599121094,276.8545227050781,103.75873565673828,77.23067474365234,435.22296142578125,234.54905700683594,198.6869659423828,74.85309600830078,130.5765838623047,39.2598876953125,63.08124923706055,37.13248062133789,32.26105880737305,103.034423828125,85.325927734375,68.83935546875,34.320404052734375,30.088586807250977,126.78114318847656,83.01885986328125
2023-07-03,76.81226348876953,70.60044860839844,39.90010452270508,71.9779052734375,53.66344451904297,103.59609985351562,127.90204620361328,81.20165252685547,107.82138061523438,174.8187255859375,280.1489562988281,104.08963775634766,77.82959747314453,434.4847717285156,232.73834228515625,198.74497985839844,75.58766174316406,131.53179931640625,39.40675735473633,63.29448699951172,37.219398498535156,32.4428825378418,103.05363464355469,85.14433288574219,69.37767028808594,34.593597412109375,30.313871383666992,125.73999786376953,84.02107238769531
2023-07-05,77.61599731445312,70.53153991699219,39.65890121459961,71.52767181396484,53.603572845458984,103.06973266601562,124.81328582763672,81.48076629638672,107.48419189453125,170.51919555664062,279.8262939453125,103.56574249267578,77.51588439941406,431.78778076171875,232.527587890625,197.459228515625,75.75785827636719,132.89109802246094,38.43555450439453,63.77914810180664,37.01353454589844,32.37590408325195,102.49678802490234,84.61920166015625,69.25702667236328,34.76659393310547,30.65871810913086,125.67316436767578,84.0552978515625
2023-07-06,76.73749542236328,69.49809265136719,38.7404899597168,70.87629699707031,53.13236999511719,102.16321563720703,123.85697937011719,80.82952117919922,106.91891479492188,169.1624755859375,275.11431884765625,101.17603302001953,76.69832611083984,430.11444091796875,230.4486083984375,195.41952514648438,75.17558288574219,131.28379821777344,38.15605163574219,63.27511215209961,36.18095397949219,32.098365783691406,101.7287368774414,84.39346313476562,69.08067321777344,34.57537078857422,30.28628921508789,124.67020416259766,82.7010726928711
2023-07-07,76.20479583740234,69.51778411865234,39.59396743774414,71.2882080078125,52.531768798828125,102.35816955566406,125.367919921875,80.61553192138672,106.49246215820312,171.05426025390625,276.150634765625,103.49219512939453,76.98351287841797,428.6477966308594,228.23550415039062,196.337890625,75.00538635253906,130.26434326171875,38.48767852783203,63.05217742919922,36.95864486694336,32.146209716796875,101.95915985107422,84.02537536621094,68.18038940429688,34.411468505859375,30.06559181213379,123.21832275390625,82.80374145507812
2023-07-10,75.96180725097656,69.95083618164062,39.90937805175781,71.5085220336914,53.006839752197266,103.55709838867188,125.6834487915039,80.9504623413086,106.71062469482422,171.3504180908203,277.19659423828125,104.22750854492188,77.40180206298828,430.3702697753906,230.5348358154297,199.0059814453125,75.32787322998047,129.7592010498047,38.47820281982422,62.88739013671875,37.24685287475586,32.289772033691406,103.40885925292969,84.24622344970703,68.16183471679688,34.52983856201172,29.93684959411621,124.19258880615234,83.0579605102539
2023-07-11,76.78421783447266,70.82682800292969,40.79996109008789,72.4281234741211,53.00491714477539,104.89250946044922,126.95531463623047,82.03897094726562,107.13709259033203,173.0320281982422,280.1391906738281,106.58961486816406,78.40949249267578,431.99444580078125,230.6018829345703,201.37440490722656,76.40283966064453,131.3297576904297,38.85720443725586,63.98268508911133,38.065711975097656,32.67257308959961,104.6281509399414,84.42780303955078,68.263916015625,34.92140197753906,30.309280395507812,124.22125244140625,83.75218963623047
2023-07-12,77.75615692138672,71.29926300048828,41.19887161254883,72.89750671386719,52.91221618652344,105.15568542480469,128.97303771972656,82.48555755615234,108.51558685302734,175.47799682617188,283.0426025390625,107.44439697265625,79.02740478515625,436.5124816894531,230.17076110839844,201.45175170898438,76.81491088867188,133.29522705078125,39.368858337402344,64.75811767578125,38.41796112060547,32.88311767578125,104.44573974609375,85.38482666015625,68.42171478271484,35.08531188964844,30.75067138671875,123.88691711425781,84.50506591796875
2023-07-13,77.98982238769531,71.712646484375,41.05044174194336,73.338134765625,52.94891357421875,105.55533599853516,129.67115783691406,83.0623779296875,110.46930694580078,176.61497497558594,285.52569580078125,107.0216064453125,79.6072998046875,443.01873779296875,230.28573608398438,202.05108642578125,77.3075942993164,133.7911834716797,39.676795959472656,65.70801544189453,38.271568298339844,32.997962951660156,104.58013916015625,86.4988784790039,68.70941925048828,35.32206344604492,30.85642433166504,123.93470764160156,85.2970962524414
2023-07-14,77.65336608886719,71.6535873413086,39.96503829956055,72.75381469726562,53.67888641357422,105.1946792602539,128.47581481933594,82.94141387939453,110.27098083496094,175.44931030273438,285.85809326171875,104.21830749511719,79.04641723632812,441.4339599609375,233.4568634033203,201.22940063476562,77.1552963256836,133.26766967773438,39.44466018676758,65.08767700195312,37.26057434082031,32.77784729003906,104.27291870117188,86.37128448486328,68.94145202636719,35.32206344604492,30.73688316345215,125.79729461669922,85.51709747314453
2023-07-17,76.93376159667969,71.91934967041016,40.029991149902344,73.56804656982422,53.43942642211914,105.7795181274414,128.62879943847656,82.38321685791016,111.5106430053711,175.630859375,286.8063659667969,104.21830749511719,79.8639907836914,447.310302734375,232.4604949951172,202.12844848632812,76.65365600585938,131.82571411132812,39.48255920410156,64.85504913330078,37.1873779296875,33.09366226196289,104.66653442382812,87.47551727294922,68.73727416992188,35.02156448364258,30.38283920288086,125.22419738769531,85.86421203613281
2023-07-18,76.3917007446289,72.4114761352539,40.45671463012695,74.77501678466797,53.80441665649414,106.23765563964844,129.65200805664062,81.89942932128906,112.54203796386719,177.23602294921875,288.1163330078125,105.55101013183594,80.9477310180664,452.36968994140625,233.95506286621094,203.67518615722656,76.23262786865234,130.9623260498047,39.79049301147461,65.3009262084961,37.562503814697266,33.46689987182617,105.2521743774414,88.46687316894531,68.66301727294922,34.73017501831055,30.148351669311523,126.15074920654297,86.21621704101562
2023-07-19,77.13937377929688,72.66737365722656,40.651527404785156,75.28270721435547,54.011051177978516,106.22791290283203,128.7818145751953,82.8018798828125,112.2445297241211,176.41432189941406,289.9346618652344,106.01976776123047,81.46106719970703,451.17864990234375,234.9035186767578,203.7041778564453,77.09259796142578,132.3032989501953,39.57731246948242,65.4850845336914,37.782081604003906,33.61044692993164,105.20419311523438,88.24603271484375,69.35910034179688,35.11262512207031,30.456405639648438,126.73338317871094,86.51931762695312
2023-07-20,78.5972900390625,71.00399780273438,41.069000244140625,75.9053726196289,54.74876022338867,106.04270935058594,129.0113067626953,82.55068969726562,109.51725006103516,176.55763244628906,281.05810546875,107.20541381835938,81.85084533691406,441.630859375,237.9117889404297,204.06185913085938,76.84176635742188,134.59024047851562,39.67205810546875,64.18624877929688,38.22582244873047,33.859275817871094,105.67461395263672,86.48413848876953,69.95311737060547,34.994258880615234,31.012754440307617,128.83477783203125,83.57129669189453
2023-07-21,79.681396484375,70.92523956298828,41.37513732910156,75.66587829589844,55.316524505615234,105.66255187988281,128.9635009765625,82.93212127685547,109.39823913574219,176.4525146484375,280.9603576660156,108.06019592285156,81.44206237792969,440.8729248046875,240.24945068359375,203.12411499023438,77.20011138916016,136.4271697998047,39.676795959472656,63.54650115966797,38.564353942871094,33.74442672729492,105.1753921508789,86.43998718261719,70.19441223144531,35.1490478515625,31.47713851928711,130.13381958007812,83.59085083007812
2023-07-24,79.4103775024414,71.1319351196289,42.01524353027344,76.34600067138672,55.14657974243164,106.08169555664062,129.48944091796875,83.60197448730469,109.59659576416016,176.89205932617188,282.2507629394531,109.79733276367188,82.26912689208984,441.37493896484375,239.47340393066406,203.51083374023438,77.83612823486328,136.05978393554688,39.79997253417969,63.662818908691406,39.18650817871094,34.069820404052734,105.4154052734375,86.59211730957031,70.46357727050781,35.48597717285156,31.39438247680664,129.84727478027344,84.13841247558594
2023-07-25,79.5131607055664,70.92523956298828,42.265716552734375,75.8766098022461,55.152374267578125,106.09143829345703,131.765380859375,83.01586151123047,110.70733642578125,179.9972686767578,281.7619934082031,110.44989776611328,81.70824432373047,446.3949279785156,239.25306701660156,203.28848266601562,77.28073120117188,136.32611083984375,40.51533126831055,63.86636734008789,39.392356872558594,33.84970474243164,105.28101348876953,87.58348846435547,70.44502258300781,35.221900939941406,31.44955062866211,129.7899627685547,83.94285583496094
2023-07-26,79.2795181274414,71.07288360595703,42.228614807128906,76.61421966552734,55.16975402832031,106.41311645507812,131.22027587890625,83.44380950927734,110.25114440917969,179.7583770751953,282.02593994140625,110.4315185546875,82.43073272705078,441.2568359375,239.20516967773438,204.63218688964844,77.63008117675781,136.3628692626953,40.37794494628906,64.86473846435547,39.40608596801758,34.05068588256836,106.0202407836914,86.4056167602539,70.52855682373047,35.34938049316406,31.44955062866211,129.7039794921875,83.92328643798828
2023-07-27,77.95243835449219,70.32486724853516,41.96886444091797,75.70418548583984,54.725582122802734,105.49685668945312,130.28314208984375,81.61101531982422,110.17179107666016,178.36343383789062,279.1615905761719,109.64107513427734,81.2994613647461,439.2290954589844,237.48065185546875,202.6407928466797,75.94597625732422,133.91061401367188,40.11738204956055,65.40754699707031,39.15447998046875,33.620025634765625,105.10818481445312,86.15533447265625,69.90670776367188,34.60268783569336,30.89320945739746,128.74880981445312,83.0530776977539
2023-07-28,77.7842025756836,71.39768981933594,42.08019256591797,75.83830261230469,54.938011169433594,106.0232162475586,131.31594848632812,81.45285034179688,112.32386016845703,179.66285705566406,284.51873779296875,110.17414855957031,81.53712463378906,445.4696044921875,238.43873596191406,203.96517944335938,75.88326263427734,133.5340118408203,40.39689636230469,66.69669342041016,39.27342224121094,33.687015533447266,105.76103973388672,87.32828521728516,70.63064575195312,34.502525329589844,30.82424545288086,129.13088989257812,84.46107482910156
2023-07-31,77.83094024658203,71.88982391357422,42.88727569580078,76.06820678710938,54.509300231933594,106.40337371826172,132.616455078125,81.91802215576172,112.73046875,180.72340393066406,286.2589111328125,112.36164855957031,81.87936401367188,447.67449951171875,236.9633331298828,204.931884765625,76.3759536743164,133.7177276611328,40.6100959777832,66.67732238769531,40.01909255981445,33.81142807006836,106.01063537597656,87.52949523925781,70.30580139160156,34.775699615478516,30.838035583496094,128.1374969482422,84.9402084350586
2023-08-01,76.98047637939453,71.2008285522461,42.66463088989258,75.79998779296875,54.21769332885742,106.96871185302734,131.64109802246094,81.7598648071289,112.65113067626953,179.84439086914062,283.31640625,111.81938171386719,81.78428649902344,447.9107666015625,235.61245727539062,205.52159118652344,76.25054168701172,132.03695678710938,40.4300651550293,66.59005737304688,39.83152770996094,33.81142807006836,106.32746887207031,87.6767349243164,69.92526245117188,34.71196365356445,30.461008071899414,127.46885681152344,83.97708892822266
2023-08-02,77.03657531738281,70.01972961425781,42.04307174682617,75.23481750488281,54.13850784301758,105.68205261230469,129.4225311279297,81.28538513183594,109.52716064453125,177.1309051513672,278.1937561035156,110.38555908203125,81.06179809570312,435.99078369140625,235.2963409423828,203.41416931152344,75.81160736083984,132.10125732421875,39.927886962890625,65.3396987915039,39.310020446777344,33.52431869506836,105.21377563476562,85.50749206542969,70.17584991455078,34.56626510620117,30.461008071899414,127.5548095703125,82.4712905883789
2023-08-03,75.32630157470703,70.04927062988281,42.50692367553711,75.47431182861328,53.83918762207031,105.07772064208984,128.39930725097656,80.39226531982422,109.03130340576172,176.02259826660156,279.2006530761719,111.60797119140625,81.16636657714844,434.2681884765625,233.8496856689453,201.82875061035156,74.98746490478516,129.11624145507812,39.68153381347656,65.1749038696289,39.70801544189453,33.543460845947266,104.55133819580078,85.15906524658203,69.98095703125,34.09275817871094,29.766725540161133,126.91485595703125,82.66685485839844
2023-08-04,74.475830078125,70.57091522216797,42.534751892089844,75.23481750488281,53.70592498779297,104.49285125732422,127.86378479003906,79.77820587158203,107.87096405029297,175.55442810058594,283.081787109375,111.75503540039062,80.89067077636719,428.5985412597656,233.32275390625,200.8330535888672,74.37832641601562,127.71102905273438,39.59152603149414,65.02950286865234,39.762908935546875,33.409481048583984,103.91768646240234,84.00084686279297,69.28485870361328,33.75584030151367,29.421886444091797,126.4659194946289,83.86953735351562
2023-08-07,74.53190612792969,71.30911254882812,42.60896682739258,76.22148132324219,54.277557373046875,105.65282440185547,128.9635009765625,80.74577331542969,108.50569915771484,176.7391815185547,285.67230224609375,111.95724487304688,81.85084533691406,429.317138671875,235.26760864257812,203.12411499023438,75.30995178222656,127.83041381835938,39.85208511352539,66.03758239746094,39.80864715576172,33.878421783447266,105.194580078125,84.23641204833984,69.85102081298828,34.18381881713867,29.41728973388672,127.92736053466797,84.72996520996094
2023-08-08,74.78424835205078,70.90557098388672,42.82233810424805,75.54135131835938,54.69082260131836,105.00947570800781,127.39521789550781,80.2061767578125,107.44452667236328,175.00025939941406,283.57049560546875,112.60062408447266,80.99525451660156,425.32080078125,236.92501831054688,202.06076049804688,74.82621765136719,128.2069854736328,39.43044662475586,65.8534164428711,40.00536346435547,33.57217788696289,104.71454620361328,83.5886001586914,69.34983825683594,34.01080322265625,29.55522346496582,128.91119384765625,84.0552978515625
2023-08-09,75.04592895507812,70.17720794677734,43.38823318481445,74.82292938232422,54.65993118286133,104.75604248046875,127.28044128417969,80.2433853149414,105.85774230957031,174.14035034179688,280.25653076171875,114.0344467163086,80.38683319091797,419.36572265625,236.75254821777344,201.64508056640625,74.8172607421875,128.57435607910156,39.26936721801758,65.14582824707031,40.50857925415039,33.32334518432617,104.65694427490234,82.50888061523438,69.45191955566406,34.09275817871094,29.619596481323242,128.87298583984375,83.0579605102539
2023-08-10,74.76555633544922,70.40359497070312,43.33256912231445,74.80374145507812,54.636749267578125,104.73654174804688,127.02225494384766,79.93637084960938,106.00650024414062,174.14991760253906,281.0288391113281,113.88738250732422,80.48191833496094,419.7594299316406,236.58010864257812,201.1520538330078,74.53062438964844,128.14268493652344,39.297794342041016,65.36878967285156,40.504005432128906,33.35205841064453,104.36892700195312,82.51869201660156,69.31269836425781,33.983482360839844,29.52763557434082,128.78701782226562,83.25841522216797
2023-08-11,75.10199737548828,70.03942108154297,43.944847106933594,75.00492858886719,54.92063522338867,104.726806640625,126.64930725097656,80.09452056884766,105.19329071044922,173.59573364257812,279.6797180175781,115.51420593261719,80.55794525146484,417.0033874511719,237.92138671875,201.3357391357422,74.64706420898438,128.78562927246094,39.18883514404297,65.0586166381836,41.12615966796875,33.41904830932617,104.54173278808594,81.9101333618164,69.42407989501953,34.04722595214844,29.688562393188477,129.58938598632812,82.974853515625
2023-08-14,74.51321411132812,70.21659088134766,43.79642105102539,74.65049743652344,55.140785217285156,104.98998260498047,127.4334487915039,79.53630828857422,106.88916015625,174.26454162597656,280.7648010253906,114.97193145751953,80.37733459472656,423.15533447265625,238.54409790039062,201.82875061035156,74.15437316894531,127.6467056274414,39.274105072021484,65.53353881835938,40.95232391357422,33.35205841064453,104.58013916015625,83.21559143066406,69.08067321777344,33.86510467529297,29.45406723022461,129.9810028076172,83.22908020019531
2023-08-15,73.2702407836914,69.37996673583984,42.85016632080078,73.23278045654297,54.95153045654297,103.61560821533203,124.98539733886719,78.58734893798828,105.81807708740234,171.28355407714844,276.9326477050781,112.5914306640625,78.82776641845703,418.9720153808594,237.65310668945312,199.11231994628906,73.32127380371094,125.35059356689453,38.63454818725586,64.95198822021484,40.101436614990234,32.73956298828125,103.24564361572266,82.39601135253906,68.3381576538086,33.51907730102539,28.975889205932617,129.50340270996094,82.0948486328125
2023-08-16,73.56929016113281,68.75003814697266,42.488365173339844,73.05077362060547,54.5537109375,103.00150299072266,124.28731536865234,77.6941909790039,104.69741821289062,170.19435119628906,273.30584716796875,111.69989013671875,78.59011840820312,415.00518798828125,235.71786499023438,197.7879638671875,72.41651916503906,125.92921447753906,38.37397384643555,64.17654418945312,39.75375747680664,32.69171142578125,102.66961669921875,81.61077117919922,68.18038940429688,33.10931396484375,29.104633331298828,128.5195770263672,81.07794189453125
2023-08-17,73.30763244628906,67.65752410888672,42.970767974853516,72.73464965820312,54.211891174316406,102.09497833251953,124.45944213867188,77.15458679199219,103.59658813476562,169.74530029296875,268.799072265625,113.0601806640625,78.1623306274414,410.4675598144531,233.6484832763672,195.82554626464844,71.83424377441406,125.56184387207031,38.29817581176758,63.43988800048828,40.229530334472656,32.52902603149414,101.80554962158203,80.83534240722656,67.52142333984375,32.86345291137695,29.04026222229004,127.49752044677734,79.70417022705078
2023-08-18,73.62538146972656,67.70674896240234,43.33256912231445,72.67718505859375,54.18678283691406,102.06574249267578,124.17255401611328,77.34066772460938,103.63626861572266,169.74530029296875,268.5938415527344,114.22745513916016,78.2383804321289,411.2649230957031,233.80177307128906,196.30886840820312,72.05819702148438,126.15882873535156,38.29344177246094,63.06187057495117,40.62751770019531,32.51945114135742,101.99755859375,80.95804595947266,67.7719955444336,32.954505920410156,29.191991806030273,127.54527282714844,79.52327728271484
2023-08-21,73.22350311279297,67.97249603271484,43.11920166015625,72.56224060058594,54.27369689941406,102.03650665283203,124.4307632446289,76.66150665283203,105.57014465332031,169.76438903808594,270.8813171386719,113.54731750488281,78.13380432128906,418.3420715332031,234.1658477783203,196.0768585205078,71.39530181884766,125.42407989501953,38.29817581176758,63.51742172241211,40.371341705322266,32.481170654296875,101.87274169921875,82.50397491455078,67.3172378540039,32.67223358154297,29.008075714111328,127.67900848388672,80.4375
2023-08-22,73.38238525390625,67.8839111328125,42.78522872924805,71.7000961303711,54.10567855834961,102.0462417602539,124.44985961914062,76.91270446777344,105.45113372802734,169.5255126953125,270.8813171386719,112.72928619384766,77.36376953125,418.49951171875,233.50477600097656,195.66119384765625,71.60135650634766,125.73634338378906,38.265010833740234,63.51742172241211,40.06025695800781,32.174922943115234,101.63273620605469,82.41072845458984,66.93669891357422,32.77239227294922,29.090839385986328,127.23005676269531,80.55484008789062
2023-08-23,73.66277313232422,68.48430633544922,42.67390441894531,72.485595703125,54.304595947265625,103.04048919677734,124.59329223632812,78.15009307861328,107.53378295898438,169.9268341064453,272.9734191894531,112.37084197998047,78.0767593383789,426.098388671875,234.14666748046875,197.7396240234375,72.73006439208984,126.20479583740234,38.326595306396484,64.54488372802734,39.959625244140625,32.49074172973633,102.67921447753906,83.89776611328125,67.38218688964844,33.25501251220703,29.205787658691406,127.61214447021484,81.20018005371094
2023-08-24,73.22350311279297,67.09648895263672,42.29355239868164,72.43769073486328,53.86042404174805,101.9097900390625,123.86654663085938,77.81515502929688,104.99494171142578,169.1911163330078,267.6552734375,111.51606750488281,77.91515350341797,416.2061462402344,232.34556579589844,195.4098358154297,72.45236206054688,125.48836517333984,38.1655158996582,63.304176330566406,39.68513870239258,32.37590408325195,101.43111419677734,81.964111328125,66.84386444091797,33.1002082824707,29.035669326782227,126.50413513183594,79.61127471923828
2023-08-25,73.7562255859375,67.6181640625,42.72029113769531,72.55265045166016,54.221553802490234,102.76756286621094,124.48812103271484,77.9547119140625,105.91726684570312,169.85037231445312,270.157958984375,112.65576934814453,78.18132781982422,420.389404296875,234.02212524414062,196.72454833984375,72.50609588623047,126.37006378173828,38.27922439575195,63.37202835083008,40.06941223144531,32.52902603149414,102.28558349609375,82.79845428466797,67.21513366699219,33.1912727355957,29.256362915039062,127.4306640625,80.50106048583984
2023-08-28,73.76556396484375,67.98234558105469,43.03570556640625,72.92623138427734,54.34514617919922,103.68383026123047,125.39659881591797,78.60595703125,106.7999038696289,171.03512573242188,271.40924072265625,113.46459197998047,78.65665435791016,423.6180114746094,234.4532470703125,198.3292999267578,73.1869125366211,126.37928771972656,38.558738708496094,64.14747619628906,40.33931350708008,32.71085739135742,103.12084197998047,83.47570037841797,67.52142333984375,33.45534133911133,29.251766204833984,127.72676086425781,80.82373046875
2023-08-29,74.04593658447266,69.32090759277344,43.19342041015625,73.72130584716797,54.866554260253906,104.6585693359375,127.58643341064453,79.554931640625,109.07096862792969,174.1116943359375,277.8809814453125,113.81385040283203,79.46471405029297,432.15191650390625,236.58010864257812,200.359375,74.07374572753906,126.87522888183594,39.19831466674805,65.57232666015625,40.44911193847656,33.00753402709961,103.90809631347656,85.14924621582031,67.76272583007812,33.837791442871094,29.36211395263672,128.87298583984375,82.84286499023438
2023-08-30,73.77489471435547,69.73429870605469,43.42533874511719,73.78836059570312,54.870426177978516,105.14594268798828,127.89247131347656,79.85265350341797,110.00320434570312,174.46522521972656,279.2593688964844,114.41127014160156,79.53126525878906,435.71514892578125,236.69505310058594,201.39373779296875,74.34249114990234,126.37928771972656,39.288326263427734,65.58201599121094,40.65039825439453,33.026668548583984,104.3785171508789,85.79214477539062,67.87411499023438,33.95616912841797,29.228771209716797,128.77748107910156,83.1997299194336
2023-08-31,73.15809631347656,69.84257507324219,43.46244430541992,73.62552642822266,54.304595947265625,104.82427215576172,127.93073272705078,79.3967514038086,110.54866027832031,174.35055541992188,280.4911193847656,114.54914093017578,79.379150390625,437.90032958984375,234.18496704101562,200.7267303466797,73.7960433959961,125.2403793334961,39.26936721801758,65.64985656738281,40.6778450012207,32.90226364135742,103.90809631347656,86.20932006835938,67.53070068359375,33.710296630859375,28.948305130004883,127.23963928222656,83.45885467529297
2023-09-01,72.84034729003906,69.62603759765625,44.3251953125,74.18112182617188,54.45135498046875,105.56509399414062,128.92527770996094,79.44327545166016,110.8561019897461,176.3187713623047,279.8262939453125,116.92045593261719,80.0636215209961,439.6622314453125,234.97056579589844,201.94476318359375,73.92147064208984,124.79032897949219,39.709957122802734,65.03921508789062,41.51042175292969,33.19892883300781,104.455322265625,86.47433471679688,66.95525360107422,33.69209289550781,28.801170349121094,127.58348846435547,82.9504165649414
2023-09-05,71.80297088623047,69.39965057373047,44.501461029052734,73.46267700195312,53.92607879638672,103.83978271484375,126.72582244873047,78.45709991455078,111.26271057128906,172.52565002441406,278.9074401855469,117.40757751464844,79.22705078125,440.4103088378906,232.64251708984375,198.0779571533203,73.06148529052734,122.84321594238281,38.97563934326172,65.02950286865234,41.730010986328125,32.863983154296875,102.69841003417969,86.78353118896484,66.37981414794922,33.35517501831055,28.359771728515625,126.26535034179688,83.00906372070312
2023-09-06,71.92445373535156,68.99612426757812,44.464359283447266,73.23278045654297,53.61323165893555,103.52786254882812,126.36243438720703,78.29893493652344,110.17179107666016,171.9714813232422,276.2776184082031,117.38921356201172,78.97987365722656,435.37066650390625,231.3300323486328,197.41091918945312,72.90921783447266,122.95343780517578,38.89036560058594,64.82597351074219,41.74831771850586,32.84484100341797,102.25677490234375,85.86576843261719,66.30555725097656,33.29143524169922,28.424144744873047,125.57762145996094,82.2708511352539
2023-09-07,72.7936019897461,69.06501770019531,44.39013671875,73.16571807861328,53.817928314208984,103.15745544433594,125.57827758789062,78.81063079833984,108.9023666381836,170.9300537109375,277.18682861328125,117.2145767211914,78.82776641845703,428.8545227050781,231.97190856933594,196.4248809814453,73.36607360839844,124.48723602294922,38.71508026123047,64.70965576171875,41.70713806152344,32.758705139160156,101.9207534790039,84.6241226196289,66.46334838867188,33.56462097167969,28.796571731567383,126.14115905761719,82.5006332397461
2023-09-08,73.37305450439453,69.12406158447266,44.80760192871094,73.44351959228516,53.783172607421875,102.72858428955078,125.47309875488281,78.41058349609375,109.14039611816406,171.10203552246094,277.19659423828125,118.42781066894531,79.13198852539062,429.4057312011719,231.75155639648438,195.67086791992188,73.07942962646484,125.67205047607422,38.75298309326172,64.90351867675781,42.10970687866211,32.82570266723633,101.41191101074219,84.80078887939453,66.546875,33.3460693359375,29.049455642700195,126.14115905761719,82.5006332397461
2023-09-11,73.61602783203125,70.28549194335938,44.24170684814453,73.74047088623047,54.113407135009766,102.86502838134766,125.63565063476562,78.41058349609375,109.91395568847656,171.4459686279297,283.44342041015625,116.82854461669922,79.38866424560547,431.4432678222656,233.55267333984375,195.9415740966797,73.08837127685547,126.05780029296875,38.918792724609375,65.88249969482422,41.556175231933594,32.978824615478516,101.44071960449219,85.24249267578125,67.12232971191406,33.364280700683594,29.169004440307617,127.01038360595703,84.72019958496094
2023-09-12,73.8590316772461,69.81304931640625,45.23434066772461,74.51639556884766,54.04387664794922,102.49462127685547,125.38701629638672,78.50361633300781,108.00982666015625,171.06381225585938,281.04827880859375,119.53076934814453,79.96855163574219,423.8837585449219,232.92994689941406,195.1875,73.05254364013672,126.35173034667969,38.82878494262695,65.1943130493164,42.53515625,33.19892883300781,101.07589721679688,83.69654083251953,66.546875,33.364280700683594,29.205787658691406,126.84799194335938,83.95262908935547
2023-09-13,74.65340423583984,69.84257507324219,44.84470748901367,74.3056411743164,54.06898498535156,101.92927551269531,124.62199401855469,77.66629791259766,108.33709716796875,170.2325439453125,282.6515808105469,118.56566619873047,79.81644439697266,424.4546203613281,233.09280395507812,193.8341064453125,72.25528717041016,127.77530670166016,38.601383209228516,65.40754699707031,42.21492004394531,33.19892883300781,100.40384674072266,83.90757751464844,66.75106811523438,33.0273551940918,29.55522346496582,126.8670883178711,84.61753845214844
2023-09-14,75.6907730102539,70.40359497070312,45.42915344238281,75.28270721435547,54.1558837890625,102.70907592773438,126.53456115722656,79.10834503173828,109.14039611816406,172.8600311279297,285.4670715332031,119.96272277832031,80.63400268554688,427.4272155761719,233.3994140625,196.0575408935547,73.56314849853516,129.55711364746094,39.14618682861328,66.31865692138672,42.708984375,33.50517654418945,101.3927230834961,84.51614379882812,67.42859649658203,33.628353118896484,29.9874267578125,127.2682876586914,85.44864654541016
2023-09-15,75.37301635742188,69.39965057373047,44.80760192871094,74.85165405273438,53.68855667114258,102.06574249267578,125.41569519042969,78.689697265625,107.13709259033203,171.04469299316406,280.6573181152344,118.46456146240234,80.23474884033203,419.6512451171875,231.732421875,194.73316955566406,73.28543853759766,128.96929931640625,38.7103385925293,65.4366226196289,42.091407775878906,33.33292007446289,100.80707550048828,82.89167785644531,66.87173461914062,33.500877380371094,29.858684539794922,126.26535034179688,83.98685455322266
2023-09-18,75.2795639038086,68.83863830566406,45.04880905151367,75.04322814941406,53.55915451049805,102.34841918945312,124.91844940185547,78.07566833496094,107.543701171875,170.3280792236328,277.577880859375,119.14471435546875,80.31078338623047,421.3540344238281,230.93719482421875,194.7524871826172,72.63151550292969,128.96929931640625,38.5494384765625,65.48324584960938,42.448097229003906,33.42424392700195,100.91889953613281,83.2900619506836,66.84835815429688,33.20807647705078,29.836437225341797,126.07352447509766,83.07345581054688
2023-09-19,74.92442321777344,68.55320739746094,44.6777229309082,75.03365325927734,53.60744094848633,101.841552734375,124.88977813720703,77.72212219238281,107.41475677490234,170.07968139648438,275.984375,118.0601577758789,80.18719482421875,420.60595703125,231.08090209960938,194.0274658203125,72.3000717163086,128.27127075195312,38.51612091064453,65.5318603515625,42.051780700683594,33.38578796386719,100.49473571777344,83.24578857421875,66.68951416015625,33.033687591552734,29.674203872680664,126.17901611328125,82.65716552734375
2023-09-20,74.98986053466797,68.05123901367188,44.278812408447266,74.53553771972656,53.574607849121094,101.30543518066406,123.60835266113281,77.80583953857422,105.58999633789062,168.54141235351562,273.335205078125,116.99398040771484,79.64532470703125,414.4146423339844,230.87014770507812,193.1477508544922,72.3627700805664,128.2161865234375,38.111488342285156,64.63787078857422,41.66006088256836,33.15508270263672,100.0995101928711,81.93754577636719,66.75491333007812,33.097930908203125,29.7020206451416,126.18859100341797,81.8343505859375
2023-09-21,74.1580810546875,66.47642517089844,43.65726089477539,73.3572998046875,53.03195571899414,99.43392181396484,121.30371856689453,75.06128692626953,103.78501892089844,165.2069091796875,266.18896484375,115.30281829833984,78.304931640625,407.5441589355469,228.52291870117188,189.74496459960938,69.8993148803711,126.87522888183594,37.345069885253906,63.8410758972168,41.08861541748047,32.60713577270508,98.46074676513672,80.68830871582031,65.895263671875,31.950607299804688,29.391460418701172,125.08563995361328,79.60104370117188
2023-09-22,74.00856018066406,66.06304168701172,43.67582321166992,72.86876678466797,52.892906188964844,99.19023132324219,121.14115905761719,74.60543060302734,104.00321197509766,165.025390625,263.9404602050781,115.55097198486328,77.84859466552734,408.6761169433594,228.06307983398438,189.13589477539062,69.37080383300781,126.6915283203125,37.30698776245117,63.76332092285156,41.15774154663086,32.357200622558594,98.12335968017578,80.86045837402344,65.54016876220703,31.730318069458008,29.335840225219727,124.82669830322266,78.81741333007812
2023-09-25,73.90574645996094,66.25988006591797,44.260257720947266,73.0890884399414,53.128501892089844,99.53140258789062,122.05919647216797,74.46586608886719,104.43955993652344,166.2578887939453,265.4556884765625,117.16862487792969,78.00071716308594,410.3002624511719,229.08815002441406,190.11227416992188,69.30809783935547,126.58134460449219,37.60212707519531,63.91881561279297,41.673892974853516,32.43410873413086,98.6150131225586,81.12113189697266,65.30657196044922,31.675243377685547,29.29412269592285,125.50763702392578,79.30227661132812
2023-09-26,71.86433410644531,65.26985168457031,44.00056076049805,72.07227325439453,52.748382568359375,98.06015014648438,120.06640625,73.09208679199219,102.62217712402344,163.72592163085938,260.3721923828125,116.52523803710938,76.90746307373047,402.9769592285156,227.51702880859375,187.36685180664062,68.04501342773438,122.89832305908203,37.059444427490234,63.20947265625,41.43425369262695,32.001522064208984,97.1111831665039,79.66041564941406,64.8206787109375,31.115360260009766,28.418081283569336,124.44306182861328,77.85749053955078
2023-09-27,70.58255767822266,65.23040008544922,45.102901458740234,71.98563385009766,52.523406982421875,98.59782409667969,120.33570861816406,72.5651626586914,102.98942565917969,164.06993103027344,259.89324951171875,119.51234436035156,76.81240844726562,404.2171630859375,226.59725952148438,189.28094482421875,67.58816528320312,120.55626678466797,37.054683685302734,63.37465286254883,42.46653747558594,31.95345687866211,97.83416748046875,79.78335571289062,64.2880630493164,30.84000015258789,27.871131896972656,123.81964111328125,77.55873107910156
2023-09-28,69.23480224609375,65.82206726074219,45.16829299926758,72.50558471679688,52.787174224853516,99.14527130126953,121.52828979492188,73.2802734375,103.9621353149414,165.8944091796875,262.638916015625,119.63819885253906,77.37201690673828,407.6607666015625,227.5944366455078,190.2393341064453,68.2366943359375,117.94577026367188,37.45455551147461,64.07429504394531,42.51261901855469,32.184173583984375,98.24867248535156,80.3489761352539,64.4842758178711,31.161256790161133,27.268566131591797,124.4142837524414,78.42562103271484
2023-09-29,69.34790802001953,66.01927947998047,44.30884552001953,71.98563385009766,52.37794876098633,98.62714385986328,121.48982238769531,73.52490997314453,104.14080047607422,165.66395568847656,264.05047607421875,117.26949310302734,76.83631896972656,409.2686767578125,226.0751190185547,189.1334991455078,68.43568420410156,118.23313903808594,37.39267349243164,63.714744567871094,41.655452728271484,31.886167526245117,97.72813415527344,80.62438201904297,64.29739379882812,31.271398544311523,27.314916610717773,123.474365234375,78.84192657470703
2023-10-02,66.34137725830078,65.98969268798828,43.412017822265625,71.0516128540039,52.284854888916016,97.94284057617188,119.71056365966797,72.16996002197266,105.42123413085938,163.46493530273438,264.05047607421875,114.87301635742188,76.12841033935547,413.0368957519531,225.28659057617188,187.2904510498047,67.17839813232422,112.77294158935547,36.89759826660156,64.1908950805664,40.8259391784668,31.61700439453125,96.77378845214844,81.49000549316406,63.858219146728516,30.70232582092285,26.044883728027344,123.30171966552734,78.90558624267578
2023-10-03,66.96342468261719,64.55985260009766,43.337276458740234,69.82874298095703,51.763153076171875,97.00436401367188,119.25852966308594,70.76798248291016,103.45592498779297,162.6103057861328,257.41412353515625,114.75273132324219,74.80827331542969,405.1849060058594,223.19027709960938,185.55410766601562,65.86686706542969,113.96881866455078,36.79762268066406,63.32605743408203,40.79828643798828,31.117130279541016,96.09901428222656,80.10797119140625,63.40035629272461,30.142431259155273,26.346172332763672,122.20834350585938,76.9857177734375
2023-10-04,66.99169921875,65.4867935180664,41.9453239440918,70.37757873535156,51.9493408203125,97.63003540039062,120.05679321289062,71.53955078125,104.87532043457031,164.07952880859375,261.3645935058594,110.86658477783203,75.39180755615234,409.8605651855469,223.78646850585938,186.30105590820312,66.671875,113.79267883300781,37.23081588745117,63.928531646728516,39.517147064208984,31.347841262817383,96.40748596191406,81.10636901855469,63.90494155883789,30.463680267333984,26.318357467651367,122.72626495361328,78.50397491455078
2023-10-05,66.7183837890625,65.04304504394531,41.758487701416016,70.79163360595703,52.284854888916016,97.26832580566406,118.5660629272461,72.08528137207031,104.9547119140625,162.3414306640625,259.47265625,110.44095611572266,75.83184814453125,410.2156677246094,225.2288818359375,185.40863037109375,67.04273986816406,113.38477325439453,36.77859115600586,63.8410758972168,39.27290344238281,31.492034912109375,95.8387222290039,81.21458435058594,62.64348602294922,30.683969497680664,26.1653995513916,123.39764404296875,78.11217498779297
2023-10-06,67.55719757080078,65.4867935180664,42.03874969482422,71.44640350341797,52.798805236816406,98.33386993408203,119.80673217773438,72.23583221435547,107.16815948486328,163.77224731445312,261.56060791015625,111.097900390625,76.4632339477539,418.44244384765625,227.48866271972656,187.99856567382812,67.22364044189453,114.88656616210938,37.12609100341797,65.016845703125,39.507930755615234,31.761198043823242,97.14974212646484,82.73431396484375,62.29773712158203,30.803293228149414,26.536211013793945,124.6924057006836,78.66070556640625
2023-10-09,68.21692657470703,65.64456939697266,43.46806716918945,71.53305053710938,52.946197509765625,99.27234649658203,120.39341735839844,73.15795135498047,107.76368713378906,163.973876953125,262.0311279296875,115.05806732177734,76.50150299072266,420.365966796875,228.08485412597656,190.49151611328125,67.95629119873047,115.98973083496094,37.17369842529297,65.7164535522461,40.8259391784668,31.780426025390625,98.67282104492188,83.16219329833984,62.353797912597656,31.20713996887207,26.800416946411133,125.1240234375,78.74396514892578
2023-10-10,69.09342193603516,66.31511688232422,43.53345489501953,71.98563385009766,53.2429313659668,100.04462432861328,121.76873779296875,73.3931884765625,108.04161834716797,165.7695770263672,265.4620056152344,115.06732940673828,77.10417175292969,421.7568664550781,229.4696044921875,191.9659423828125,68.28191375732422,117.48225402832031,37.568809509277344,66.0954360961914,40.87662887573242,32.01113510131836,99.27050018310547,83.2900619506836,62.98921585083008,31.317291259765625,27.166593551635742,125.71866607666016,79.60591888427734
2023-10-11,70.0641860961914,66.44329833984375,43.094390869140625,72.1685562133789,53.023773193359375,100.50408172607422,121.94184112548828,74.74815368652344,109.19300842285156,166.1056365966797,266.3050537109375,113.78118896484375,77.22853088378906,425.100830078125,228.15219116210938,193.1396484375,69.46683502197266,119.38265228271484,37.65925216674805,66.69788360595703,40.35126876831055,32.05919647216797,99.8681640625,84.06222534179688,62.55937576293945,31.950607299804688,27.606935501098633,125.16238403320312,79.8900146484375
2023-10-12,69.00860595703125,65.71358489990234,43.12240982055664,71.56194305419922,52.521461486816406,99.39942932128906,120.68194580078125,73.58138275146484,108.95478820800781,163.1768798828125,262.7467041015625,113.8459701538086,76.6449966430664,424.0946960449219,225.61351013183594,190.9280242919922,68.45377349853516,117.50077819824219,37.097530364990234,65.91081237792969,40.39735794067383,31.857330322265625,98.9620361328125,84.14090728759766,61.87725067138672,31.52839469909668,27.180498123168945,124.08819580078125,79.01821899414062
2023-10-13,69.76258850097656,65.0824966430664,44.00990295410156,71.70638275146484,52.82013702392578,98.53916931152344,120.29724884033203,73.506103515625,107.24756622314453,162.55270385742188,259.3256530761719,116.3812255859375,76.62586975097656,417.2982482910156,226.97900390625,188.71640014648438,68.28191375732422,118.63175201416016,36.95947265625,65.17231750488281,41.286773681640625,31.92462158203125,98.08480072021484,82.93596649169922,62.419227600097656,31.51921272277832,27.486417770385742,124.86505889892578,77.85749053955078
2023-10-16,70.51659393310547,66.15733337402344,44.30884552001953,72.48631286621094,53.2468147277832,99.6438217163086,121.08589172363281,74.35294342041016,108.43864440917969,164.15631103515625,264.0798645019531,116.96414947509766,77.5155258178711,422.09222412109375,228.74838256835938,190.89889526367188,69.09598541259766,119.95741271972656,37.32126998901367,66.22174835205078,41.563289642333984,32.261077880859375,99.12590789794922,83.73271179199219,63.06397247314453,31.840465545654297,27.7691593170166,125.80496978759766,79.11617279052734
2023-10-17,70.45061492919922,66.37428283691406,44.785274505615234,72.95812225341797,53.19056701660156,100.13261413574219,122.47081756591797,74.14595031738281,108.1309585571289,166.09605407714844,264.91314697265625,118.2225112915039,78.13734436035156,420.2871398925781,228.73873901367188,191.86892700195312,68.99649047851562,119.72565460205078,37.68781661987305,66.4549560546875,41.9964714050293,32.414886474609375,99.43437194824219,83.34416961669922,63.33494567871094,31.675243377685547,27.69500160217285,125.63233947753906,79.30227661132812
2023-10-18,69.78144836425781,65.0233383178711,45.102901458740234,71.6871109008789,52.661102294921875,97.69845581054688,119.28738403320312,72.52753448486328,106.77113342285156,161.74610900878906,258.8159484863281,119.15706634521484,76.71196746826172,414.5263977050781,226.40206909179688,186.78604125976562,67.53118133544922,118.5668716430664,36.711936950683594,65.30834197998047,42.37897491455078,31.857330322265625,97.03406524658203,82.48839569091797,63.56855773925781,30.97768211364746,27.453969955444336,124.53897094726562,77.44119262695312
2023-10-19,69.09342193603516,64.30345916748047,45.009483337402344,70.7338638305664,52.11030960083008,96.69155883789062,118.02747344970703,70.79620361328125,106.1358871459961,159.8927764892578,252.8755645751953,119.06451416015625,75.62140655517578,411.576904296875,224.05572509765625,184.81692504882812,65.93017578125,117.4080810546875,36.28350830078125,65.24034118652344,42.305240631103516,31.434358596801758,96.13758087158203,82.0162353515625,63.101341247558594,30.215856552124023,27.180498123168945,123.31134033203125,75.46256256103516
2023-10-20,68.34886169433594,63.50473403930664,44.18739318847656,69.55912017822266,51.97261047363281,95.63578033447266,116.45980072021484,70.33515167236328,104.24999237060547,157.86660766601562,249.45449829101562,116.99189758300781,74.45431518554688,404.31689453125,223.19027709960938,183.051513671875,65.4869613647461,116.18439483642578,35.845550537109375,64.63787078857422,41.595542907714844,30.953710556030273,95.14466094970703,80.62931060791016,62.858394622802734,30.059825897216797,26.897750854492188,122.82217407226562,74.2920150756836
2023-10-23,67.83992767333984,63.59347152709961,43.47740936279297,69.0488052368164,51.58473205566406,95.17633056640625,114.85364532470703,69.66708374023438,104.45842742919922,156.04214477539062,249.46434020996094,115.1043472290039,73.87078857421875,404.3858337402344,221.63246154785156,182.00389099121094,64.8447494506836,115.20175170898438,35.4456787109375,64.97797393798828,40.9227180480957,30.761451721191406,94.70124053955078,80.72276306152344,62.736915588378906,29.802824020385742,26.67062759399414,122.05490112304688,74.38018035888672
2023-10-24,69.37618255615234,64.18513488769531,42.90755081176758,69.40507507324219,51.790306091308594,95.8117446899414,116.39248657226562,70.49510192871094,105.40138244628906,157.847412109375,252.11099243164062,113.68867492675781,74.35865020751953,407.9764404296875,222.64215087890625,183.03208923339844,65.67691802978516,118.01991271972656,35.864593505859375,65.74562072753906,40.34666442871094,30.97294044494629,95.41458892822266,81.27851104736328,63.26953887939453,30.179141998291016,27.35663414001465,122.42894744873047,75.17359161376953
2023-10-25,69.95109558105469,63.011688232421875,42.81413269042969,69.0969467163086,51.2918815612793,94.63864135742188,114.72864532470703,68.95197296142578,102.5626220703125,156.12857055664062,246.49415588378906,113.4018325805664,74.04296112060547,401.2391662597656,220.2862091064453,180.54885864257812,64.265869140625,118.62248229980469,35.4456787109375,62.89851760864258,40.27292251586914,30.85757827758789,94.19033813476562,80.3194580078125,63.484458923339844,29.54582405090332,27.50959014892578,121.33557891845703,73.65533447265625
2023-10-26,70.38463592529297,62.222808837890625,42.57124328613281,69.53025817871094,50.77986526489258,93.85660552978516,116.0366439819336,70.31632232666016,100.55762481689453,157.3000946044922,242.99465942382812,112.569091796875,74.08123779296875,394.1368713378906,218.30528259277344,179.94744873046875,65.49600219726562,119.68856811523438,35.6932258605957,61.52841567993164,39.95956039428711,30.7902889251709,93.79509735107422,78.78497314453125,63.073307037353516,30.16996192932129,27.74598503112793,120.1366958618164,72.50439453125
2023-10-27,69.13111877441406,62.33127212524414,41.6090202331543,68.07627868652344,49.88772964477539,93.17229461669922,116.22898864746094,69.27188110351562,101.19284057617188,157.10801696777344,245.7491455078125,110.24665069580078,72.67499542236328,395.7743835449219,214.5357666015625,178.24990844726562,64.44677734375,117.4266128540039,35.67893981933594,61.304931640625,39.001007080078125,30.232742309570312,92.9660873413086,79.24237060546875,62.21363830566406,29.69268035888672,27.222211837768555,118.10340881347656,73.26354217529297
2023-10-30,69.65892028808594,63.277923583984375,41.68376159667969,69.1932373046875,50.15731430053711,94.27696228027344,117.24845886230469,69.59180450439453,102.33431243896484,158.63482666015625,248.42523193359375,110.56122589111328,73.82293701171875,399.2564392089844,215.66087341308594,180.4518585205078,64.85380554199219,118.16824340820312,36.04548645019531,62.56814193725586,39.13005065917969,30.771060943603516,94.12285614013672,80.09323120117188,63.18545150756836,29.784467697143555,27.43079376220703,118.76519012451172,73.93449401855469
2023-10-31,70.26211547851562,63.73154067993164,41.85190963745117,69.87687683105469,50.4462890625,95.04923248291016,117.54659271240234,70.8808822631836,102.94971466064453,159.28781127929688,250.3269500732422,110.97760772705078,74.60737609863281,402.2650451660156,217.13211059570312,181.72259521484375,65.95731353759766,119.19725036621094,36.207340240478516,62.8888053894043,39.25907897949219,31.10751724243164,94.81690979003906,80.66373443603516,63.409698486328125,30.38106918334961,27.667186737060547,119.44615173339844,74.4928207397461
2023-11-01,70.9689712524414,64.16542053222656,41.7491455078125,70.36795806884766,50.54131317138672,95.6259994506836,117.83512115478516,71.36074829101562,104.83561706542969,159.7199249267578,253.4637451171875,110.73705291748047,75.09525299072266,408.8642578125,217.62252807617188,182.50828552246094,66.36434936523438,120.68047332763672,36.226383209228516,63.81193161010742,39.166908264160156,31.30939292907715,95.12539672851562,82.22279357910156,63.34428787231445,30.537113189697266,27.982378005981445,119.69551849365234,75.41356658935547
2023-11-02,72.41097259521484,65.72346496582031,43.05701446533203,72.06265258789062,51.33842468261719,97.63003540039062,119.97985076904297,73.60961151123047,106.46343231201172,162.8023681640625,260.2961120605469,114.08654022216797,76.9893798828125,416.1539611816406,220.97857666015625,186.4368438720703,68.54423522949219,123.02586364746094,36.9261589050293,64.65731811523438,40.35126876831055,32.04959487915039,97.08226013183594,83.61466217041016,64.16657257080078,31.482498168945312,28.506145477294922,121.59452056884766,77.38241577148438
2023-11-03,72.84451293945312,66.75883483886719,42.66465759277344,73.16997528076172,51.611881256103516,98.72490692138672,121.6629409790039,75.30328369140625,107.82325744628906,165.56790161132812,264.5013732910156,113.05948638916016,78.22341918945312,422.072509765625,222.5748291015625,188.52239990234375,70.181396484375,123.87873840332031,37.506919860839844,65.64845275878906,39.94573211669922,32.47256088256836,97.9402084350586,84.47535705566406,64.24134063720703,32.2259635925293,28.673015594482422,122.19876861572266,78.46968841552734
2023-11-06,72.75027465820312,66.650390625,42.076114654541016,72.81369018554688,51.914424896240234,98.37297058105469,120.75888061523438,74.30590057373047,108.37910461425781,164.69407653808594,264.1778869628906,111.47726440429688,77.91729736328125,423.9861755371094,223.62298583984375,187.82395935058594,69.16834259033203,123.44303131103516,37.32126998901367,65.47355651855469,39.49410629272461,32.37643051147461,97.67993927001953,85.03112030029297,64.3441162109375,31.785390853881836,28.598852157592773,123.01399230957031,78.5676498413086
2023-11-07,72.26959991455078,67.32093811035156,41.113895416259766,72.68852996826172,51.97842788696289,98.25566864013672,118.10442352294922,73.65666198730469,109.76869201660156,161.79412841796875,267.03045654296875,108.77545166015625,77.80250549316406,429.12548828125,224.02685546875,187.532958984375,68.59849548339844,122.4974594116211,36.597686767578125,65.82335662841797,38.61851501464844,32.328365325927734,97.4389419555664,85.96065521240234,64.50296783447266,31.51921272277832,28.390270233154297,123.10031127929688,79.44432067871094
2023-11-08,71.75123596191406,67.07440185546875,40.6374626159668,72.68852996826172,51.90860366821289,98.51960754394531,118.13327026367188,74.01421356201172,110.31460571289062,162.20700073242188,266.020751953125,107.4615707397461,77.8311996459961,430.910888671875,223.20948791503906,187.89187622070312,68.82463073730469,121.56117248535156,36.711936950683594,65.51242065429688,38.1346321105957,32.366817474365234,97.66065216064453,86.44755554199219,64.25067138671875,31.70278549194336,28.18168830871582,122.92768096923828,79.23371124267578
2023-11-09,70.99725341796875,66.36441040039062,40.4973258972168,72.44779968261719,50.73525619506836,98.06015014648438,117.67161560058594,72.84745025634766,109.70915222167969,160.75701904296875,260.9822998046875,107.22097778320312,77.41985321044922,428.3264465332031,218.35336303710938,187.2904510498047,67.73921203613281,119.87396240234375,36.39775848388672,65.49297332763672,38.01941680908203,32.232234954833984,97.44857025146484,86.04426574707031,63.989044189453125,31.216323852539062,27.810876846313477,120.38606262207031,77.75463104248047
2023-11-10,71.28942108154297,67.19274139404297,40.86166763305664,73.28551483154297,51.033931732177734,99.45806884765625,119.24891662597656,73.57196807861328,112.5280532836914,162.66793823242188,264.971923828125,108.28504943847656,78.2999496459961,439.6407775878906,219.5168914794922,190.10350036621094,68.37236785888672,120.42090606689453,36.82619094848633,66.53270721435547,38.43878173828125,32.5975227355957,98.85599517822266,88.2918930053711,64.43756103515625,31.565113067626953,27.959199905395508,121.10537719726562,79.04759979248047
2023-11-13,70.59197235107422,67.31107330322266,41.15126419067383,73.14107513427734,51.33842468261719,99.36033630371094,118.98924255371094,72.96977233886719,112.0615463256836,162.33184814453125,265.7071228027344,109.09930419921875,78.15646362304688,437.4410095214844,220.9593048095703,190.142333984375,67.80252838134766,119.00257873535156,36.773826599121094,66.38695526123047,38.71528244018555,32.549461364746094,98.9427490234375,87.77547454833984,64.64313507080078,31.29892921447754,27.625469207763672,121.8055419921875,79.38554382324219
2023-11-14,73.17438507080078,69.3424301147461,41.6090202331543,74.82614135742188,51.832969665527344,101.63806915283203,122.71125030517578,76.89348602294922,114.46356964111328,167.83413696289062,275.3331604003906,110.18187713623047,80.041015625,448.02545166015625,223.48837280273438,195.23489379882812,71.56532287597656,123.90656280517578,37.859188079833984,67.46553802490234,39.060916900634766,33.16469192504883,100.92854309082031,89.53128051757812,65.30657196044922,32.98779296875,28.7286376953125,122.63037109375,82.05964660644531
2023-11-15,72.97647094726562,69.80589294433594,41.52494812011719,75.16314697265625,51.90666961669922,101.96067810058594,123.49990844726562,77.10990142822266,114.5429916381836,168.44869995117188,276.1173400878906,109.8580322265625,80.4332504272461,448.607421875,223.73838806152344,195.38037109375,71.77334594726562,123.55429077148438,38.02579879760742,67.7959213256836,38.987178802490234,33.34733581542969,101.140625,89.64441680908203,65.82984924316406,33.06121826171875,28.64056968688965,122.72626495361328,82.15760040283203
2023-11-16,73.3251953125,69.03675079345703,40.74955749511719,75.39424896240234,52.06764602661133,101.87267303466797,123.5479965209961,77.02522277832031,115.30725860595703,168.6311492919922,273.4413146972656,107.6836166381836,80.4810562133789,449.603759765625,224.3441925048828,195.1766815185547,71.61957550048828,124.11974334716797,38.140052795410156,68.09716033935547,38.22679138183594,33.4819221496582,101.15990447998047,90.09195709228516,65.01689910888672,33.05203628540039,28.793529510498047,123.25376892089844,81.3152084350586
2023-11-17,73.43826293945312,69.41146850585938,41.562313079833984,75.81792449951172,52.005584716796875,102.57652282714844,123.56720733642578,76.87466430664062,115.1087417602539,169.1881103515625,275.6860046386719,109.89503479003906,81.05503845214844,449.80096435546875,224.19036865234375,196.427978515625,71.56532287597656,124.48129272460938,38.211448669433594,68.08744049072266,39.02865982055664,33.65495300292969,101.8057632446289,89.90506744384766,64.93281555175781,33.01532745361328,28.872323989868164,123.00440979003906,81.85884857177734
2023-11-20,73.2497787475586,69.86507415771484,41.62770462036133,76.06826782226562,52.33333969116211,102.91868591308594,123.90384674072266,77.47685241699219,116.74650573730469,169.45697021484375,277.1466064453125,110.01531219482422,81.33247375488281,456.14373779296875,225.6039276123047,197.0487823486328,72.08992767333984,124.06414794921875,38.27810287475586,68.85508728027344,39.08395767211914,33.78953552246094,102.1142349243164,91.20838165283203,64.88609313964844,33.27232360839844,28.784257888793945,123.75249481201172,82.2800521850586
2023-11-21,73.40057373046875,69.64812469482422,41.571651458740234,75.98160552978516,52.58547592163086,102.92845916748047,124.35587310791016,77.10049438476562,115.93257904052734,169.85069274902344,276.0879211425781,109.75624084472656,81.2176742553711,452.3558044433594,226.7578582763672,196.718994140625,71.58340454101562,124.21247100830078,38.42567443847656,68.62186431884766,38.996395111083984,33.77031326293945,102.037109375,90.47067260742188,65.08232116699219,33.10710906982422,28.844514846801758,124.5005874633789,82.06945037841797
2023-11-22,73.75872039794922,70.01299285888672,41.54362869262695,76.29935455322266,52.88219451904297,103.32926177978516,124.40396118164062,77.39217376708984,116.5479736328125,170.0811004638672,277.8523864746094,109.6729736328125,81.59074401855469,454.0130310058594,227.89256286621094,197.30099487304688,71.93617248535156,124.75941467285156,38.44947052001953,69.18545532226562,38.977970123291016,33.90489196777344,102.25882720947266,90.87396240234375,65.54953002929688,33.20807647705078,28.983572006225586,125.09524536132812,82.31922149658203
2023-11-24,73.85297393798828,70.22005462646484,41.730464935302734,76.54006958007812,53.14402389526367,103.68118286132812,124.80789947509766,77.67446899414062,116.22042846679688,170.72451782226562,278.0387268066406,110.2281265258789,81.90644836425781,453.5198059082031,229.0561065673828,197.84423828125,72.14419555664062,125.07459259033203,38.6160888671875,68.95226287841797,39.13926696777344,34.0106315612793,102.50946807861328,90.69690704345703,65.79247283935547,33.336578369140625,29.05773162841797,125.7666244506836,82.39757537841797
2023-11-27,73.97549438476562,70.26937866210938,41.53428649902344,76.38602447509766,52.79298782348633,103.26082611083984,124.69247436523438,77.95674133300781,116.12117004394531,170.5996856689453,278.4111633300781,109.70071411132812,81.68643188476562,453.2830505371094,227.7867889404297,197.1652069091797,72.40650939941406,125.26927185058594,38.568485260009766,68.52469635009766,39.001007080078125,33.8952751159668,101.93108367919922,90.6919937133789,65.60557556152344,33.45589828491211,29.104084014892578,124.98014068603516,82.52981567382812
2023-11-28,74.15457153320312,70.41728973388672,41.52494812011719,76.2319564819336,52.53892135620117,103.10441589355469,125.09642791748047,78.41780090332031,116.44871520996094,170.63807678222656,279.705078125,109.69146728515625,81.62902069091797,454.1214904785156,226.4886016845703,196.22430419921875,72.88592529296875,125.64934539794922,38.64464569091797,68.68989562988281,39.01021957397461,33.88566207885742,101.69007873535156,90.86412811279297,65.90459442138672,33.63946533203125,29.196786880493164,124.33755493164062,83.00489044189453
2023-11-29,73.62677001953125,70.30880737304688,41.254024505615234,76.89634704589844,52.59322738647461,103.60297393798828,125.56771087646484,78.99178314208984,116.59761047363281,171.50230407714844,279.4207763671875,108.91423797607422,82.33692932128906,455.88726806640625,226.7001495361328,196.85479736328125,73.39244079589844,124.71307373046875,38.84458541870117,68.19432067871094,38.71989440917969,34.125980377197266,102.07567596435547,90.9329833984375,65.37198638916016,33.89646911621094,28.965030670166016,124.37591552734375,82.77959442138672
2023-11-30,74.04146575927734,70.27922821044922,41.515594482421875,77.68592071533203,53.19638442993164,104.63920593261719,126.71218872070312,79.5939712524414,116.39909362792969,173.22119140625,278.9405212402344,109.66370391845703,83.14049530029297,455.75897216796875,229.44076538085938,199.03733825683594,73.92609405517578,125.28782653808594,39.23017883300781,67.7959213256836,38.977970123291016,34.5105094909668,103.19387817382812,91.0657730102539,66.02608489990234,34.17182922363281,29.090179443359375,125.93925476074219,82.66206359863281
2023-12-01,75.02165222167969,71.31464385986328,41.73980712890625,78.44660186767578,53.460147857666016,106.26197052001953,128.68380737304688,81.45703887939453,116.79610443115234,175.8138885498047,283.9496154785156,110.32991790771484,84.06842041015625,458.343505859375,230.93125915527344,202.74276733398438,75.74417877197266,126.99354553222656,39.67764663696289,67.93196868896484,39.180728912353516,34.770057678222656,104.8230209350586,91.27233123779297,66.29706573486328,34.887752532958984,29.447080612182617,126.43798065185547,83.79341888427734
2023-12-04,74.84258270263672,71.20616912841797,41.496917724609375,78.60066223144531,53.60172653198242,106.20331573486328,127.22191619873047,81.94632720947266,115.32711029052734,174.17185974121094,283.4300842285156,109.56192779541016,84.2119140625,453.6777038574219,231.6716766357422,203.4023895263672,76.29593658447266,126.73397064208984,39.21588897705078,67.25176239013672,39.001007080078125,34.73160934448242,104.99652862548828,90.16080474853516,66.38114929199219,35.08050537109375,29.33120346069336,126.6777572631836,83.47505950927734
2023-12-05,74.24881744384766,71.00894165039062,40.777584075927734,78.22514343261719,53.473724365234375,105.47991943359375,125.18301391601562,81.4476318359375,115.95243072509766,171.54074096679688,282.9007263183594,107.62810516357422,83.8005599975586,456.1338806152344,231.2005157470703,201.47207641601562,75.78941345214844,125.72351837158203,38.67797088623047,66.94082641601562,38.31896209716797,34.55857467651367,104.14823913574219,90.70182800292969,65.85787963867188,34.93364715576172,29.12262535095215,126.51471710205078,83.62200164794922
2023-12-06,75.1347427368164,71.13713073730469,40.067604064941406,77.71479797363281,53.51250457763672,105.84162139892578,124.88484954833984,81.09008026123047,114.86060333251953,171.47352600097656,283.3712463378906,105.69427490234375,83.4274673461914,452.16839599609375,231.50820922851562,202.2577667236328,75.56327819824219,127.51271057128906,38.5970458984375,66.76590728759766,37.74752426147461,34.385536193847656,104.61093139648438,89.93458557128906,65.68968200683594,34.8143196105957,29.511972427368164,126.6106185913086,83.74443054199219
2023-12-07,75.01222229003906,71.66963195800781,39.86207580566406,78.02294158935547,53.440757751464844,106.15443420410156,125.46190643310547,81.36294555664062,116.81598663330078,172.5489959716797,285.75323486328125,105.15762329101562,83.84839630126953,457.05120849609375,231.29666137695312,202.70399475097656,75.78034973144531,127.21603393554688,38.858863830566406,68.1651611328125,37.48944854736328,34.548954010009766,104.70734405517578,91.02641296386719,65.97002410888672,34.8602180480957,29.447080612182617,126.45718383789062,84.43498992919922
2023-12-08,74.870849609375,71.95560455322266,40.2824592590332,78.53325653076172,53.52802658081055,106.52592468261719,125.79852294921875,81.19356536865234,117.65966796875,173.09634399414062,286.9589538574219,106.40673828125,84.34584045410156,461.1350402832031,231.56590270996094,203.71279907226562,75.65371704101562,126.96575927734375,39.00168228149414,68.48583221435547,37.894996643066406,34.73160934448242,105.03510284423828,91.80349731445312,65.51213836669922,34.78678512573242,29.391460418701172,126.66815185546875,84.82191467285156
2023-12-11,75.35151672363281,72.38948822021484,40.31048583984375,79.03396606445312,53.840274810791016,107.40573120117188,126.66410064697266,81.38175201416016,118.31476593017578,174.01820373535156,287.8705749511719,106.47151947021484,84.86241149902344,464.3113708496094,232.82562255859375,205.50732421875,75.86176300048828,127.58683013916016,39.27777862548828,67.96111297607422,37.94106674194336,34.94308853149414,106.0376205444336,92.60516357421875,66.1382064819336,34.906105041503906,29.581501007080078,127.50257873535156,85.04718780517578
2023-12-12,75.1818618774414,72.5866928100586,39.74062728881836,79.50578308105469,54.171913146972656,107.88475036621094,127.04879760742188,81.4382095336914,119.00956726074219,174.40231323242188,288.4292907714844,104.89855194091797,85.39813995361328,467.0831604003906,234.24880981445312,206.45794677734375,75.81654357910156,127.188232421875,39.50627136230469,68.24290466308594,37.420326232910156,35.193023681640625,106.51962280273438,93.21994018554688,66.35313415527344,34.89693069458008,29.460988998413086,128.04925537109375,85.3116683959961
2023-12-13,77.76428985595703,73.7798843383789,40.3011474609375,80.88272094726562,55.199798583984375,109.36087036132812,128.8857879638672,84.4774398803711,120.1212387084961,177.37911987304688,293.0757141113281,106.35123443603516,86.96701049804688,472.4789733886719,239.0280303955078,209.1352081298828,78.72003173828125,131.8511962890625,39.98707580566406,68.88423156738281,37.94106674194336,35.760189056396484,107.705322265625,94.04130554199219,67.55852508544922,36.163570404052734,30.573421478271484,130.40866088867188,86.42832946777344
2023-12-14,76.91603088378906,74.48986053466797,41.54362869262695,82.1922378540039,54.97871017456055,110.69037628173828,131.63644409179688,86.81097412109375,119.95250701904297,180.82644653320312,297.849609375,109.57117462158203,88.10538482666016,473.3963317871094,238.54721069335938,212.51084899902344,80.9903793334961,130.4328155517578,40.64875793457031,69.18545532226562,39.05630874633789,36.115875244140625,109.09343719482422,93.81014251708984,66.56804656982422,37.164039611816406,30.1747989654541,129.77565002441406,87.58906555175781
2023-12-15,75.63426971435547,74.60820007324219,41.338104248046875,81.55673217773438,54.5055046081543,110.42642974853516,131.3671112060547,85.72889709472656,120.53813171386719,180.2982940673828,297.7907409667969,108.91423797607422,87.6079330444336,475.6749572753906,236.31629943847656,211.64752197265625,79.85067749023438,128.18014526367188,40.54403305053711,69.01054382324219,38.848934173583984,35.90438461303711,108.94884490966797,94.28229522705078,66.56804656982422,36.714290618896484,29.651029586791992,128.6726837158203,87.77027893066406
2023-12-18,75.60598754882812,75.0223617553711,41.69309616088867,81.73968505859375,54.60245895385742,110.6219482421875,132.06919860839844,85.59716796875,121.33218383789062,181.00888061523438,299.7218322753906,109.95055389404297,87.76100158691406,476.7698669433594,236.64321899414062,211.60873413085938,79.66976928710938,127.88349151611328,40.60683059692383,69.8619155883789,39.166236877441406,36.024173736572266,108.94397735595703,94.5642318725586,67.26099395751953,36.61317443847656,29.58411979675293,128.8826904296875,88.31488800048828
2023-12-19,75.97356414794922,75.73235321044922,42.216243743896484,82.41370391845703,54.994232177734375,111.4822006225586,133.62725830078125,86.17115020751953,121.85824584960938,183.20001220703125,302.7221984863281,111.30428314208984,88.61744689941406,479.2054443359375,238.82923889160156,213.55984497070312,80.27579498291016,128.69775390625,40.980735778808594,70.57299041748047,39.63616180419922,36.294673919677734,109.7872314453125,94.92405700683594,67.3927993774414,36.86363983154297,29.752559661865234,129.74972534179688,89.00668334960938
2023-12-20,74.57363891601562,74.36076354980469,41.752952575683594,80.98177337646484,54.14189910888672,109.77391815185547,131.71578979492188,85.0486068725586,120.43728637695312,180.35374450683594,297.02587890625,110.090576171875,87.05854034423828,471.5184631347656,234.85293579101562,210.21702575683594,79.2989273071289,126.15204620361328,40.35276412963867,70.02750396728516,39.26860046386719,35.64741134643555,108.01351928710938,93.48969268798828,66.08412170410156,36.39982604980469,29.148990631103516,127.8711166381836,87.38265228271484
2023-12-21,74.75408935546875,75.33905792236328,41.96011734008789,81.60099029541016,54.78780746459961,111.05856323242188,133.291748046875,85.85515594482422,121.92098236083984,182.4763946533203,301.9463806152344,110.71610260009766,87.85723114013672,477.36767578125,238.06680297851562,212.64373779296875,80.00215911865234,126.50770568847656,40.77939987182617,70.71910095214844,39.42213821411133,35.99519348144531,109.12814331054688,94.53958892822266,66.54544830322266,36.7059326171875,29.200456619262695,129.43182373046875,88.7123031616211
2023-12-22,75.02001953125,74.98331451416016,42.10136032104492,81.90091705322266,55.122440338134766,111.5685043334961,134.0749053955078,86.13981628417969,122.0802993774414,183.69204711914062,299.9624328613281,111.02420806884766,88.13628387451172,477.83203125,239.71714782714844,213.55007934570312,80.31348419189453,127.00373840332031,41.03346633911133,70.72884368896484,39.53845977783203,36.072479248046875,109.65153503417969,94.6628189086914,67.0538558959961,36.85435485839844,29.298715591430664,130.07730102539062,88.05975341796875
2023-12-26,75.50438690185547,75.2698745727539,42.468605041503906,82.35565948486328,55.28391647338867,112.18630981445312,134.77105712890625,86.7945556640625,122.7275390625,184.79196166992188,301.5731201171875,112.09785461425781,88.61744689941406,480.1935119628906,240.5471649169922,215.2263641357422,80.90867614746094,127.79926300048828,41.2252082824707,71.00159454345703,39.87810134887695,36.217384338378906,110.42695617675781,95.05713653564453,67.33629608154297,37.12336730957031,29.476511001586914,130.36634826660156,88.43264770507812
2023-12-27,75.3999252319336,75.46751403808594,42.26144790649414,82.57818603515625,55.58158493041992,112.39225006103516,134.97410583496094,87.25,122.7275390625,185.20681762695312,302.4865417480469,111.4443130493164,88.8965072631836,480.65789794921875,241.74391174316406,215.5284881591797,81.30241394042969,127.61209869384766,41.32587432861328,71.0113296508789,39.701297760009766,36.33331298828125,110.59172058105469,95.05220031738281,67.64700317382812,37.33671951293945,29.457794189453125,130.9154510498047,88.7368392944336
2023-12-28,75.91277313232422,75.34893035888672,41.67761993408203,82.8974609375,55.69636535644531,112.44129180908203,134.28761291503906,87.73394775390625,122.78728485107422,184.3577880859375,301.1803283691406,109.86653900146484,89.17556762695312,480.9740905761719,242.33261108398438,215.49925231933594,81.87928771972656,128.529296875,41.16768264770508,71.2061538696289,39.096458435058594,36.43958282470703,110.62080383300781,95.16558074951172,67.67523956298828,37.568626403808594,29.6683406829834,131.2526397705078,88.27564239501953
2023-12-29,75.91277313232422,74.87460327148438,41.5457878112793,82.63624572753906,55.6885871887207,112.14708709716797,133.5818328857422,86.73761749267578,122.22966766357422,183.25787353515625,299.1080017089844,109.49308013916016,88.7810287475586,478.2173767089844,241.95623779296875,214.8267822265625,80.90867614746094,128.2859649658203,41.004695892333984,70.77754974365234,39.0080451965332,36.32365036010742,110.485107421875,94.87476348876953,67.81646728515625,37.16047286987305,29.63091278076172,131.3875274658203,87.73102569580078
2024-01-02,76.73904418945312,74.09394836425781,41.96953201293945,82.85877227783203,56.56406784057617,111.25468444824219,133.25311279296875,87.5062255859375,119.01335144042969,182.85264587402344,296.2303161621094,110.58540344238281,88.83878326416016,465.65924072265625,245.700927734375,212.54627990722656,81.6045913696289,129.99867248535156,40.932796478271484,70.37816619873047,39.42679214477539,36.47821807861328,109.3704605102539,92.3905029296875,68.5790786743164,37.503692626953125,30.06136131286621,133.6996612548828,86.91658020019531
2024-01-03,76.93850708007812,72.83895874023438,42.50627899169922,82.11378479003906,56.396759033203125,109.3620376586914,131.67710876464844,85.41865539550781,117.80848693847656,180.26695251464844,289.5616455078125,112.03248596191406,87.84761047363281,459.4246520996094,244.78404235839844,208.56997680664062,79.65420532226562,130.47598266601562,40.49178695678711,70.11517333984375,40.0688591003418,36.16908264160156,107.74213409423828,91.44905853271484,68.04244232177734,36.61317443847656,30.17365074157715,133.47808837890625,85.16008758544922
2024-01-04,76.70105743408203,72.5425033569336,41.8094482421875,82.39437103271484,56.702205657958984,109.49933624267578,130.92295837402344,85.266845703125,117.00191497802734,179.41790771484375,287.49920654296875,110.24930572509766,88.16516876220703,456.6580810546875,245.9518280029297,209.0377960205078,79.50770568847656,129.90509033203125,40.36235809326172,69.88138580322266,39.366310119628906,36.31399917602539,107.87781524658203,90.77869415283203,67.94828033447266,36.520416259765625,30.080078125,134.14283752441406,84.5615005493164
2024-01-05,76.95748901367188,72.68083953857422,41.85654067993164,82.87813568115234,56.72359848022461,109.76409912109375,131.2420196533203,85.07706451416016,117.12142181396484,180.0257110595703,288.1376037597656,110.38001251220703,88.64630889892578,456.7668151855469,245.76849365234375,209.0475311279297,79.3062515258789,130.30752563476562,40.42946243286133,70.17361450195312,39.39887619018555,36.46856689453125,108.0038070678711,90.75404357910156,67.79764556884766,36.446205139160156,30.192367553710938,134.02719116210938,84.6939697265625
2024-01-08,77.45135498046875,73.80738067626953,41.395118713378906,83.28449249267578,57.22359848022461,110.62708282470703,131.79312133789062,86.30113220214844,120.2281723022461,180.94229125976562,293.2643737792969,109.11964416503906,89.23332214355469,468.3961486816406,248.48045349121094,210.55813598632812,80.44168090820312,131.33702087402344,40.60203552246094,71.26460266113281,38.94290542602539,36.70041275024414,108.71136474609375,93.03130340576172,68.29664611816406,36.947120666503906,30.412273406982422,135.21218872070312,86.1364517211914
2024-01-09,76.91950225830078,73.70854949951172,40.76420974731445,82.5878677368164,57.23138427734375,110.26423645019531,130.10110473632812,85.70332336425781,120.60658264160156,178.83900451660156,292.19378662109375,107.42982482910156,88.5500717163086,469.22613525390625,248.5673065185547,209.81744384765625,79.90143585205078,130.32623291015625,40.13705825805664,71.11849212646484,38.3194580078125,36.46856689453125,108.37213134765625,93.17916870117188,68.47554016113281,36.687381744384766,30.164295196533203,135.1929168701172,85.81753540039062
2024-01-10,76.90050506591797,74.2125244140625,40.34047317504883,82.77169799804688,57.484310150146484,110.64669036865234,129.81105041503906,85.7697525024414,121.76166534423828,178.4530792236328,294.7669677734375,106.3375015258789,88.75216674804688,473.2079772949219,249.3490753173828,210.7530517578125,79.99300384521484,130.21392822265625,40.08432388305664,71.78087615966797,37.94258499145508,36.52652359008789,108.92459869384766,93.97273254394531,68.33429718017578,36.743045806884766,30.159616470336914,135.8094940185547,86.50442504882812
2024-01-11,75.35243225097656,74.33110809326172,40.37813949584961,82.29759979248047,57.42009735107422,110.44075775146484,129.5016632080078,85.01063537597656,122.29937744140625,177.90313720703125,294.2366027832031,106.44953155517578,88.30950164794922,474.8678894042969,248.84718322753906,210.333984375,79.25131225585938,127.19090270996094,39.96448516845703,71.54708862304688,38.04029083251953,36.391273498535156,108.672607421875,94.45085906982422,68.32487487792969,36.39982604980469,29.457794189453125,135.713134765625,86.3915786743164
2024-01-12,75.80829620361328,73.68878936767578,40.87721252441406,82.0750732421875,57.32282638549805,110.57804107666016,129.44366455078125,85.56098937988281,122.61801147460938,178.05751037597656,291.083984375,107.8592758178711,88.07855987548828,475.92510986328125,248.2295379638672,210.29501342773438,79.72745513916016,127.89285278320312,40.00283432006836,71.89775085449219,38.46833419799805,36.32365036010742,108.66290283203125,94.75646209716797,68.54141998291016,36.67811584472656,29.62623405456543,135.37596130371094,85.35142517089844
2024-01-16,74.99152374267578,73.5603256225586,39.8696403503418,81.47520446777344,56.94733810424805,109.68566131591797,127.9256591796875,84.96321105957031,122.83708953857422,175.98313903808594,290.5437927246094,105.31053924560547,87.46269989013672,476.6266174316406,246.8494110107422,208.29708862304688,79.14142608642578,126.37666320800781,39.54264450073242,71.4886474609375,37.55176544189453,36.072479248046875,107.56765747070312,94.9930648803711,68.16482543945312,36.45547866821289,29.303396224975586,134.5667266845703,85.25330352783203
2024-01-17,74.0132827758789,72.95752716064453,39.521236419677734,81.18494415283203,56.785858154296875,109.0776596069336,126.7267837524414,83.44499206542969,122.17988586425781,174.59378051757812,288.11798095703125,104.45162200927734,87.202880859375,474.0182189941406,246.00009155273438,206.78651428222656,77.6946792602539,124.57035827636719,39.25502395629883,71.05030822753906,37.240028381347656,36.004852294921875,106.84071350097656,94.5248031616211,68.11774444580078,35.78759765625,28.877620697021484,134.2969512939453,84.50753784179688
2024-01-18,73.43394470214844,73.6097412109375,39.45531463623047,81.330078125,56.82283020019531,110.28384399414062,127.40354919433594,82.88513946533203,124.52986145019531,175.50071716308594,290.0625915527344,104.34891510009766,87.42420196533203,483.2366638183594,246.0966339111328,209.52508544921875,77.2734603881836,123.33494567871094,39.379661560058594,71.91724395751953,37.17955017089844,36.06281280517578,108.28490447998047,96.44219970703125,68.03302001953125,35.555694580078125,28.568822860717773,134.27769470214844,84.98837280273438
2024-01-19,73.43394470214844,74.12359619140625,39.58714294433594,82.7523422241211,56.892860412597656,111.24490356445312,127.77096557617188,83.80557250976562,127.48728942871094,175.780517578125,292.8420104980469,104.61034393310547,88.91576385498047,493.7298583984375,246.36683654785156,211.172119140625,78.19828796386719,123.19454956054688,39.41801071166992,72.8913345336914,37.300514221191406,36.6424560546875,108.9924545288086,98.66520690917969,67.83531188964844,35.89891052246094,28.531391143798828,134.35476684570312,85.8077392578125
2024-01-22,73.21550750732422,74.12359619140625,39.71897888183594,83.12967681884766,57.13215637207031,112.16668701171875,128.27374267578125,84.24205780029297,128.02500915527344,176.50413513183594,292.4295349121094,105.03044891357422,89.47388458251953,496.9508972167969,247.6311492919922,213.1894989013672,78.665283203125,122.77337646484375,39.533058166503906,73.03746032714844,37.44010543823242,36.81633377075195,109.835693359375,99.09898376464844,67.50577545166016,36.065879821777344,28.38634490966797,134.94244384765625,85.429931640625
2024-01-23,73.32948303222656,74.0050048828125,39.8696403503418,83.19740295410156,57.08546447753906,111.95097351074219,128.92153930664062,83.72964477539062,128.55276489257812,177.00584411621094,291.7223815917969,105.3478775024414,89.41614532470703,499.01593017578125,247.428466796875,212.72169494628906,78.12503814697266,122.99800872802734,39.66249084472656,73.75828552246094,37.51919174194336,36.874298095703125,109.74847412109375,99.49822998046875,68.24015045166016,35.8710823059082,28.43781280517578,134.84608459472656,85.2238540649414
2024-01-24,72.33226013183594,73.95559692382812,40.415802001953125,83.67149353027344,56.59908676147461,111.21546936035156,127.80963897705078,82.50558471679688,129.47882080078125,174.72886657714844,290.4653015136719,106.8696517944336,89.7721939086914,501.4070129394531,245.1990509033203,211.2013702392578,77.00791931152344,121.25720977783203,39.1255989074707,74.21609497070312,38.05424499511719,37.01921081542969,109.06999969482422,100.18336486816406,67.40220642089844,35.37943649291992,28.04947280883789,133.6129608154297,84.90003967285156
2024-01-25,73.5669174194336,74.0544204711914,41.24445724487305,84.2036361694336,56.523216247558594,112.06863403320312,128.90220642089844,83.5873031616211,130.0563507080078,176.3111572265625,288.24560546875,109.00762176513672,90.1667251586914,502.6025390625,244.94813537597656,213.3064422607422,77.99683380126953,123.4378890991211,39.5378532409668,75.42398071289062,38.91035079956055,37.202762603759766,110.11677551269531,100.60234832763672,68.0518569946289,35.86179733276367,28.55478858947754,133.41064453125,83.8500747680664
2024-01-26,73.81385040283203,74.31134033203125,41.536373138427734,84.3777847290039,56.834495544433594,112.14708709716797,128.96022033691406,83.32164001464844,128.85147094726562,176.52345275878906,289.6795654296875,109.857177734375,90.47466278076172,497.3856506347656,246.1062469482422,213.1115264892578,77.77709197998047,123.70929718017578,39.5522346496582,75.66749572753906,39.19880676269531,37.338008880615234,109.94231414794922,99.44400787353516,68.3813705444336,35.7041130065918,28.639005661010742,134.17173767089844,84.23277282714844
2024-01-29,74.20323181152344,75.19082641601562,41.50812530517578,84.56161499023438,57.241119384765625,113.10812377929688,129.55966186523438,83.90044403076172,130.25552368164062,177.6812286376953,293.2643737792969,109.80117797851562,90.97505187988281,503.1954040527344,248.1812744140625,214.88528442382812,78.28984832763672,124.5797119140625,39.74877166748047,76.30066680908203,39.142974853515625,37.43461608886719,110.65956115722656,100.35588073730469,68.77680969238281,35.963844299316406,28.82147216796875,135.11585998535156,85.46427154541016
2024-01-30,74.26022338867188,75.03271484375,41.88478088378906,85.49044036865234,57.32087326049805,113.39250946044922,130.35250854492188,83.0938949584961,129.1501922607422,178.26979064941406,292.4589538574219,110.82814025878906,91.86998748779297,498.35394287109375,248.26812744140625,214.95350646972656,77.55731964111328,124.45804595947266,39.930931091308594,75.78438568115234,39.547752380371094,37.90798568725586,110.6983413696289,99.5278091430664,69.1628189086914,35.62990188598633,28.812116622924805,135.4241485595703,85.41520690917969
2024-01-31,73.97530364990234,73.90619659423828,41.07495880126953,84.22297668457031,57.1866340637207,111.92153930664062,128.6991729736328,82.31581115722656,125.81440734863281,175.79981994628906,287.02777099609375,108.63417053222656,90.43617248535156,488.0090026855469,247.68905639648438,212.2928924560547,76.81562805175781,124.00881958007812,39.408424377441406,73.91413879394531,38.807987213134766,37.444271087646484,109.4189224243164,97.43787384033203,68.65440368652344,35.37016677856445,28.751293182373047,135.24110412597656,83.85989379882812
2024-02-01,75.41891479492188,75.23035430908203,41.09379577636719,83.90370178222656,57.91036605834961,113.83380889892578,130.226806640625,83.79608154296875,127.3379135131836,178.68460083007812,292.9303894042969,108.52214050292969,90.48428344726562,494.30291748046875,250.93185424804688,216.10350036621094,78.20745849609375,126.55449676513672,40.06515121459961,74.6739273071289,38.80333709716797,37.502235412597656,111.27989196777344,98.66520690917969,70.0572509765625,35.991668701171875,29.298715591430664,136.9944610595703,85.4740982055664
2024-02-02,74.28871154785156,76.14935302734375,41.04670715332031,84.39713287353516,57.865623474121094,114.4712142944336,129.22125244140625,82.65741729736328,129.7178192138672,177.47862243652344,297.9097900390625,108.32608032226562,90.8980712890625,499.1246032714844,250.43963623046875,217.3412322998047,77.2368392944336,124.39253234863281,39.830265045166016,77.67412567138672,38.85916519165039,37.656803131103516,112.02621459960938,99.685546875,69.83128356933594,35.53714370727539,28.770008087158203,136.79217529296875,86.9999771118164
2024-02-05,72.90209197998047,75.39834594726562,40.91487503051758,83.87466430664062,58.09130096435547,113.49057006835938,125.8855972290039,80.97787475585938,129.8372802734375,173.31060791015625,293.65716552734375,107.92462921142578,90.15711212158203,499.3617248535156,250.98977661132812,215.7039337158203,75.61610412597656,121.73453521728516,38.81880187988281,76.58316802978516,38.761451721191406,37.43461608886719,111.41558074951172,99.91227722167969,69.39820098876953,34.8321418762207,28.171123504638672,137.21604919433594,85.77337646484375
2024-02-06,73.16802215576172,75.88255310058594,41.084373474121094,84.10687255859375,58.706085205078125,114.25548553466797,127.81932067871094,82.0975570678711,129.3592987060547,175.6743927001953,295.1794738769531,108.51280212402344,90.42654418945312,498.51202392578125,253.97201538085938,217.66281127929688,76.63249206542969,122.29608917236328,39.504295349121094,76.349365234375,38.88707733154297,37.51189422607422,112.41390228271484,99.45388793945312,69.5582504272461,35.36088943481445,28.274057388305664,138.70932006835938,86.29347229003906
2024-02-07,73.27249908447266,76.4754638671875,41.216217041015625,84.6873779296875,58.78585433959961,115.16749572753906,128.5347900390625,82.0785903930664,131.32098388671875,176.85145568847656,297.9588623046875,108.69952392578125,90.96543884277344,504.9541320800781,254.3194580078125,219.07598876953125,76.52262115478516,122.36160278320312,39.820674896240234,76.73900604248047,38.96617126464844,37.79205322265625,113.16024017333984,100.7699203491211,69.49234771728516,35.34233856201172,28.292766571044922,139.08502197265625,87.26001739501953
2024-02-08,72.77862548828125,77.20671844482422,41.61170196533203,84.58096313476562,58.77806854248047,115.08903503417969,128.07073974609375,82.6479263305664,131.8985137939453,176.9286651611328,299.88385009765625,109.86653900146484,90.77298736572266,507.5132141113281,254.26156616210938,219.806884765625,77.14527130126953,121.5941390991211,39.7679443359375,77.03123474121094,39.366310119628906,37.64714431762695,113.17961883544922,101.08538818359375,69.47351837158203,35.53714370727539,28.091583251953125,138.84414672851562,87.64270782470703
2024-02-09,73.05406188964844,77.44388580322266,41.02788162231445,84.95829772949219,58.72359848022461,115.3930435180664,128.43809509277344,82.69537353515625,133.88006591796875,177.4207000732422,302.5650939941406,108.30740356445312,91.1771240234375,515.2100830078125,254.26156616210938,220.38189697265625,77.26431274414062,122.12762451171875,39.85422897338867,77.118896484375,38.761451721191406,37.75341033935547,113.35408020019531,102.44580841064453,68.83329772949219,35.62990188598633,28.199193954467773,138.7382049560547,88.26581573486328
2024-02-12,73.7758560180664,77.60198974609375,41.51753616333008,85.53881072998047,58.787803649902344,115.7460708618164,129.41464233398438,82.63843536376953,132.8345184326172,178.9258575439453,303.1347351074219,109.53976440429688,91.78338623046875,511.99896240234375,255.03363037109375,221.17132568359375,77.28263092041016,123.65316009521484,40.17061233520508,77.36241912841797,39.18950271606445,37.92729568481445,113.51885223388672,101.66702270507812,69.32286834716797,35.51858139038086,28.526710510253906,138.92124938964844,88.19222259521484
2024-02-13,73.0065689086914,76.30748748779297,41.09379577636719,84.11654663085938,58.24305725097656,114.21626281738281,126.93946075439453,80.95890808105469,130.52438354492188,175.7708740234375,296.4464111328125,108.36341857910156,90.33993530273438,501.98992919921875,252.23480224609375,217.9259490966797,75.6893539428711,121.47245788574219,39.60496520996094,76.27143096923828,38.79403305053711,37.4152946472168,112.35575866699219,99.94184875488281,68.5790786743164,34.86925506591797,28.054147720336914,137.63031005859375,86.43573760986328
2024-02-14,73.45294952392578,77.43399810791016,41.07495880126953,85.03570556640625,58.801422119140625,115.60877990722656,127.64530181884766,81.69904327392578,132.1474609375,177.22775268554688,299.7955017089844,108.26072692871094,91.350341796875,508.69879150390625,254.65724182128906,221.86328125,76.28453063964844,122.1463394165039,39.859031677246094,77.48905181884766,38.756805419921875,37.77273178100586,114.23611450195312,100.98680877685547,68.44727325439453,35.10115432739258,28.20854949951172,138.82492065429688,87.34832763671875
2024-02-15,74.57363891601562,78.26406860351562,42.20494079589844,86.57406616210938,59.19440841674805,116.67768859863281,130.82626342773438,83.53987121582031,131.85867309570312,180.97128295898438,303.3704528808594,111.31361389160156,92.95738220214844,508.3036804199219,256.71295166015625,223.65650939941406,78.06094360351562,124.24281311035156,40.61162567138672,78.12222290039062,39.83622360229492,38.419986724853516,115.08905029296875,100.77485656738281,68.8897933959961,35.945289611816406,28.681108474731445,139.8364715576172,88.35903930664062
2024-02-16,74.56414031982422,77.92808532714844,42.214359283447266,86.39990997314453,59.40647506713867,116.0500717163086,131.3193817138672,82.6479263305664,130.39491271972656,181.50189208984375,301.8677978515625,111.36029815673828,92.63981628417969,502.9187316894531,257.35955810546875,222.34080505371094,77.25514221191406,124.1491928100586,40.827335357666016,76.90459442138672,39.812965393066406,38.28474426269531,114.40088653564453,99.84819793701172,68.99336242675781,35.574241638183594,28.648361206054688,140.28929138183594,87.83405303955078
2024-02-20,74.47866821289062,77.31542205810547,41.8094482421875,86.30316162109375,59.17107009887695,115.3047866821289,130.6715850830078,82.51507568359375,129.09046936035156,180.9808807373047,298.6463928222656,110.3239974975586,92.2645263671875,496.98052978515625,256.21112060546875,221.39547729492188,77.1177978515625,124.05561065673828,40.741050720214844,76.78770446777344,39.45005798339844,38.17848205566406,114.04226684570312,98.83279418945312,69.71832275390625,35.51858139038086,28.629642486572266,139.81719970703125,87.0048828125
2024-02-21,75.3999252319336,77.55257415771484,42.581607818603516,86.40958404541016,59.25862121582031,115.66761779785156,131.3193817138672,83.12236022949219,128.09471130371094,181.91677856445312,300.2767333984375,112.52729034423828,92.3703842163086,492.7417907714844,256.78057861328125,221.9997100830078,77.54815673828125,125.56241607666016,40.96635055541992,76.70003509521484,40.18982696533203,38.29439926147461,114.497802734375,98.21173858642578,69.9725112915039,35.7783203125,29.008630752563477,140.12547302246094,87.64762115478516
2024-02-22,75.08650207519531,78.83720397949219,42.57218933105469,87.34806823730469,60.042659759521484,117.49162292480469,132.47962951660156,83.17929077148438,132.3864288330078,183.79818725585938,306.0516357421875,112.62999725341797,93.50588989257812,508.7679748535156,259.75311279296875,224.5920867919922,77.6946792602539,124.5610122680664,41.378604888916016,77.8494644165039,40.259620666503906,38.73878860473633,115.91290283203125,101.42549896240234,70.18905639648438,35.8710823059082,28.78404426574707,141.77288818359375,89.35015106201172
2024-02-23,75.54236602783203,78.71864318847656,42.31794357299805,87.61898803710938,60.26834487915039,118.19769287109375,133.32078552246094,83.2836685180664,132.11756896972656,184.7823028564453,304.8829345703125,111.9111099243164,93.85231018066406,507.0487060546875,260.9980773925781,225.80059814453125,77.65805053710938,125.23484802246094,41.62308120727539,77.65465545654297,39.99441909790039,38.93199920654297,116.52355194091797,101.18890380859375,70.40560150146484,35.9174690246582,28.989913940429688,142.447265625,88.94779968261719
2024-02-26,74.26022338867188,78.85699462890625,42.44977569580078,87.25132751464844,60.03487777709961,118.10945129394531,132.4602508544922,82.34427642822266,131.79893493652344,183.95254516601562,305.6195373535156,112.27522277832031,93.5732421875,508.3727111816406,259.89788818359375,225.90780639648438,76.80646514892578,122.89506530761719,41.373809814453125,76.52470397949219,40.13399887084961,38.73878860473633,116.34907531738281,101.2874755859375,70.12315368652344,35.509307861328125,28.419097900390625,141.71510314941406,89.22257232666016
2024-02-27,75.47589874267578,79.29178619384766,42.28968811035156,87.57061767578125,59.861724853515625,118.22711944580078,132.88568115234375,82.50558471679688,132.1275177001953,184.67616271972656,307.15167236328125,111.86444854736328,93.9004135131836,509.11383056640625,260.21636962890625,226.23912048339844,76.8980484008789,125.20675659179688,41.52720642089844,77.14810943603516,39.961849212646484,38.845054626464844,116.52355194091797,101.37621307373047,70.132568359375,35.53714370727539,28.957162857055664,141.3682403564453,89.5169448852539
2024-02-28,75.7038345336914,79.46965789794922,42.214359283447266,87.8415298461914,59.552391052246094,118.71744537353516,133.01138305664062,83.33111572265625,131.24131774902344,184.72442626953125,307.7605285644531,111.63103485107422,94.16024017333984,506.75238037109375,258.6238708496094,226.89208984375,77.67636108398438,125.66537475585938,41.65663146972656,76.62210845947266,39.882755279541016,38.98997116088867,116.92092895507812,100.8980941772461,70.20787048339844,35.991668701171875,29.04606056213379,140.66500854492188,89.87020874023438
2024-02-29,75.75131225585938,79.95386505126953,42.43094253540039,88.04470825195312,59.00764465332031,118.87434387207031,133.8911895751953,84.07125091552734,132.7249755859375,186.16200256347656,310.0980224609375,112.107177734375,94.23723602294922,511.6037292480469,256.1531982421875,227.4378662109375,78.33563995361328,125.75895690917969,41.97300720214844,77.3039779663086,40.078163146972656,38.970645904541016,117.27957153320312,102.02191162109375,70.09490966796875,36.279232025146484,29.055416107177734,139.5185546875,90.47860717773438
2024-03-01,75.32393646240234,80.42818450927734,42.9582633972168,87.8415298461914,59.653564453125,119.49214172363281,134.50999450683594,84.982177734375,134.8360137939453,187.11717224121094,311.7185363769531,113.60094451904297,94.21797943115234,521.089111328125,259.1354064941406,228.73406982421875,79.2696304321289,125.18804931640625,42.16476058959961,77.9468765258789,40.543434143066406,38.92233657836914,117.78357696533203,103.88509368896484,70.10432434082031,36.67811584472656,28.877620697021484,140.98289489746094,90.77790069580078
2024-03-04,76.5016098022461,79.88468933105469,42.51569747924805,88.39300537109375,59.6204833984375,119.61964416503906,135.47686767578125,85.80770874023438,134.46755981445312,188.178466796875,307.9864807128906,112.32190704345703,94.38157653808594,522.0574340820312,258.57562255859375,229.61117553710938,80.01132202148438,127.27516174316406,42.471553802490234,76.92407989501953,40.11073303222656,39.018943786621094,118.21003723144531,103.88509368896484,70.16082763671875,37.095542907714844,29.364219665527344,140.77096557617188,89.55130004882812
2024-03-05,76.3781509399414,79.21273040771484,42.79818344116211,88.49943542480469,59.136051177978516,118.63899993896484,134.45199584960938,84.81137084960938,131.3109893798828,187.0496368408203,304.45074462890625,113.078125,94.56440734863281,509.5188903808594,256.490966796875,227.58407592773438,79.04070281982422,127.01310729980469,42.246253967285156,76.30066680908203,40.408504486083984,39.02860641479492,117.24079132080078,101.33184051513672,70.33027648925781,36.62245178222656,29.280000686645508,139.72085571289062,88.43754577636719
2024-03-06,77.0809555053711,79.1336669921875,42.93001937866211,89.00254821777344,59.56017303466797,119.38426208496094,135.59291076660156,85.06758880615234,132.48602294921875,188.5161590576172,303.1543884277344,113.41423034667969,95.05516815185547,515.1705322265625,258.25714111328125,229.0459442138672,79.43443298339844,128.23915100097656,42.557838439941406,76.4078140258789,40.53413391113281,39.231483459472656,117.85142517089844,102.13529205322266,70.92343139648438,36.82653045654297,29.560726165771484,140.6746368408203,88.12352752685547
2024-03-07,77.60331726074219,79.79576110839844,43.30668258666992,88.96385955810547,59.863670349121094,120.28648376464844,137.5749969482422,85.24785614013672,134.84596252441406,191.00538635253906,305.64898681640625,114.3758316040039,94.96857452392578,523.8258056640625,259.62762451171875,230.7611846923828,79.41614532470703,129.14697265625,43.08034133911133,77.64490509033203,40.878421783447266,39.17351150512695,118.80128479003906,103.74708557128906,71.32828521728516,36.82653045654297,29.752559661865234,141.32972717285156,88.79571533203125
2024-03-08,77.69829559326172,79.1435546875,43.466758728027344,88.98319244384766,59.737213134765625,119.96285247802734,136.8884735107422,86.20624542236328,132.94407653808594,190.16598510742188,304.6177673339844,114.7492904663086,95.18988800048828,515.259521484375,259.16436767578125,230.14720153808594,80.3318099975586,129.427734375,42.83107376098633,77.52800750732422,41.02265930175781,39.24113464355469,118.53958892822266,102.20429229736328,70.76338195800781,37.26251220703125,29.82741928100586,141.06959533691406,88.46700286865234
2024-03-11,78.002197265625,79.02497100830078,43.890506744384766,89.22509002685547,59.630210876464844,119.5510025024414,138.24209594726562,85.79823303222656,132.3864288330078,191.6228790283203,303.47845458984375,115.9162826538086,95.30537414550781,513.0562133789062,258.6238708496094,228.80227661132812,79.94721984863281,130.0454559326172,43.31523132324219,77.38189697265625,41.446048736572266,39.30876541137695,117.92897033691406,101.92333984375,71.1493911743164,37.07698440551758,29.977144241333008,140.99253845214844,88.22657012939453
2024-03-12,77.45135498046875,79.7166976928711,43.777503967285156,89.4476089477539,59.93177032470703,120.3551254272461,137.93272399902344,85.58946228027344,135.0251922607422,191.47816467285156,306.0713195800781,115.757568359375,95.65179443359375,523.6677856445312,259.61798095703125,229.93280029296875,79.77323913574219,128.894287109375,43.3104362487793,78.06377410888672,41.380916595458984,39.47298812866211,118.45236206054688,104.01326751708984,71.5165786743164,36.98422622680664,29.687057495117188,141.6476593017578,88.987060546875
2024-03-13,77.9167251586914,79.66731262207031,44.43666458129883,89.92170715332031,59.74694061279297,120.6787338256836,139.55702209472656,85.15298461914062,133.8402557373047,192.84820556640625,306.1596984863281,117.53142547607422,96.14257049560547,518.1248779296875,258.6818542480469,230.62474060058594,79.37035369873047,129.6991729736328,43.7370719909668,78.20014190673828,42.041595458984375,39.76280212402344,118.77220916748047,102.88944244384766,71.6954574584961,36.752323150634766,29.888246536254883,141.09854125976562,88.8006362915039
2024-03-14,77.3848876953125,79.21273040771484,44.83216094970703,89.02191162109375,59.494022369384766,120.11976623535156,138.37747192382812,83.82454681396484,133.94976806640625,191.35272216796875,304.2151184082031,118.73577117919922,95.35347747802734,516.1783447265625,257.3982238769531,229.4065399169922,78.17996978759766,128.75392150878906,43.506980895996094,78.01506805419922,42.47429656982422,39.44401168823242,118.26820373535156,102.90914916992188,71.1399917602539,36.23285675048828,29.64962387084961,140.59754943847656,88.23638153076172
2024-03-15,77.48934173583984,78.5012435913086,44.945159912109375,89.23475646972656,59.1827392578125,119.91382598876953,139.1219482421875,83.72964477539062,131.86863708496094,191.6614532470703,301.17047119140625,119.11853790283203,95.31499481201172,509.40032958984375,256.56817626953125,229.5039825439453,78.00599670410156,128.8007049560547,43.52614974975586,77.23579406738281,42.599910736083984,39.405364990234375,118.28759002685547,101.35648345947266,71.11172485351562,36.21430206298828,29.691736221313477,140.0387725830078,87.35814666748047
2024-03-18,77.85974884033203,78.99533081054688,45.11465835571289,89.42825317382812,59.231380462646484,120.30609893798828,139.46034240722656,83.66322326660156,132.96397399902344,191.70005798339844,302.7124328613281,119.51065826416016,95.59404754638672,511.7914123535156,256.3655700683594,229.76710510253906,78.0426254272461,129.17506408691406,43.605533599853516,78.8219985961914,42.7471923828125,39.63130569458008,118.49759674072266,101.85465240478516,71.56887817382812,36.20869827270508,29.828542709350586,140.02235412597656,88.02538299560547
2024-03-19,78.53406524658203,79.57836151123047,45.59489822387695,89.76688385009766,59.61075210571289,121.24751281738281,139.43133544921875,83.7391357421875,133.57138061523438,192.1535186767578,305.3641662597656,120.91105651855469,96.0848159790039,513.9552612304688,258.2378845214844,231.9014434814453,78.01515197753906,130.3824005126953,43.61034393310547,78.79269409179688,43.2349853515625,39.82524871826172,119.51846313476562,102.3829345703125,71.83443450927734,36.20869827270508,30.09272003173828,140.95054626464844,88.78755187988281
2024-03-20,78.74299621582031,80.79383087158203,45.60431671142578,91.03434753417969,59.503753662109375,122.64983367919922,141.04603576660156,84.25153350830078,135.27413940429688,194.3243865966797,310.3337707519531,120.88304901123047,97.43204498291016,520.9210205078125,257.93865966796875,234.81546020507812,78.52793884277344,130.74740600585938,44.048133850097656,79.72059631347656,43.17400360107422,40.30039596557617,120.95738220214844,103.52838134765625,72.05258178710938,36.35812759399414,30.130456924438477,140.63145446777344,90.11021423339844
2024-03-21,78.67233276367188,81.18867492675781,45.8373908996582,92.0322265625,59.530086517333984,123.32093048095703,141.52032470703125,84.83922576904297,135.6417694091797,195.30848693847656,312.28814697265625,121.48056030273438,98.4039535522461,522.3833618164062,258.2764892578125,237.5345001220703,79.09564208984375,130.6350860595703,44.23094177246094,79.74989318847656,43.431968688964844,40.63008499145508,122.15324401855469,103.60242462158203,72.09052276611328,36.49821853637695,30.083282470703125,140.815185546875,90.63636016845703
2024-03-22,78.7296371459961,80.55532836914062,45.73317337036133,91.03240203857422,59.442298889160156,122.44646453857422,140.6473388671875,83.71527862548828,136.0901336669922,194.04225158691406,310.0434265136719,121.23226928710938,97.08043670654297,523.21435546875,257.6656188964844,236.52719116210938,78.1001205444336,130.80111694335938,43.956722259521484,79.91592407226562,43.33816146850586,40.164634704589844,121.73518371582031,103.63699340820312,71.73958587646484,36.068603515625,30.1257381439209,140.621826171875,89.84471130371094
2024-03-25,79.07343292236328,80.377197265625,46.15005111694336,91.04212188720703,59.33500289916992,121.78814697265625,140.6764373779297,83.33427429199219,135.40264892578125,194.19712829589844,309.1773986816406,122.26683807373047,97.08043670654297,521.1046752929688,257.2106018066406,235.0225067138672,77.6198959350586,131.51805114746094,43.97115707397461,79.64244079589844,43.74153137207031,40.009490966796875,120.94766235351562,102.95072174072266,71.54042053222656,35.92852020263672,30.26726722717285,140.42845153808594,89.54966735839844
2024-03-26,78.29988098144531,80.42668151855469,45.79001998901367,91.17802429199219,59.578857421875,121.72919464111328,140.2884979248047,82.9342269897461,134.7152099609375,194.23583984375,309.1971130371094,121.34512329101562,97.16738891601562,518.81689453125,258.3819885253906,234.67074584960938,77.30590057373047,129.93324279785156,43.93748092651367,79.47639465332031,43.403831481933594,40.145240783691406,120.51013946533203,102.526123046875,71.57836151123047,35.77908706665039,29.922889709472656,140.94088745117188,89.66277313232422
2024-03-27,80.22897338867188,81.17879486083984,46.33006286621094,92.41079711914062,60.37870407104492,123.13424682617188,142.94607543945312,85.02021026611328,134.84471130371094,197.44020080566406,313.064697265625,122.5301742553711,98.47156524658203,520.0449829101562,261.90582275390625,238.5496826171875,79.30065155029297,133.40469360351562,44.56769943237305,79.88662719726562,43.80720138549805,40.620384216308594,122.4449234008789,103.0494613647461,72.32763671875,36.685001373291016,30.75788116455078,142.8166046142578,90.70028686523438
2024-03-28,80.71600341796875,81.11942291259766,46.80378723144531,92.8476333618164,60.37870407104492,123.5174331665039,143.28553771972656,85.62980651855469,134.56570434570312,197.9048614501953,312.6808776855469,123.8656997680664,98.91596221923828,519.3121337890625,261.8864440917969,238.5496826171875,79.8639907836914,134.49893188476562,44.687965393066406,79.75965881347656,44.28091812133789,40.84341812133789,122.46435546875,102.8272933959961,72.42247009277344,36.91848373413086,30.970165252685547,142.8359375,90.42000579833984
2024-04-01,80.3626708984375,80.6839828491211,47.09749221801758,92.24578857421875,59.86172866821289,122.38751220703125,143.4892120361328,84.22010040283203,135.053955078125,197.27566528320312,310.7027893066406,124.68395233154297,98.08515167236328,520.3817138671875,259.6211242675781,236.5174102783203,78.52491760253906,133.74427795410156,44.582130432128906,80.37498474121094,44.609230041503906,40.620384216308594,121.52128601074219,103.11363983154297,71.84393310546875,36.27406692504883,30.78146743774414,141.61767578125,89.7463607788086
2024-04-02,80.34357452392578,79.70425415039062,47.71333694458008,91.70219421386719,58.96434783935547,121.77831268310547,143.0042724609375,83.17234802246094,133.99781799316406,196.2978515625,305.7429504394531,126.33927154541016,97.51517486572266,514.508544921875,255.33251953125,235.12022399902344,77.53678131103516,133.88577270507812,44.41856002807617,80.24803924560547,45.23303985595703,40.40705490112305,120.95738220214844,102.12126159667969,71.47404479980469,35.87248229980469,30.833364486694336,139.4132080078125,88.42366027832031
2024-04-03,80.14302825927734,79.71415710449219,48.04493713378906,91.75072479248047,58.94483184814453,122.19099426269531,144.32334899902344,83.27713012695312,134.27679443359375,197.89517211914062,306.02825927734375,127.3456039428711,97.53449249267578,515.568359375,255.36154174804688,236.6151123046875,77.6198959350586,133.44244384765625,44.68315887451172,80.88289642333984,45.542598724365234,40.38766098022461,121.57962036132812,102.39280700683594,70.68683624267578,35.89116668701172,30.71070671081543,139.25851440429688,88.48758697509766
2024-04-04,79.82787322998047,78.73441314697266,48.02598571777344,90.77031707763672,58.096214294433594,120.99227142333984,142.771484375,82.68656921386719,132.0250701904297,195.7073516845703,302.1409912109375,127.18570709228516,96.44284057617188,507.239013671875,251.9151611328125,234.53396606445312,77.12122344970703,133.0933837890625,44.23094177246094,79.78895568847656,45.51445388793945,39.93191146850586,120.51013946533203,100.77340698242188,70.38333129882812,35.61097717285156,30.649377822875977,137.2474365234375,87.4500961303711
2024-04-05,80.14302825927734,79.35787963867188,48.48075866699219,91.47892761230469,58.62294006347656,122.55455017089844,144.10028076171875,83.04852294921875,133.8782501220703,197.15945434570312,304.3651428222656,128.56826782226562,97.26398468017578,513.4092407226562,254.00621032714844,237.6019287109375,77.51832580566406,133.6688232421875,44.63024139404297,80.59964752197266,46.00224685668945,40.31009292602539,122.18241119384766,101.92871856689453,70.49714660644531,35.84446334838867,30.739013671875,138.475341796875,87.93688201904297
2024-04-08,80.60142517089844,79.68445587158203,48.215476989746094,92.0322265625,58.505897521972656,122.71175384521484,143.98387145996094,83.98197174072266,133.63916015625,197.49826049804688,306.7466735839844,127.78763580322266,97.93058013916016,512.6664428710938,253.36727905273438,237.4553680419922,78.34945678710938,134.48007202148438,44.663917541503906,80.60940551757812,45.71144485473633,40.48463821411133,121.968505859375,101.81023406982422,70.392822265625,36.15266036987305,30.941862106323242,138.0305938720703,88.77278137207031
2024-04-09,80.8115234375,79.95165252685547,48.2912712097168,91.49834442138672,58.739994049072266,122.30890655517578,144.54641723632812,84.99163055419922,133.90814208984375,198.09849548339844,307.95709228515625,127.73121643066406,97.34127807617188,513.8251953125,254.5580596923828,236.84962463378906,79.39301300048828,135.03662109375,44.76975631713867,80.69731903076172,45.72551727294922,40.25190353393555,121.68656921386719,102.32369232177734,70.7342529296875,36.61029052734375,31.1116886138916,138.52371215820312,89.19072723388672
2024-04-10,79.7419204711914,79.06098937988281,48.423912048339844,90.02288818359375,58.008426666259766,120.95297241210938,142.50961303710938,81.54357147216797,132.95166015625,194.92320251464844,302.6823425292969,128.18267822265625,95.74726104736328,509.1505126953125,251.45045471191406,234.00634765625,76.10536193847656,132.56512451171875,44.072181701660156,80.06244659423828,45.86622619628906,39.650699615478516,120.64625549316406,101.06964874267578,70.47817993164062,35.10665512084961,30.578617095947266,136.89935302734375,87.81394958496094
2024-04-11,79.48407745361328,79.62507629394531,48.338645935058594,89.41133880615234,57.76457214355469,121.03157043457031,141.96646118164062,81.63882446289062,135.7712860107422,194.84573364257812,304.67022705078125,127.87229919433594,95.27389526367188,518.975341796875,250.36624145507812,234.3678741455078,76.36396026611328,132.33871459960938,44.038509368896484,80.76568603515625,45.83339309692383,39.369483947753906,120.78237915039062,103.08895874023438,70.30745697021484,35.14400863647461,30.51729393005371,136.3385467529297,88.52201080322266
2024-04-12,78.87287902832031,78.3682632446289,47.59016036987305,87.89703369140625,56.9647216796875,119.6559829711914,139.47378540039062,80.77204895019531,133.45977783203125,191.3315887451172,299.95635986328125,126.04771423339844,93.88273620605469,509.7447204589844,246.63909912109375,231.9936065673828,75.45892333984375,131.32937622070312,43.25914764404297,79.43734741210938,45.0876350402832,38.84585189819336,119.4892807006836,101.4201889038086,69.59613037109375,34.7797737121582,30.286134719848633,134.30813598632812,87.08622741699219
2024-04-15,78.19483947753906,77.17082214355469,47.106971740722656,87.3631591796875,56.76964569091797,118.6537857055664,138.746337890625,79.45761108398438,130.66006469726562,190.35385131835938,294.7799072265625,124.77801513671875,93.20649719238281,500.0486145019531,245.4967498779297,229.96131896972656,74.17525482177734,130.1219024658203,43.05228042602539,78.43130493164062,44.665523529052734,38.65190887451172,118.63371276855469,99.49468231201172,69.31160736083984,34.17271423339844,30.0078067779541,134.0374298095703,85.63568115234375
2024-04-16,77.26850128173828,76.94319915771484,46.690086364746094,86.77103424072266,56.701351165771484,118.30006408691406,137.98980712890625,78.27649688720703,130.89920043945312,189.05662536621094,293.4415283203125,123.74345397949219,92.64617156982422,500.3457336425781,245.70973205566406,229.36529541015625,73.13170623779297,128.32960510253906,42.720340728759766,78.16758728027344,44.276222229003906,38.39009475708008,118.3614730834961,99.61316680908203,69.34005737304688,33.64971160888672,29.61153793334961,134.0857696533203,85.1489028930664
2024-04-17,78.66278839111328,76.60673522949219,46.576393127441406,86.86811065673828,56.63308334350586,117.68104553222656,137.8443145751953,77.75261688232422,128.86663818359375,189.19215393066406,291.22723388671875,123.17913055419922,92.77175903320312,492.9176025390625,245.05142211914062,227.7335968017578,72.5960693359375,130.97091674804688,42.81655502319336,78.09921264648438,44.14958190917969,38.487056732177734,117.74896240234375,98.17643737792969,69.59613037109375,33.369529724121094,30.229528427124023,133.85372924804688,84.7358627319336
2024-04-18,78.99703216552734,76.27024841308594,46.481651306152344,87.40199279785156,56.623321533203125,117.21924591064453,137.815185546875,77.72404479980469,127.9400863647461,189.1243896484375,289.8101806640625,122.90638732910156,93.12919616699219,488.242919921875,244.76101684570312,226.9617156982422,72.60531616210938,131.61236572265625,42.83098220825195,78.48013305664062,44.01356506347656,38.622825622558594,117.34061431884766,97.0556869506836,69.9186019897461,33.378868103027344,30.39935874938965,133.84402465820312,84.2097396850586
2024-04-19,80.09528350830078,75.47854614257812,46.97433090209961,88.62507629394531,56.730621337890625,117.32732391357422,137.9510040283203,78.09551239013672,124.29347229003906,189.0178985595703,287.3892517089844,124.38299560546875,94.43340301513672,475.2982177734375,245.24505615234375,226.873779296875,72.95623779296875,133.59335327148438,42.79730987548828,77.62062072753906,44.543575286865234,39.15615463256836,117.1267318725586,95.0561294555664,70.60147857666016,33.50962448120117,30.86638641357422,134.3468017578125,83.47217559814453
2024-04-22,80.87837219238281,75.84471130371094,47.25856399536133,89.95492553710938,56.99398422241211,118.15267181396484,137.7764129638672,78.72417449951172,125.77801513671875,189.48255920410156,289.249267578125,125.27647399902344,95.6989517211914,481.7952880859375,246.40675354003906,228.3491668701172,73.60267639160156,134.98004150390625,42.84060287475586,77.72805786132812,44.83436965942383,39.63130569458008,118.01145935058594,95.90531921386719,71.27486419677734,33.780460357666016,31.149433135986328,134.85926818847656,83.84095001220703
2024-04-23,81.27946472167969,76.78485107421875,47.54279327392578,90.42086791992188,57.75481414794922,119.80338287353516,136.43792724609375,79.39091491699219,128.04966735839844,187.97238159179688,293.5595703125,125.75614929199219,96.43317413330078,489.70867919921875,249.5917510986328,231.7297821044922,74.27684783935547,135.62149047851562,42.47017288208008,78.90990447998047,45.082950592041016,39.8834228515625,119.6545639038086,97.32723236083984,71.47404479980469,34.08866500854492,31.29567527770996,136.61900329589844,84.83911895751953
2024-04-24,81.72830963134766,77.02236938476562,47.55226135253906,90.23643493652344,57.63776779174805,119.11558532714844,136.56402587890625,79.63858795166016,128.36849975585938,188.02076721191406,294.64215087890625,125.93482208251953,96.33655548095703,490.4911193847656,249.04965209960938,230.1371612548828,74.41536712646484,136.48936462402344,42.49903106689453,78.95873260498047,45.115779876708984,39.87372970581055,118.70176696777344,97.77157592773438,72.01463317871094,34.21940994262695,31.484373092651367,136.19354248046875,85.65045166015625
2024-04-25,82.03392028808594,77.02236938476562,47.79859924316406,89.78019714355469,57.23783874511719,119.18436431884766,137.34967041015625,79.1623306274414,127.73085021972656,188.7274627685547,294.1107177734375,126.55558013916016,95.75691986083984,490.689208984375,247.09408569335938,230.80157470703125,73.99054718017578,136.95155334472656,42.80211639404297,76.14575958251953,45.32215118408203,39.6410026550293,119.06150817871094,97.55929565429688,71.84393310546875,34.02328872680664,31.569284439086914,135.28468322753906,85.72418975830078
2024-04-26,81.20306396484375,77.54685974121094,47.39119338989258,89.46957397460938,57.16956329345703,119.43983459472656,138.0092010498047,79.28614807128906,130.4707794189453,189.92788696289062,297.6239929199219,125.54924011230469,95.5733642578125,499.1076965332031,247.17156982421875,231.07516479492188,74.02749633789062,135.39508056640625,43.066715240478516,78.24573516845703,44.904720306396484,39.582820892333984,119.25595092773438,98.6602783203125,71.69217681884766,34.05130386352539,31.224912643432617,135.3233642578125,86.49617004394531
2024-04-29,82.30130767822266,78.52659606933594,47.71333694458008,89.45988464355469,57.41342544555664,119.92127990722656,139.44467163085938,80.12435913085938,130.56044006347656,191.70913696289062,303.1940612792969,126.4427261352539,95.38980865478516,501.08856201171875,248.3526153564453,232.71661376953125,74.78477478027344,137.42323303222656,43.427528381347656,77.33736419677734,45.2095832824707,39.524635314941406,120.05320739746094,99.08487701416016,71.9197998046875,34.4342155456543,31.64948081970215,135.77777099609375,88.50726318359375
2024-04-30,81.77606201171875,76.90362548828125,46.301639556884766,88.47947692871094,57.384159088134766,118.08390045166016,136.8065185546875,78.67654418945312,127.70094299316406,188.26280212402344,296.1182861328125,122.60540771484375,94.3464584350586,489.98602294921875,247.8685760498047,228.68138122558594,73.51957702636719,136.63084411621094,42.638545989990234,76.04808044433594,43.86347579956055,39.13676834106445,118.1475830078125,96.90264129638672,71.6068115234375,33.799137115478516,31.484373092651367,135.68109130859375,86.35358428955078
2024-05-01,82.55914306640625,76.55724334716797,45.59105682373047,88.9842300415039,57.72555160522461,117.42559051513672,136.6222381591797,78.79084777832031,126.48541259765625,189.15342712402344,294.9668884277344,120.60212707519531,94.44304656982422,484.6773986816406,249.06900024414062,227.8606414794922,73.54727935791016,138.2061767578125,42.85984420776367,76.75132751464844,43.16462326049805,39.13676834106445,117.85591125488281,95.9102554321289,71.15155792236328,33.81782150268555,31.84762191772461,135.9228057861328,85.81270599365234
2024-05-02,82.97933959960938,77.60623931884766,45.875282287597656,89.42105865478516,57.66702651977539,118.30989074707031,136.03057861328125,79.8386001586914,128.53785705566406,189.2405548095703,299.503662109375,121.39215850830078,95.03236389160156,491.30328369140625,248.9334716796875,230.3814239501953,74.58159637451172,139.19668579101562,42.638545989990234,77.52294921875,43.413211822509766,39.233734130859375,118.53648376464844,97.29265594482422,71.74908447265625,34.303462982177734,32.01744842529297,135.8261260986328,86.89446258544922
2024-05-03,83.70515441894531,78.26930236816406,45.903709411621094,89.7705078125,57.80358123779297,119.06645202636719,137.29144287109375,80.44819641113281,131.68630981445312,190.77011108398438,301.8753662109375,121.48619079589844,95.35116577148438,504.57476806640625,249.78538513183594,232.02291870117188,75.0802993774414,140.25318908691406,43.071529388427734,78.34339904785156,43.41789627075195,39.32100296020508,119.36288452148438,100.00320434570312,71.96721649169922,34.574302673339844,32.272193908691406,136.16453552246094,87.47959899902344
2024-05-06,84.19220733642578,79.22923278808594,46.29216384887695,90.86739349365234,58.06695556640625,120.32413482666016,138.21287536621094,80.64822387695312,133.73878479003906,192.15447998046875,305.3886413574219,122.51136779785156,96.46215057373047,511.87420654296875,250.88900756835938,234.5633087158203,75.14493560791016,141.03616333007812,43.33131408691406,79.40804290771484,43.76028823852539,39.82524871826172,120.56849670410156,101.17825317382812,72.00516510009766,34.583648681640625,32.43730163574219,136.7156524658203,88.41383361816406
2024-05-07,85.02304077148438,78.823486328125,46.235313415527344,90.99357604980469,58.52539825439453,120.88419342041016,139.9490203857422,81.36260223388672,133.15093994140625,194.24551391601562,303.6959533691406,122.49254608154297,96.69400024414062,509.7348327636719,252.7283477783203,234.8466033935547,75.85602569580078,142.47943115234375,43.846073150634766,79.49594116210938,43.718074798583984,39.960994720458984,120.8990478515625,100.84747314453125,72.79236602783203,34.94788360595703,32.80526351928711,137.84689331054688,87.779541015625
2024-05-08,85.74884033203125,78.32868194580078,46.159515380859375,91.30420684814453,58.30105209350586,121.13965606689453,139.16339111328125,80.74346923828125,133.1907958984375,193.54849243164062,302.8200378417969,122.30443572998047,97.0707778930664,510.4776306152344,251.46018981933594,234.9541015625,75.21880340576172,143.7529296875,43.644020080566406,79.36896514892578,43.66648483276367,40.1064567565918,120.8990478515625,101.13383483886719,72.57421875,34.621002197265625,33.149635314941406,137.3731231689453,87.4500961303711
2024-05-09,86.9521255493164,79.00161743164062,46.78483581542969,92.08078002929688,58.779014587402344,122.05343627929688,140.88014221191406,82.29605865478516,133.05130004882812,195.7847900390625,305.1819152832031,123.98796844482422,97.8436279296875,509.97247314453125,253.6867218017578,237.37721252441406,76.76106262207031,146.11123657226562,44.129913330078125,79.76942443847656,44.25277328491211,40.40705490112305,122.1046371459961,101.10420227050781,73.20018768310547,35.44287109375,33.65440368652344,138.55270385742188,88.04505920410156
2024-05-10,86.86618041992188,78.7839126586914,46.500606536865234,92.41079711914062,58.78876495361328,122.50541687011719,140.9480438232422,82.1436538696289,133.479736328125,195.8331756591797,303.84356689453125,123.17913055419922,98.08515167236328,511.3096008300781,253.82228088378906,237.5726318359375,76.54863739013672,145.8282470703125,44.182830810546875,79.88662719726562,44.008880615234375,40.56220626831055,122.19213104248047,101.47943115234375,73.61750030517578,35.31211471557617,33.62138366699219,138.8330841064453,87.57301330566406
2024-05-13,86.91393280029297,78.69483947753906,46.386905670166016,91.87692260742188,58.710723876953125,121.91587829589844,141.17112731933594,82.32462310791016,133.9679412841797,195.71701049804688,303.9813232421875,122.80293273925781,97.73735809326172,513.8054809570312,253.8029327392578,236.429443359375,76.7979965209961,145.96031188964844,44.15396499633789,79.7401123046875,43.89162063598633,40.39735794067383,121.67684936523438,101.9583511352539,73.40885162353516,35.405513763427734,33.62138366699219,138.69773864746094,87.45991516113281
2024-05-14,87.06671142578125,79.01150512695312,46.49113082885742,92.55640411376953,58.97409439086914,121.96500396728516,141.5396728515625,82.9342269897461,135.15357971191406,196.2494659423828,305.9495849609375,123.22615051269531,98.20108032226562,519.0941162109375,254.87754821777344,236.83984375,77.38902282714844,146.2338409423828,44.197269439697266,80.10150909423828,43.94790267944336,40.60099411010742,121.64767456054688,102.8618392944336,73.26657104492188,35.65767288208008,33.711021423339844,139.28753662109375,87.85820770263672
2024-05-15,88.16496276855469,79.05110168457031,46.58586883544922,93.45915985107422,59.871482849121094,122.86895751953125,141.70455932617188,84.20104217529297,138.1924285888672,196.549560546875,306.382568359375,123.489501953125,99.0125732421875,530.9791870117188,258.7014465332031,238.44219970703125,78.46027374267578,148.318603515625,44.27423858642578,80.60940551757812,44.0463981628418,40.90160369873047,122.4449234008789,105.17739868164062,73.31400299072266,36.264732360839844,34.215789794921875,141.3566131591797,87.990966796875
2024-05-16,87.9357681274414,78.9620361328125,46.500606536865234,93.34268188476562,59.78369903564453,122.05343627929688,141.10324096679688,84.1343765258789,137.8437042236328,195.2523193359375,303.6270446777344,123.10388946533203,98.8869857788086,528.7308959960938,258.46905517578125,236.52719116210938,78.40487670898438,147.86582946777344,43.956722259521484,80.55081176757812,43.92445373535156,40.90160369873047,121.71572875976562,104.81204986572266,74.3572769165039,36.19935607910156,34.09784698486328,141.19224548339844,87.42057800292969
2024-05-17,88.05036163330078,79.16984558105469,47.1353874206543,94.0124740600586,59.83246994018555,122.2401351928711,142.62599182128906,84.14390563964844,137.51490783691406,196.92710876464844,304.43402099609375,124.84385681152344,99.5052719116211,527.4434204101562,258.5852355957031,236.7323455810547,78.39563751220703,147.99790954589844,44.331974029541016,80.68754577636719,44.538875579833984,41.20220184326172,121.85184478759766,104.58000946044922,74.17706298828125,36.19935607910156,34.12614822387695,141.46298217773438,87.8680419921875
2024-05-20,87.80206298828125,78.87295532226562,46.860626220703125,92.80880737304688,59.734928131103516,122.41697692871094,143.38253784179688,83.5533447265625,139.2884063720703,197.2949981689453,302.6134338378906,124.26071166992188,98.51021575927734,534.128662109375,258.3335266113281,237.36746215820312,77.93388366699219,147.74317932128906,44.394500732421875,80.92195129394531,44.248077392578125,40.6397819519043,122.08518981933594,105.80935668945312,73.66492462158203,35.97521209716797,34.069549560546875,141.1632537841797,87.21406555175781
2024-05-21,88.46101379394531,79.15007019042969,46.64271926879883,93.51739501953125,59.88124084472656,121.9355239868164,143.0042724609375,83.58192443847656,139.4477996826172,197.02391052246094,303.54833984375,123.72462463378906,99.05121612548828,534.6337890625,258.3916320800781,236.83006286621094,77.90618133544922,148.9883575439453,44.394500732421875,80.81452941894531,44.032325744628906,40.90160369873047,121.68656921386719,105.98217010498047,74.10118865966797,35.94719696044922,34.376182556152344,141.40496826171875,87.77460479736328
2024-05-22,87.64926147460938,78.46720886230469,45.932132720947266,93.06117248535156,59.949520111083984,121.69971466064453,141.2196044921875,82.8104019165039,139.48764038085938,195.17489624023438,300.1334533691406,121.28870391845703,98.40394592285156,534.7625122070312,258.85638427734375,237.15249633789062,77.2043228149414,147.25265502929688,43.96152877807617,80.91219329833984,43.18807601928711,40.66887283325195,121.8323974609375,106.21915435791016,73.80718231201172,35.63899612426758,33.97047424316406,141.65635681152344,86.86005401611328
2024-05-23,86.23588562011719,77.30936431884766,45.477359771728516,91.51775360107422,59.30574035644531,120.36343383789062,140.12362670898438,81.03875732421875,139.74668884277344,193.25808715820312,295.4786071777344,120.09424591064453,96.96450805664062,534.8021850585938,255.9617156982422,234.18222045898438,75.54203796386719,144.66795349121094,43.57185363769531,79.99407196044922,42.79409408569336,40.1064567565918,120.39347839355469,105.35513305664062,72.93463134765625,34.88250732421875,33.39494705200195,140.10939025878906,85.45376586914062
2024-05-24,87.09538269042969,78.17033386230469,45.62895202636719,92.43022155761719,59.110652923583984,120.95297241210938,141.3553924560547,81.04827880859375,141.0220184326172,194.86508178710938,298.4703369140625,120.291748046875,97.6987075805664,540.0017700195312,255.10015869140625,235.87254333496094,75.5974349975586,146.06407165527344,43.9519157409668,81.0196304321289,42.85506820678711,40.348880767822266,121.00598907470703,106.24383544921875,73.12431335449219,34.88250732421875,33.72989273071289,139.63560485839844,86.31424713134766
2024-05-28,86.88526916503906,77.95262145996094,46.121620178222656,91.508056640625,58.45712661743164,119.47913360595703,141.13232421875,80.55297088623047,142.55641174316406,194.16807556152344,298.0274658203125,121.6648941040039,96.64569091796875,544.6468505859375,252.3411102294922,232.9022674560547,75.0987548828125,145.81881713867188,43.783531188964844,81.1563720703125,43.295955657958984,39.90281677246094,119.52818298339844,106.69313049316406,72.55523681640625,34.677040100097656,33.696868896484375,137.94357299804688,86.10281372070312
2024-05-29,85.67243957519531,77.48750305175781,45.32577133178711,90.53734588623047,57.979164123535156,117.87755584716797,138.95974731445312,79.80049896240234,141.81907653808594,191.34127807617188,296.1675109863281,119.54874420166016,95.66996765136719,542.7451782226562,250.25978088378906,229.64865112304688,74.36917877197266,144.0076446533203,43.158119201660156,80.72660827636719,42.53144073486328,39.582820892333984,117.83646392822266,106.01671600341797,72.03359985351562,34.35016632080078,33.262855529785156,136.87034606933594,85.53736114501953
2024-05-30,86.89482116699219,77.91303253173828,45.4394645690918,91.27508544921875,57.96940994262695,118.50640106201172,140.06544494628906,80.96255493164062,138.1924285888672,193.1322479248047,297.8995666503906,119.97196960449219,96.34622955322266,529.9490966796875,250.64700317382812,231.32919311523438,75.45892333984375,145.80938720703125,43.50931930541992,80.462890625,42.65338134765625,39.7961540222168,118.64342498779297,103.59749603271484,72.2232894897461,34.84515380859375,33.711021423339844,136.9380340576172,86.04380798339844
2024-05-31,88.36550903320312,78.46720886230469,46.566917419433594,92.45933532714844,58.74974822998047,119.79354858398438,141.60757446289062,82.55323791503906,138.12266540527344,195.5524444580078,299.67095947265625,122.79351043701172,97.5827865600586,529.4835815429688,254.07400512695312,234.06497192382812,76.87187194824219,148.5072784423828,44.033695220947266,81.32242584228516,43.7133903503418,40.377967834472656,120.08235168457031,103.76042175292969,73.3519287109375,35.53626251220703,34.305416107177734,138.939453125,86.52568054199219
2024-06-03,87.37230682373047,78.47712707519531,45.34471893310547,92.07106018066406,59.110652923583984,118.49656677246094,140.53097534179688,82.32462310791016,139.20867919921875,194.10032653808594,300.271240234375,119.4735107421875,96.95484924316406,532.2666625976562,255.60357666015625,231.1240234375,76.69640350341797,147.0545654296875,43.77390670776367,81.64473724365234,42.56896209716797,40.125850677490234,118.61426544189453,104.02208709716797,73.32347869873047,35.39617156982422,33.91386795043945,139.916015625,86.4863510131836
2024-06-04,87.39141845703125,78.57608032226562,44.88994216918945,91.27508544921875,59.2667236328125,118.12319946289062,138.23231506347656,83.05805206298828,139.41790771484375,191.1476593017578,299.2379455566406,118.10975646972656,96.43317413330078,532.5935668945312,256.3876953125,229.57049560546875,77.28744506835938,147.15834045410156,43.28801727294922,81.95730590820312,42.16090393066406,39.94160461425781,118.32259368896484,104.23933410644531,73.95893096923828,35.732383728027344,33.89971923828125,140.32208251953125,86.5748519897461
2024-06-05,86.96167755126953,79.07089233398438,44.93731689453125,91.64396667480469,59.559349060058594,119.2236557006836,139.33798217773438,82.85802459716797,143.1641387939453,192.8611602783203,301.3931579589844,118.2602310180664,96.81958770751953,546.162109375,257.8398132324219,232.48214721679688,77.1950912475586,146.20556640625,43.5862922668457,82.95357513427734,42.15621566772461,40.05796813964844,119.51846313476562,106.55488586425781,73.79769897460938,35.685691833496094,33.706295013427734,140.96022033691406,87.0813217163086
2024-06-06,86.03531646728516,79.48653411865234,45.16469955444336,91.31392669677734,59.72517395019531,118.67343139648438,139.75503540039062,82.99136352539062,142.7456817626953,192.9385986328125,303.7451477050781,118.75870513916016,96.68433380126953,544.6171264648438,258.372314453125,230.7234344482422,77.34284973144531,144.47927856445312,43.634395599365234,83.00239562988281,42.37665939331055,40.03856658935547,118.80870819091797,106.19940185546875,74.02532958984375,35.741729736328125,33.35720443725586,141.42431640625,87.71562194824219
2024-06-07,85.15673065185547,79.05110168457031,44.95626449584961,91.51775360107422,59.80320739746094,118.73237609863281,138.72695922851562,82.32462310791016,142.9350128173828,190.6926727294922,301.294677734375,118.22261810302734,96.82925415039062,544.5774536132812,258.3529357910156,230.55731201171875,76.61328887939453,142.91336059570312,43.19660568237305,82.4358901977539,42.20781326293945,40.222816467285156,118.93509674072266,106.4462661743164,73.65542602539062,35.4615478515625,32.993961334228516,141.57899475097656,87.35665893554688
2024-06-10,86.1881332397461,79.26881408691406,45.37314224243164,91.43038940429688,60.017799377441406,118.88960266113281,138.55235290527344,82.55323791503906,143.40325927734375,190.74107360839844,302.633056640625,119.59577941894531,96.66500854492188,546.4594116210938,259.5049133300781,231.29013061523438,76.87187194824219,144.73399353027344,43.1533088684082,82.64100646972656,42.52674865722656,40.06766128540039,119.3045654296875,106.71781158447266,73.5985336303711,35.63899612426758,33.41853713989258,142.1011199951172,87.6369400024414
2024-06-11,85.76396179199219,79.07559967041016,45.32642364501953,90.33973693847656,59.76953125,118.2633285522461,138.1844482421875,82.31934356689453,145.5166778564453,190.2279815673828,301.4620361328125,119.40766906738281,95.5733642578125,554.1250610351562,258.48846435546875,229.95155334472656,76.59481811523438,143.8472900390625,43.138877868652344,82.79727935791016,42.442325592041016,39.61191177368164,118.62399291992188,108.70256042480469,73.56059265136719,35.526920318603516,33.2156867980957,141.5113525390625,87.40583801269531
2024-06-12,85.1785888671875,79.81878662109375,44.91644287109375,90.84611511230469,59.71088790893555,118.80491638183594,138.49591064453125,83.0286636352539,148.7964630126953,191.0411834716797,305.0638122558594,118.35430145263672,95.85353088378906,566.0396728515625,258.23675537109375,232.67755126953125,77.2781982421875,142.92282104492188,43.22065734863281,82.62146759033203,41.98736572265625,39.573123931884766,119.75180053710938,111.10697937011719,72.75443267822266,35.77908706665039,32.99867630004883,141.21160888671875,88.31549072265625
2024-06-13,85.351318359375,79.57105255126953,44.48740005493164,90.45660400390625,59.58381652832031,118.2928695678711,137.87294006347656,83.51751708984375,149.7734375,190.74107360839844,304.2765808105469,117.13163757324219,95.4477767944336,571.6355590820312,257.8785705566406,231.45623779296875,77.59219360351562,143.11146545410156,43.20622634887695,81.908447265625,41.602760314941406,39.54402542114258,118.98371124267578,111.9858169555664,72.84925079345703,35.95653533935547,33.074161529541016,141.09556579589844,88.38433074951172
2024-06-14,85.2553482055664,79.15486145019531,44.058349609375,90.1644515991211,59.55449676513672,117.27861785888672,136.36428833007812,83.4504165649414,150.61083984375,188.56288146972656,301.1274108886719,115.84312438964844,95.15795135498047,573.85400390625,257.5010070800781,228.9354248046875,77.57372283935547,142.90394592285156,42.80693435668945,82.17217254638672,41.29320526123047,39.41797637939453,117.78785705566406,112.40547180175781,72.98204803466797,35.984554290771484,32.993961334228516,141.0472412109375,87.68611907958984
2024-06-17,84.631591796875,80.37368774414062,44.11555480957031,90.92401885986328,59.48607635498047,118.25347900390625,137.19163513183594,83.15327453613281,152.2855987548828,189.88914489746094,305.84130859375,116.18170928955078,95.95979309082031,580.8463134765625,257.13311767578125,231.22171020507812,77.26896667480469,141.37576293945312,43.124446868896484,82.5628662109375,41.40108108520508,39.767059326171875,119.09065246582031,114.10881805419922,73.67440032958984,35.79776382446289,32.630714416503906,140.90219116210938,89.22515869140625
2024-06-18,84.66036224365234,80.1457748413086,44.325313568115234,91.49856567382812,59.525177001953125,118.84429931640625,137.63937377929688,83.39290618896484,152.9834442138672,189.60841369628906,304.88671875,116.84007263183594,96.51045989990234,583.1737670898438,257.1525573730469,232.3844451904297,77.57372283935547,141.3852081298828,43.07633590698242,82.07451629638672,41.574623107910156,40.01918029785156,119.73234558105469,114.25199890136719,73.76924896240234,35.9378547668457,32.64486312866211,141.08590698242188,88.92522430419922
2024-06-20,85.351318359375,80.21513366699219,45.021324157714844,91.93677520751953,59.701114654541016,119.20864868164062,137.98977661132812,83.17243957519531,150.87001037597656,189.30833435058594,304.88671875,118.65525817871094,97.10941314697266,575.1812133789062,258.091552734375,232.4528350830078,77.35208892822266,142.55491638183594,43.1196403503418,82.4261245727539,42.339141845703125,40.232513427734375,119.81012725830078,112.96831512451172,73.60802459716797,35.84446334838867,32.927921295166016,141.55001831054688,89.03831481933594
2024-06-21,84.89067840576172,80.70069885253906,44.763893127441406,91.53751373291016,59.96501541137695,119.08062744140625,138.1065673828125,83.51751708984375,149.90301513671875,189.27928161621094,307.2682800292969,117.84642028808594,96.75196838378906,572.2000732421875,259.08868408203125,231.8177490234375,77.5460205078125,141.81910705566406,43.124446868896484,82.96331787109375,42.09524917602539,40.077362060546875,119.55735778808594,112.77082824707031,73.66492462158203,35.9378547668457,32.73450469970703,141.94642639160156,89.79061126708984
2024-06-24,86.0518569946289,80.49260711669922,45.908023834228516,92.49185180664062,60.35598373413086,119.55329895019531,138.95335388183594,84.01596069335938,147.35096740722656,189.99563598632812,306.2939453125,121.00654602050781,97.68907165527344,561.70166015625,260.77313232421875,232.8143310546875,78.14629364013672,143.5925750732422,43.40238952636719,83.24144744873047,43.15666580200195,40.489166259765625,120.06562042236328,110.0060806274414,74.45042419433594,36.18031692504883,33.16487503051758,142.77439880371094,89.4072494506836
2024-06-25,85.23615264892578,80.15568542480469,45.91755294799805,91.79071044921875,60.1898307800293,118.35193634033203,137.02615356445312,82.9999008178711,149.86314392089844,187.54641723632812,304.8768005371094,121.24166107177734,96.9355239868164,569.7438354492188,260.0760803222656,230.8992919921875,77.18585205078125,142.28134155273438,42.851341247558594,84.17178344726562,43.255950927734375,40.187374114990234,119.04125213623047,112.02400207519531,73.97262573242188,35.67086410522461,32.85101318359375,142.32791137695312,89.04753112792969
2024-06-26,85.05381774902344,80.89888000488281,45.564781188964844,91.36223602294922,59.99433898925781,117.9974594116211,137.06509399414062,82.76026916503906,150.3815460205078,187.76907348632812,309.3644104003906,120.22591400146484,96.37520599365234,570.8827514648438,259.1467590332031,230.01992797851562,76.94574737548828,141.7908172607422,42.822330474853516,84.18158721923828,42.83043670654297,39.93425369262695,118.71931457519531,111.8954086303711,73.81971740722656,35.623695373535156,32.71310043334961,141.82315063476562,90.33856964111328
2024-06-27,85.15937042236328,81.16642761230469,45.67919158935547,91.59593963623047,59.95524215698242,117.64295959472656,136.36428833007812,83.46000671386719,150.6307830810547,187.2850341796875,310.85040283203125,120.4610366821289,96.44284057617188,572.0218505859375,258.8950500488281,230.58660888671875,77.69377899169922,141.98892211914062,42.70148468017578,84.66145324707031,42.92972183227539,39.88557434082031,118.84613037109375,111.94981384277344,73.50438690185547,35.944461822509766,32.770172119140625,141.59017944335938,90.89047241210938
2024-06-28,84.3340835571289,80.54214477539062,45.76500701904297,92.09259033203125,59.88682174682617,117.61341857910156,136.27667236328125,84.10221862792969,150.0326385498047,187.27337646484375,308.01708984375,120.87606048583984,96.93878936767578,571.8154907226562,258.4442443847656,230.59449768066406,78.31366729736328,140.70004272460938,42.686988830566406,83.8877944946289,43.0952033996582,40.02186584472656,118.89491271972656,111.89045715332031,73.17947387695312,36.23691940307617,32.403995513916016,141.47372436523438,89.88030242919922
2024-07-01,83.68150329589844,80.30432891845703,45.726863861083984,92.37498474121094,59.58381652832031,116.51053619384766,134.5441436767578,83.3258056640625,151.54791259765625,184.6095428466797,307.99737548828125,120.86658477783203,97.13289642333984,577.4286499023438,257.2297058105469,227.555419921875,77.57503509521484,139.48251342773438,42.02960205078125,83.53524780273438,43.11884689331055,40.109493255615234,117.61689758300781,112.73621368408203,72.66345977783203,35.887847900390625,32.18048095703125,140.67774963378906,90.1858139038086
2024-07-02,83.9790267944336,81.3745346069336,45.71733093261719,93.1540298461914,59.3394660949707,117.41647338867188,134.972412109375,83.64213562011719,152.5846710205078,185.13453674316406,312.7508239746094,120.9897689819336,98.16166687011719,581.2665405273438,256.2678527832031,229.1239776611328,77.93968200683594,140.2054443359375,42.10694122314453,84.27952575683594,43.08574295043945,40.5767822265625,118.26078796386719,113.300048828125,73.16991424560547,36.038795471191406,32.346923828125,140.163330078125,91.94005584716797
2024-07-03,84.49723052978516,81.72135162353516,45.94615936279297,92.88136291503906,58.92894744873047,117.8005142211914,136.3545684814453,83.60379791259766,154.26942443847656,186.5733642578125,314.0426940917969,121.5488052368164,97.7928695678711,587.9805908203125,254.4412841796875,230.29058837890625,77.86488342285156,141.09005737304688,42.4211311340332,84.30889129638672,43.274864196777344,40.450225830078125,118.69004821777344,114.82830810546875,73.04570007324219,36.00106430053711,32.541908264160156,139.09561157226562,92.52644348144531
2024-07-05,84.60279083251953,82.30599212646484,45.22154998779297,92.54052734375,59.40788269042969,117.43616485595703,136.6368408203125,83.84342193603516,155.6850128173828,186.6122589111328,315.62060546875,119.53058624267578,97.59874725341797,590.9755249023438,256.4233703613281,229.26123046875,78.07992553710938,141.1090850830078,42.488807678222656,85.9443588256836,42.59877014160156,40.440486907958984,118.26078796386719,115.1794662475586,73.94395446777344,36.13313674926758,32.59897232055664,140.1730194091797,93.28038024902344
2024-07-08,84.66996002197266,82.29609680175781,45.04039764404297,92.56974792480469,59.31991195678711,117.41647338867188,136.82177734375,84.14056396484375,156.47254943847656,187.18585205078125,316.30108642578125,119.04733276367188,97.3658218383789,594.9423828125,256.15130615234375,229.42788696289062,78.33236694335938,141.2327117919922,42.61448287963867,85.17069244384766,42.3387336730957,40.333404541015625,118.40711975097656,115.96588134765625,73.82929229736328,36.21805191040039,32.632259368896484,140.01773071289062,93.3247299194336
2024-07-09,84.93866729736328,82.3357162475586,44.64948654174805,93.32930755615234,59.593597412109375,116.94380187988281,135.54669189453125,84.12139129638672,156.1635284423828,185.4456329345703,316.6363830566406,117.96715545654297,98.03551483154297,593.6729736328125,257.43377685546875,228.1436309814453,78.31366729736328,141.60366821289062,42.179447174072266,85.43510437011719,41.9652214050293,40.644935607910156,117.89004516601562,115.87188720703125,73.63816833496094,36.22749328613281,32.72737121582031,140.69717407226562,93.63516998291016
2024-07-10,85.6775894165039,82.60327911376953,44.954586029052734,94.16677856445312,60.19960021972656,117.6232681274414,137.12350463867188,84.77320098876953,158.237060546875,187.8275146484375,318.2931823730469,118.76307678222656,98.5401840209961,601.8248291015625,259.9501953125,230.39842224121094,78.89335632324219,142.992431640625,42.744991302490234,85.97372436523438,42.248897552490234,40.800697326660156,118.9437026977539,117.55348205566406,73.96307373046875,36.482208251953125,33.03647994995117,142.02700805664062,94.33982849121094
2024-07-11,87.13626861572266,82.29609680175781,45.498046875,95.15032196044922,60.64921569824219,119.2480239868164,138.85601806640625,87.11203002929688,154.36912536621094,191.29823303222656,317.1393127441406,120.2885971069336,99.7048568725586,590.2317504882812,262.4763488769531,234.04525756835938,81.156005859375,145.76039123535156,43.32988357543945,84.79855346679688,42.688594818115234,41.12196350097656,120.45585632324219,114.61068725585938,73.68594360351562,37.453941345214844,33.640419006347656,143.02676391601562,93.14241027832031
2024-07-12,87.79841613769531,82.94017028808594,45.65058898925781,95.37430572509766,61.049964904785156,120.32136535644531,140.1116180419922,87.84052276611328,155.42581176757812,193.1551055908203,321.63641357421875,120.6391830444336,99.95720672607422,595.725830078125,264.3904113769531,235.6236114501953,81.77307891845703,147.07302856445312,43.74558639526367,84.52433776855469,42.797340393066406,41.25825119018555,121.14852142333984,115.63449096679688,74.01084899902344,37.7275276184082,33.88771057128906,143.91978454589844,94.35954284667969
2024-07-15,86.03266143798828,82.771728515625,46.241722106933594,96.83500671386719,60.85447311401367,121.41438293457031,139.83909606933594,88.24311828613281,156.1934051513672,193.0773468017578,320.6994934082031,122.62899017333984,101.53919982910156,598.7803344726562,263.5840148925781,237.6234893798828,82.32472229003906,143.67726135253906,43.63440704345703,84.82793426513672,43.445072174072266,41.86184310913086,122.01679229736328,115.84221649169922,73.5808334350586,37.887908935546875,33.06501007080078,143.41502380371094,94.25112915039062
2024-07-16,86.8675537109375,84.16893005371094,46.432411193847656,98.13990783691406,61.6950569152832,124.2503433227539,142.38922119140625,89.32627868652344,155.7448272705078,197.2188720703125,327.2281188964844,123.1217041015625,103.02415466308594,599.5043334960938,267.8978576660156,244.35838317871094,83.33448028564453,144.97091674804688,44.48031234741211,85.05316162109375,43.63892364501953,42.3388786315918,125.06063079833984,115.45643615722656,74.28795623779297,38.24641418457031,33.321807861328125,145.463134765625,95.9413070678711
2024-07-17,86.98271179199219,82.86090850830078,46.79471969604492,98.7047119140625,61.8514518737793,123.25579071044922,141.8344268798828,89.91097259521484,149.8730926513672,196.32447814941406,321.4687194824219,124.07868957519531,103.75205993652344,577.9046630859375,268.3544921875,240.7311553955078,83.90483093261719,145.08505249023438,44.38848114013672,83.77027130126953,44.07388687133789,42.66013717651367,123.46067810058594,110.96559143066406,75.24356079101562,38.58605194091797,33.34082794189453,146.12318420410156,94.33982849121094
2024-07-18,86.82917785644531,81.93936157226562,46.89006423950195,97.34137725830078,60.40485382080078,122.38924407958984,139.9558868408203,89.239990234375,149.1653289794922,194.44815063476562,317.2675476074219,124.18292236328125,102.3059310913086,574.8997192382812,261.87396240234375,238.55479431152344,83.16619873046875,145.06602478027344,43.948604583740234,83.7213134765625,44.154258728027344,42.144168853759766,122.49483489990234,110.97547912597656,74.87086486816406,38.265281677246094,33.312294006347656,142.8035125732422,93.3789291381836
2024-07-19,86.8675537109375,81.424072265625,46.384742736816406,96.64024353027344,60.7469596862793,121.345458984375,138.661376953125,89.05786895751953,147.5503387451172,192.61068725585938,315.0585021972656,122.80902862548828,101.46155548095703,568.07666015625,263.205078125,237.24114990234375,83.0166015625,145.15164184570312,43.557071685791016,83.34917449951172,43.67201232910156,41.715816497802734,121.8216781616211,109.23947143554688,74.62242889404297,38.218109130859375,33.350341796875,143.531494140625,92.5461654663086
2024-07-22,87.57769775390625,82.09790802001953,46.117774963378906,97.27322387695312,61.10860824584961,122.67481231689453,138.9047088623047,89.92054748535156,150.551025390625,193.62176513671875,318.0959777832031,122.18366241455078,102.22830200195312,579.3922119140625,264.9927673339844,240.2801971435547,83.87677764892578,146.27401733398438,43.702083587646484,83.70172882080078,43.39779281616211,41.949462890625,123.06067657470703,111.82616424560547,74.67021179199219,38.595481872558594,33.630916595458984,144.35658264160156,93.56617736816406
2024-07-23,86.8675537109375,81.94925689697266,45.4026985168457,97.5945816040039,61.079288482666016,122.57634735107422,138.8949432373047,89.80552673339844,150.26190185546875,194.6814727783203,317.98748779296875,120.3738784790039,102.46122741699219,578.3212280273438,265.1482238769531,240.2605743408203,83.81133270263672,145.5225830078125,43.876094818115234,83.58419799804688,42.70751190185547,42.02734375,122.82653045654297,111.38103485107422,74.40263366699219,38.529441833496094,33.421669006347656,144.2692413330078,93.14732360839844
2024-07-24,87.73124694824219,79.59086608886719,45.440834045410156,96.52339172363281,61.61687088012695,119.73053741455078,137.24029541015625,88.37730407714844,143.82196044921875,191.7357177734375,305.3247985839844,120.16542053222656,101.00540161132812,555.6207275390625,266.9457092285156,234.5746612548828,82.57716369628906,147.11109924316406,43.31538009643555,81.40033721923828,42.71223831176758,41.45296096801758,120.18269348144531,106.77149200439453,74.33574676513672,38.001121520996094,33.79735565185547,145.4728546142578,89.3382568359375
2024-07-25,86.43571472167969,79.15486145019531,46.00336837768555,97.1563491821289,61.24544906616211,120.66600799560547,137.80482482910156,88.08016204833984,142.50607299804688,192.76625061035156,305.42340087890625,121.8993911743164,101.64596557617188,550.3944091796875,265.7797546386719,236.53530883789062,82.30602264404297,146.00767517089844,43.43622589111328,80.46021270751953,43.44980239868164,41.608726501464844,121.14852142333984,105.62899780273438,74.24974822998047,37.7935676574707,33.516780853271484,144.74484252929688,88.98838806152344
2024-07-26,87.15546417236328,79.8980484008789,46.27032470703125,98.5391616821289,61.60708999633789,122.87174224853516,139.57630920410156,89.56590270996094,144.0911407470703,196.0133514404297,310.04864501953125,122.4205322265625,103.16002655029297,556.909912109375,267.6063537597656,240.78016662597656,83.7458724975586,147.3583984375,44.14678955078125,81.96834564208984,43.586910247802734,42.26099395751953,123.2167739868164,106.96931457519531,75.0046615600586,38.4256591796875,33.84490966796875,145.56019592285156,89.98377227783203
2024-07-29,87.52012634277344,80.61151123046875,45.84128189086914,98.0133056640625,61.597320556640625,123.04899597167969,139.65415954589844,90.14102172851562,143.69236755371094,196.27584838867188,313.8356018066406,121.29297637939453,102.78150177001953,554.8570556640625,267.64520263671875,240.17236328125,84.17596435546875,147.92909240722656,44.224124908447266,82.69303894042969,43.213401794433594,42.202579498291016,123.00214385986328,106.49451446533203,75.03333282470703,38.670955657958984,33.99708557128906,145.6475372314453,91.48670959472656
2024-07-30,87.98075103759766,80.55205535888672,46.432411193847656,99.05528259277344,61.58754348754883,123.69890594482422,139.03121948242188,90.75448608398438,140.95089721679688,195.8966827392578,312.38592529296875,123.11223602294922,103.86851501464844,544.2655029296875,267.9075622558594,240.66253662109375,84.8304672241211,148.7471466064453,44.07911682128906,83.0260009765625,43.884769439697266,42.6893424987793,123.36309814453125,103.81880187988281,74.52687072753906,38.953983306884766,34.17304229736328,145.7737274169922,90.97916412353516
2024-07-31,89.07476043701172,81.3844223022461,46.72797393798828,98.63653564453125,61.4116096496582,125.2547378540039,140.53018188476562,90.51485443115234,145.8755645751953,198.1327667236328,317.7705078125,123.81339263916016,103.74236297607422,563.3065795898438,266.877685546875,243.4564666748047,84.53125762939453,150.3070831298828,44.538326263427734,84.01509857177734,44.06915283203125,42.58225631713867,124.73869323730469,108.21569061279297,74.39308166503906,38.85963439941406,34.61530685424805,145.23989868164062,92.38848114013672
2024-08-01,90.6773681640625,79.80887603759766,45.51711654663086,96.8836898803711,62.13490295410156,123.10807800292969,139.81964111328125,91.55965423583984,141.32974243164062,196.38278198242188,309.4075927734375,120.51599884033203,101.92741394042969,542.9464721679688,269.3358459472656,238.51559448242188,85.38208770751953,153.1035614013672,44.35947036743164,84.35786437988281,42.9013557434082,41.978668212890625,122.42655944824219,104.17984771728516,75.08111572265625,39.46343231201172,35.2382698059082,146.72499084472656,90.12174987792969
2024-08-02,90.85970306396484,77.41084289550781,44.26811218261719,94.10835266113281,61.91009521484375,120.39028930664062,136.7049560546875,91.64591979980469,137.75086975097656,191.7357177734375,298.1354064941406,116.93435668945312,99.33604431152344,529.6277465820312,268.0727233886719,232.65322875976562,85.33534240722656,153.21774291992188,43.52322769165039,82.98681640625,41.79501724243164,40.94672775268555,119.73392486572266,101.25189971923828,75.74047088623047,39.491729736328125,35.29534149169922,146.43377685546875,86.80545806884766
2024-08-05,88.44139862060547,75.42900085449219,43.32421112060547,91.37197875976562,60.3071174621582,117.61341857910156,133.49295043945312,89.04829406738281,132.90597534179688,186.65115356445312,289.93035888671875,114.4613037109375,96.34674072265625,511.0924987792969,261.31048583984375,227.7613067626953,82.89505004882812,149.2227325439453,42.551639556884766,80.60710144042969,40.873069763183594,39.75901794433594,117.65592193603516,97.87881469726562,74.24974822998047,38.350189208984375,34.3632698059082,142.5220489501953,84.35147094726562
2024-08-06,89.1899185180664,76.51901245117188,43.6007080078125,92.70606994628906,60.54169845581055,118.7753677368164,134.5441436767578,90.90785217285156,134.17205810546875,188.3038787841797,292.71136474609375,114.9161148071289,97.70552062988281,516.170166015625,262.4569091796875,229.74159240722656,84.53125762939453,150.25950622558594,42.769168853759766,81.5570297241211,41.123653411865234,40.401546478271484,119.0705337524414,99.2092514038086,74.7657699584961,39.199275970458984,34.65334701538086,143.18206787109375,85.28280639648438
2024-08-07,89.78489685058594,75.48844146728516,43.79138946533203,92.73529815673828,60.01388931274414,118.10578155517578,132.5001678466797,90.11227416992188,132.74647521972656,185.40675354003906,287.8494567871094,115.4561996459961,97.64728546142578,510.17022705078125,259.69757080078125,228.76124572753906,83.95158386230469,151.02047729492188,42.189109802246094,81.12612915039062,41.28913116455078,40.450225830078125,118.49493408203125,97.60184478759766,74.84221649169922,38.91624450683594,34.848323822021484,141.72610473632812,83.79464721679688
2024-08-08,89.91925048828125,77.18292236328125,44.73529052734375,94.30311584472656,61.48003005981445,120.4789047241211,134.89454650878906,91.07080078125,137.49168395996094,188.8969268798828,294.8612976074219,118.00506591796875,99.36515045166016,527.8426513671875,265.4786071777344,233.95701599121094,84.77436065673828,151.23927307128906,42.84166717529297,82.74198913574219,42.177982330322266,41.10248947143555,121.22657012939453,101.24695587158203,75.52069091796875,39.246437072753906,34.88636779785156,144.86135864257812,85.62281036376953
2024-08-09,90.06318664550781,77.50001525878906,44.821102142333984,94.80949401855469,61.86122131347656,120.58723449707031,134.87509155273438,91.48297119140625,138.44871520996094,188.68304443359375,295.85736083984375,118.11875915527344,99.73397827148438,531.2046508789062,266.6737060546875,233.77076721191406,85.16703796386719,151.67678833007812,42.80783462524414,83.44709777832031,42.27254104614258,41.27772521972656,121.24607849121094,101.70198059082031,75.63536834716797,39.44456481933594,35.00525665283203,145.57962036132812,85.90860748291016
2024-08-12,90.2071533203125,77.28202056884766,45.12620544433594,94.24468994140625,61.58754348754883,119.90777587890625,134.2229461669922,90.85993194580078,139.22630310058594,187.76918029785156,294.0920715332031,118.90521240234375,99.18075561523438,533.9615478515625,265.740966796875,232.71202087402344,84.54060363769531,151.8860321044922,42.619319915771484,82.86931610107422,42.48057174682617,41.06355285644531,120.63145446777344,102.53288269042969,75.25312042236328,39.20870590209961,35.067073822021484,145.02635192871094,85.568603515625
2024-08-13,90.68697357177734,78.71885681152344,44.687618255615234,95.08216857910156,62.34015655517578,121.345458984375,135.7024383544922,91.55965423583984,143.1341094970703,189.78158569335938,301.0052795410156,117.79659271240234,100.15131378173828,549.3927001953125,268.927734375,235.23147583007812,85.27925109863281,152.64700317382812,43.0446891784668,83.94654846191406,42.069244384765625,41.4042854309082,121.89972686767578,105.68338775634766,75.59712982177734,39.4822998046875,35.27156066894531,146.78323364257812,87.71212768554688
2024-08-14,90.74455261230469,78.59994506835938,44.96411895751953,96.44548034667969,62.59429168701172,121.89688110351562,135.47854614257812,91.92390441894531,143.632568359375,189.49969482421875,299.21038818359375,118.39353942871094,101.18009185791016,551.8125,269.5301208496094,235.8981170654297,85.5036392211914,152.57089233398438,43.0446891784668,83.46669006347656,42.315093994140625,41.910526275634766,122.39727783203125,106.2620620727539,75.94114685058594,39.623809814453125,35.24778747558594,147.30735778808594,87.24401092529297
2024-08-15,90.81171417236328,80.83943176269531,45.55524444580078,97.29269409179688,62.99502944946289,123.75798797607422,137.29869079589844,91.64591979980469,147.2512969970703,192.84402465820312,309.24981689453125,119.97590637207031,102.41268920898438,566.6586303710938,271.8328552246094,239.75079345703125,85.43818664550781,152.7801513671875,43.72624969482422,84.22077178955078,42.820980072021484,42.2999382019043,124.04601287841797,109.31861114501953,76.72473907470703,39.51060485839844,35.24302291870117,148.2295379638672,90.02812957763672
2024-08-16,91.06122589111328,81.087158203125,45.47897720336914,97.97435760498047,63.0732307434082,123.6595230102539,137.7172393798828,91.67467498779297,147.52044677734375,192.96067810058594,310.04864501953125,119.89064025878906,103.07266235351562,567.9675903320312,271.98828125,239.39788818359375,85.39144134521484,153.3699188232422,43.779422760009766,84.47537994384766,42.773704528808594,42.61146926879883,123.87040710449219,109.50160217285156,76.93496704101562,39.491729736328125,35.39996337890625,148.38479614257812,90.24002075195312
2024-08-19,91.71379852294922,81.97898864746094,45.774539947509766,98.64628601074219,63.51308059692383,124.2503433227539,138.2817840576172,92.37442016601562,149.5341796875,194.04954528808594,313.2340393066406,120.60128021240234,103.75205993652344,575.881591796875,274.135498046875,241.04486083984375,86.10202026367188,154.34014892578125,43.987274169921875,85.43510437011719,43.06210708618164,42.84510803222656,124.6216049194336,111.30685424804688,77.19298553466797,39.72759246826172,35.63297653198242,149.2875213623047,91.34874725341797
2024-08-20,91.5698471069336,81.93936157226562,44.582740783691406,98.08147430419922,63.75743103027344,124.00415802001953,137.64907836914062,92.3552474975586,149.06561279296875,193.01901245117188,312.32672119140625,117.55025482177734,103.1988525390625,573.9576416015625,274.8544616699219,239.92726135253906,85.9991683959961,153.9691619873047,43.827754974365234,85.3763427734375,41.92740249633789,42.70882034301758,124.28016662597656,110.91613006591797,77.57522583007812,39.76533126831055,35.556888580322266,149.88934326171875,91.26496887207031
2024-08-21,92.1744384765625,82.98973083496094,44.611351013183594,98.08147430419922,63.884490966796875,124.81161499023438,139.46922302246094,92.68115997314453,149.9229736328125,195.5369873046875,316.43914794921875,117.51233673095703,103.16973114013672,577.2203369140625,275.8746032714844,241.67227172851562,86.45731353759766,155.0725555419922,44.330467224121094,85.73869323730469,41.998321533203125,42.64067077636719,125.0313720703125,111.56898498535156,78.10079193115234,39.897403717041016,35.80893325805664,150.14170837402344,92.41803741455078
2024-08-22,92.11685943603516,81.97898864746094,44.72575759887695,98.60733032226562,63.89426803588867,124.6639175415039,138.59323120117188,93.03581237792969,146.9023895263672,194.9536590576172,311.4983215332031,117.74920654296875,103.58706665039062,565.1412353515625,275.5248718261719,241.28994750976562,86.70975494384766,154.84425354003906,44.23862838745117,85.09235382080078,42.10706329345703,42.88405227661133,124.8752670288086,109.00206756591797,77.98611450195312,40.14269256591797,35.76613235473633,150.23876953125,90.82147216796875
2024-08-23,92.31837463378906,83.19782257080078,45.440834045410156,99.72720336914062,64.21681213378906,125.91448974609375,140.70535278320312,95.02957916259766,148.91610717773438,197.9966278076172,318.046630859375,119.7390365600586,104.83907318115234,575.2071533203125,277.293212890625,244.58387756347656,88.61711120605469,155.33889770507812,44.823516845703125,85.68972778320312,42.73588180541992,43.25399398803711,126.12401580810547,110.76775360107422,78.20590209960938,40.91630172729492,35.86600112915039,150.8891143798828,92.57571411132812
2024-08-26,92.81739044189453,82.90055847167969,45.88895797729492,100.038818359375,64.12884521484375,126.01296997070312,141.44509887695312,94.88578033447266,147.50050354003906,198.74520874023438,316.05450439453125,120.86658477783203,105.11083984375,569.7626342773438,276.86566162109375,244.4368133544922,88.5797119140625,156.19496154785156,45.02169418334961,85.88558197021484,43.11884689331055,43.39028549194336,125.98743438720703,109.37796020507812,78.7601547241211,40.88800048828125,36.099021911621094,150.81146240234375,91.85629272460938
2024-08-27,92.16483306884766,82.81136322021484,45.46944046020508,100.27252960205078,64.26568603515625,126.02281951904297,141.7371063232422,95.09667205810547,148.11859130859375,198.47300720214844,314.693603515625,119.7105941772461,105.44082641601562,572.4204711914062,277.3903503417969,243.7407989501953,88.71060943603516,155.10107421875,45.02653121948242,85.68972778320312,42.71696472167969,43.61419677734375,126.06549072265625,110.04071807861328,78.95127868652344,40.99177932739258,35.81368637084961,151.04441833496094,91.61483001708984
2024-08-28,92.2032241821289,81.93936157226562,45.145267486572266,100.60363006591797,64.28523254394531,125.77664184570312,140.57882690429688,94.76118469238281,146.25439453125,197.27719116210938,311.3011169433594,118.88626098632812,105.72227478027344,564.87353515625,277.3028564453125,243.39767456054688,88.36467742919922,155.0535125732422,44.83318328857422,85.1217269897461,42.44274139404297,43.72128677368164,126.0069580078125,108.5223388671875,78.61681365966797,40.85026168823242,35.81368637084961,151.21913146972656,90.72785186767578
2024-08-29,92.64466094970703,81.89971160888672,45.67919158935547,101.17816925048828,64.51004028320312,127.00751495361328,141.4158935546875,94.44485473632812,145.65625,198.55079650878906,312.139404296875,120.42124938964844,106.55696105957031,563.3660278320312,278.332763671875,245.01519775390625,88.09353637695312,155.83349609375,45.079708099365234,84.94544219970703,42.995914459228516,44.1107063293457,126.89474487304688,107.54302978515625,78.22502899169922,40.68988037109375,36.008663177490234,151.53945922851562,90.83625793457031
2024-08-30,93.33560943603516,82.9500961303711,45.80314254760742,102.29804229736328,64.88146209716797,128.2679443359375,142.46710205078125,95.40341186523438,147.30111694335938,200.6409912109375,316.1038513183594,120.743408203125,107.58574676513672,569.2171630859375,279.9164733886719,247.8189697265625,88.94434356689453,157.031982421875,45.57274627685547,85.5134506225586,43.15666580200195,44.52932357788086,128.25082397460938,108.97239685058594,78.84616088867188,41.08612060546875,36.27973175048828,152.5877685546875,92.20613861083984
2024-09-03,93.09568786621094,81.66190338134766,44.611351013183594,101.19763946533203,64.64688110351562,125.6584701538086,138.40829467773438,95.40341186523438,141.1403350830078,195.47865295410156,310.61077880859375,117.44599914550781,106.51813507080078,544.1464233398438,278.79913330078125,241.40757751464844,88.8976058959961,156.70858764648438,44.538326263427734,83.94654846191406,42.08342361450195,44.19832229614258,125.4118423461914,103.96717834472656,79.40040588378906,41.18046188354492,36.2274169921875,152.29656982421875,90.93975067138672
2024-09-04,93.7962417602539,81.78079223632812,43.972537994384766,101.0807876586914,64.52959442138672,125.74708557128906,137.8145751953125,95.67179107666016,140.60198974609375,194.1759033203125,311.2715148925781,115.73098754882812,106.38226318359375,542.9763793945312,278.3522033691406,241.20172119140625,89.15005493164062,157.9451141357422,44.35464096069336,83.54503631591797,41.50188446044922,44.24700164794922,125.53866577148438,103.7000961303711,79.7730941772461,41.27480697631836,36.53652572631836,152.03451538085938,91.17626953125
2024-09-05,93.50834655761719,82.15735626220703,43.667442321777344,100.1751480102539,63.72810363769531,124.2995834350586,136.69522094726562,95.36504364013672,140.60198974609375,192.8051300048828,314.5062255859375,114.92558288574219,105.45052337646484,541.7664794921875,274.805908203125,238.6038055419922,88.86021423339844,157.51710510253906,44.0066032409668,83.78986358642578,41.180381774902344,43.76022720336914,124.07527923583984,103.54183197021484,79.46729278564453,41.16159439086914,36.446170806884766,149.94757080078125,92.2110824584961
2024-09-06,92.6158676147461,80.56198120117188,43.133522033691406,98.37361907958984,63.473976135253906,123.25579071044922,134.5441436767578,95.2787857055664,137.27239990234375,190.53016662597656,306.77447509765625,113.43797302246094,103.78118133544922,528.7550659179688,273.3970642089844,236.04515075683594,88.77604675292969,156.16639709472656,43.45072937011719,82.03689575195312,40.6650390625,43.117698669433594,122.81678009033203,100.8562240600586,79.30484008789062,41.16159439086914,36.099021911621094,149.43313598632812,89.88030242919922
2024-09-09,93.54673767089844,81.51325225830078,43.333744049072266,99.55191802978516,63.96268081665039,125.01842498779297,136.15016174316406,96.43861389160156,138.9770965576172,192.02737426757812,310.52197265625,113.99700927734375,105.14964294433594,535.8954467773438,275.29168701171875,238.839111328125,89.76713562011719,157.46954345703125,43.87126541137695,82.38944244384766,40.958168029785156,43.76022720336914,124.69966125488281,102.50814056396484,79.91641998291016,41.65217971801758,36.46519088745117,150.4814453125,91.19105529785156
2024-09-10,93.95938110351562,81.99880981445312,42.62819290161133,98.55863189697266,64.20704650878906,125.23504638671875,135.86788940429688,97.96268463134766,140.51226806640625,192.15374755859375,313.6186828613281,112.0356216430664,104.11116027832031,541.3299560546875,276.4187316894531,239.39788818359375,91.0667495727539,158.3160858154297,43.890602111816406,82.36986541748047,40.25370788574219,43.31241226196289,124.91429138183594,104.04137420654297,79.89730834960938,42.38804244995117,36.636390686035156,151.17062377929688,92.23571014404297
2024-09-11,94.1129150390625,82.75190734863281,42.37076187133789,97.9646224975586,64.07019805908203,125.58954620361328,136.78282165527344,97.61762237548828,144.45997619628906,192.76625061035156,316.77447509765625,111.2776107788086,103.74236297607422,556.9298095703125,275.7580871582031,240.2017822265625,90.88909912109375,158.68707275390625,43.99694061279297,82.7126235961914,39.88019561767578,43.107967376708984,125.13868713378906,107.5925064086914,79.15194702148438,42.27483367919922,36.750526428222656,150.72410583496094,93.15718078613281
2024-09-12,94.38162231445312,83.5545654296875,42.742610931396484,98.2762451171875,64.32432556152344,126.65302276611328,138.13577270507812,97.96268463134766,145.7061004638672,194.8564453125,320.9164733886719,112.281982421875,104.16939544677734,561.2140502929688,277.1571350097656,242.4957733154297,91.27245330810547,158.99143981933594,44.402976989746094,84.25993347167969,40.23952102661133,43.205318450927734,126.10449981689453,108.48275756835938,79.63928985595703,42.350303649902344,36.83136749267578,151.26768493652344,94.20677185058594
2024-09-13,95.60038757324219,84.42656707763672,42.971431732177734,98.72418212890625,64.48072814941406,127.68698120117188,139.85858154296875,98.86372375488281,146.4836883544922,197.25775146484375,324.04266357421875,112.97368621826172,104.81967163085938,564.5264282226562,278.0121154785156,245.36813354492188,92.22611999511719,161.3504180908203,44.80418014526367,85.07276916503906,40.466461181640625,43.33187484741211,127.38255310058594,109.02680206298828,80.2031021118164,42.652198791503906,37.34971618652344,151.57830810546875,94.84735870361328
2024-09-16,96.27214050292969,84.41665649414062,43.5053596496582,100.10698699951172,64.85214233398438,128.7406005859375,140.85137939453125,99.31423950195312,145.5864715576172,199.09519958496094,323.4608154296875,114.49919891357422,106.12020111083984,561.2140502929688,279.68328857421875,246.92689514160156,92.53467559814453,162.67257690429688,45.219886779785156,85.96393585205078,40.929805755615234,43.896522521972656,128.03619384765625,108.6113510131836,80.51846313476562,42.79371643066406,37.635047912597656,152.62661743164062,94.68475341796875
2024-09-17,95.98423767089844,84.7833023071289,44.13462829589844,100.58415222167969,64.25591278076172,129.370849609375,140.9194793701172,98.49948120117188,145.65625,199.56185913085938,325.7093200683594,116.1668472290039,106.71224212646484,560.9263916015625,277.2542724609375,248.3483428955078,91.88953399658203,162.5774383544922,45.30689239501953,85.96393585205078,41.48297119140625,44.13018035888672,128.7386016845703,108.39867401123047,79.75396728515625,42.45408630371094,37.60651779174805,151.0541229248047,95.16766357421875
2024-09-18,95.23570251464844,84.66438293457031,44.22997283935547,100.42835235595703,64.09952545166016,129.0360107421875,140.35496520996094,98.31735229492188,144.9783477783203,198.88133239746094,325.11761474609375,116.3184585571289,106.53754425048828,558.3380126953125,276.7393493652344,248.2405242919922,91.77734375,161.31234741210938,45.1135368347168,85.89537811279297,41.563350677490234,43.993873596191406,128.6312713623047,107.40950775146484,79.44817352294922,42.33143615722656,37.32118225097656,150.8017578125,94.98040771484375
2024-09-19,94.88064575195312,86.0814208984375,44.74482727050781,101.76244354248047,64.42208099365234,131.07435607910156,142.59364318847656,98.21192169189453,149.42453002929688,202.5270538330078,332.5141296386719,117.81554412841797,107.93513488769531,574.8502197265625,278.3133850097656,252.86770629882812,91.79602813720703,160.4943084716797,45.795101165771484,87.06076049804688,42.05978012084961,44.48064422607422,130.8458709716797,110.5995864868164,78.97994232177734,42.2276611328125,37.10243225097656,151.34532165527344,97.14366149902344
2024-09-20,97.11663818359375,85.91293334960938,44.64948654174805,101.52873992919922,64.14839935302734,130.22750854492188,141.60086059570312,98.02978515625,148.95596313476562,201.0104217529297,331.59686279296875,117.65446472167969,107.45956420898438,572.8369750976562,276.9725646972656,251.13253784179688,91.431396484375,164.40371704101562,45.47124099731445,87.06076049804688,41.9652214050293,44.45144271850586,129.92881774902344,110.06047821044922,79.36219024658203,42.15218734741211,38.08206558227539,150.72410583496094,96.92192077636719
2024-09-23,98.08586883544922,86.79486083984375,45.2310791015625,101.40214538574219,64.02134704589844,131.0349884033203,143.25547790527344,98.8924789428711,148.7964630126953,202.4978790283203,334.644287109375,119.05681610107422,107.61485290527344,572.6386108398438,276.0301208496094,252.59323120117188,92.33832550048828,166.02073669433594,45.868408203125,87.25623321533203,42.483402252197266,44.39768981933594,130.8009033203125,110.04017639160156,79.82234191894531,42.61865234375,38.459815979003906,150.4288787841797,98.09957885742188
2024-09-24,97.46209716796875,87.50833129882812,45.08806610107422,101.04183959960938,63.90403366088867,130.81834411621094,146.0003204345703,98.9212417602539,149.8531951904297,205.03529357910156,337.21820068359375,118.7156982421875,106.63459777832031,577.8055419921875,275.3499450683594,254.1617431640625,92.46922302246094,164.69859313964844,46.494747161865234,87.6688003540039,42.37852478027344,44.02641677856445,131.74050903320312,110.79329681396484,79.63021087646484,42.61865234375,38.186920166015625,150.1268768310547,98.9587631225586
2024-09-25,97.92269897460938,87.21160888671875,44.19192123413086,100.41151428222656,63.270355224609375,130.08995056152344,144.8588104248047,98.34500885009766,150.36892700195312,203.77145385742188,335.4430847167969,116.34689331054688,105.9163818359375,578.1922607421875,272.6198425292969,252.8089141845703,91.85211944580078,165.53562927246094,46.18400955200195,87.39376068115234,41.549068450927734,43.76260757446289,131.12387084960938,111.11041259765625,79.42845916748047,42.438148498535156,38.38800048828125,148.6654510498047,98.60324096679688
2024-09-26,97.1888427734375,87.61849975585938,43.33709716796875,100.86103820800781,63.42730712890625,131.29405212402344,148.2012481689453,97.43771362304688,151.8354034423828,207.7671356201172,336.8533020019531,113.92121887207031,106.4696044921875,585.3624267578125,273.649658203125,254.1225128173828,91.02000427246094,164.47030639648438,47.1405029296875,87.88489532470703,40.733909606933594,43.987335205078125,131.7796630859375,112.58197784423828,79.61099243164062,42.02013397216797,38.12467956542969,149.16233825683594,99.02295684814453
2024-09-27,97.9613265991211,87.47955322265625,44.230350494384766,101.11512756347656,63.378265380859375,131.5802764892578,147.76144409179688,97.6307601928711,150.6482391357422,207.31332397460938,337.4612731933594,116.36064910888672,106.90174102783203,581.0188598632812,273.4613952636719,254.378173828125,91.13597869873047,166.13037109375,47.05796432495117,88.41532135009766,41.5633659362793,44.114349365234375,131.96559143066406,111.53157043457031,79.75508880615234,42.07714080810547,38.502906799316406,149.0843963623047,99.17108917236328
2024-09-30,98.51171875,87.27115631103516,44.508888244628906,101.53536224365234,63.76081848144531,131.9257049560547,146.75482177734375,98.32569885253906,151.2567901611328,206.3958740234375,336.5913391113281,117.06800842285156,107.21390533447266,582.568359375,275.32489013671875,255.69561767578125,91.85254669189453,166.82046508789062,46.7957763671875,88.79842376708984,41.85416030883789,44.280452728271484,132.56265258789062,111.85857391357422,79.73587799072266,42.438148498535156,38.675270080566406,150.05868530273438,98.93900299072266
2024-10-01,99.21661376953125,86.79480743408203,45.42135238647461,100.76332092285156,63.3880729675293,131.91583251953125,146.51048278808594,97.73693084716797,147.78514099121094,205.56625366210938,334.7822265625,119.62023162841797,106.52129364013672,567.927734375,273.5296325683594,255.23353576660156,91.25855255126953,168.0472869873047,46.67924880981445,88.8671875,42.807552337646484,44.045955657958984,132.63113403320312,109.13346099853516,79.46688842773438,42.181636810302734,38.98646545410156,149.26951599121094,98.53904724121094
2024-10-02,99.23593139648438,86.23906707763672,45.853572845458984,100.83172607421875,63.270355224609375,131.82701110839844,146.2661590576172,97.40876007080078,148.69296264648438,204.5609893798828,331.77691650390625,120.93936157226562,106.5993423461914,571.5033569335938,273.2662353515625,255.2040252685547,90.93797302246094,167.98977661132812,46.49959945678711,88.5921401977539,43.24611282348633,44.09480667114258,132.38648986816406,109.94108581542969,78.79442596435547,42.029640197753906,39.005615234375,148.9674835205078,97.70454406738281
2024-10-03,99.27455139160156,85.53446960449219,46.6507682800293,100.3626480102539,62.632747650146484,131.23484802246094,144.42877197265625,96.44355773925781,149.3513946533203,202.4137725830078,328.3564758300781,123.12835693359375,106.19940948486328,573.748046875,270.583251953125,253.5129852294922,90.10826873779297,167.86517333984375,45.98493576049805,88.28763580322266,44.008827209472656,43.86031723022461,131.71115112304688,110.39691925048828,78.00666809082031,41.621116638183594,38.99125671386719,147.62295532226562,96.57379913330078
2024-10-04,98.98487854003906,86.62609100341797,47.102203369140625,102.30736541748047,62.74064636230469,132.11322021484375,145.3181610107422,95.90303039550781,151.29672241210938,203.37025451660156,332.7754211425781,124.31368255615234,108.02352142333984,581.0983276367188,271.0418395996094,255.4596405029297,89.67455291748047,167.61598205566406,46.208282470703125,89.2699203491211,44.41879653930664,44.602882385253906,132.63113403320312,111.62570190429688,78.26605224609375,41.34560775756836,38.929012298583984,147.73989868164062,97.85269165039062
2024-10-07,96.95709228515625,85.30621337890625,47.26548385620117,100.92945861816406,62.39732360839844,131.55062866210938,145.72860717773438,95.07295989990234,149.9998321533203,203.15553283691406,327.447021484375,124.84896850585938,106.74566650390625,576.9265747070312,269.62713623046875,255.27288818359375,88.882568359375,163.90670776367188,46.072330474853516,88.071533203125,44.576107025146484,44.055721282958984,132.30816650390625,110.85771179199219,77.48789978027344,41.04159164428711,38.03371047973633,147.0871124267578,96.33184051513672
2024-10-08,97.05364990234375,86.21920776367188,46.064876556396484,101.55488586425781,62.711219787597656,131.85662841796875,144.55581665039062,95.29495239257812,152.78314208984375,202.335693359375,329.9975280761719,121.62760162353516,107.3211898803711,587.4451904296875,271.0613098144531,255.4104766845703,89.06169891357422,163.95465087890625,45.858699798583984,88.8475341796875,43.41295623779297,44.30976104736328,132.601806640625,112.92880249023438,77.8721694946289,41.165103912353516,38.052860260009766,147.8860321044922,97.27002716064453
2024-10-09,96.47428131103516,86.90396881103516,46.31460189819336,102.56144714355469,63.31940841674805,132.9027862548828,145.6406707763672,95.36251831054688,154.1498565673828,204.03395080566406,331.6879577636719,122.12467193603516,108.27715301513672,594.0206909179688,273.3833312988281,257.4947814941406,89.1559829711914,162.62240600585938,46.150020599365234,88.87699890136719,43.67514419555664,44.720130920410156,133.7860870361328,114.1922607421875,78.34291076660156,41.18409729003906,37.727298736572266,149.3961639404297,97.96625518798828
2024-10-10,96.24252319335938,86.50700378417969,46.57393264770508,102.18031311035156,63.09378433227539,132.26126098632812,146.0022735595703,94.60000610351562,154.24961853027344,204.25840759277344,330.5708923339844,123.06146240234375,108.04304504394531,594.5570678710938,272.46624755859375,255.94140625,88.36399841308594,162.1239776611328,46.256832122802734,88.2188720703125,43.9706916809082,44.58333969116211,133.10096740722656,114.16252899169922,77.99706268310547,40.84209442138672,37.61239242553711,148.8408203125,97.48235321044922
2024-10-11,96.96675109863281,86.78487396240234,46.87168502807617,104.48661041259766,63.64311218261719,133.88973999023438,147.73214721679688,95.66172790527344,154.6287078857422,206.0542449951172,330.10626220703125,123.93130493164062,110.23784637451172,596.3945922851562,274.8956298828125,260.68035888671875,89.36341857910156,163.61920166015625,46.557861328125,88.82788848876953,44.24241638183594,45.443153381347656,135.47933959960938,114.36073303222656,78.42936706542969,41.26010513305664,37.942745208740234,149.9320068359375,97.06757354736328
2024-10-14,98.2413558959961,87.00320434570312,46.75642776489258,105.27818298339844,63.996238708496094,134.9951171875,148.08396911621094,96.28911590576172,156.63388061523438,207.20594787597656,331.0948486328125,123.54893493652344,111.08649444580078,603.7844848632812,276.3980407714844,262.1551513671875,89.90084075927734,165.65113830566406,46.82490921020508,89.24044799804688,44.223350524902344,45.72650146484375,136.29171752929688,115.85211181640625,78.74638366699219,41.54511642456055,38.42151641845703,150.7601776123047,97.49223327636719
2024-10-15,98.64691162109375,87.11236572265625,45.315696716308594,105.53226470947266,63.22129821777344,134.38320922851562,147.7125701904297,97.42806243896484,153.7907257080078,207.29379272460938,331.7670593261719,119.6775894165039,111.41815948486328,592.8982543945312,273.64678955078125,260.257568359375,90.98511505126953,166.50416564941406,46.7763557434082,89.43690490722656,42.79801559448242,45.82421112060547,135.24444580078125,113.30535888671875,79.24594116210938,42.06763458251953,38.593875885009766,148.9187774658203,97.70454406738281
2024-10-16,100.3656997680664,87.43986511230469,45.51740264892578,106.65609741210938,63.417503356933594,135.7353515625,148.84625244140625,98.43187713623047,153.81068420410156,208.99203491210938,333.6552734375,120.3945083618164,112.78382110595703,595.0933837890625,274.700439453125,262.7057189941406,91.98453521728516,169.72459411621094,47.1405029296875,89.37796020507812,43.00300216674805,46.39090347290039,136.29171752929688,113.65715026855469,79.18829345703125,42.485652923583984,39.35990905761719,149.33770751953125,98.21809387207031
2024-10-17,99.55457305908203,87.15206909179688,45.747920989990234,107.0958480834961,63.0839729309082,135.77481079101562,149.08084106445312,97.66937255859375,154.25961303710938,209.2750701904297,333.398193359375,120.96804809570312,113.18376159667969,597.4374389648438,273.0809020996094,262.1551513671875,91.25855255126953,168.171875,47.21333694458008,88.9555892944336,43.207984924316406,46.517921447753906,135.9002227783203,114.00399017333984,78.83283996582031,42.210140228271484,39.010406494140625,148.47059631347656,98.12921142578125
2024-10-18,100.04705047607422,87.88643646240234,45.555824279785156,107.23265838623047,63.46654510498047,136.06101989746094,149.77474975585938,98.39327239990234,154.82821655273438,210.046142578125,335.039306640625,120.43274688720703,113.21302795410156,599.4935302734375,274.47607421875,262.8039855957031,91.9374008178711,168.98658752441406,47.40269470214844,89.61372375488281,43.06496810913086,46.52769088745117,136.311279296875,114.4102783203125,79.00576782226562,42.50465393066406,39.23542785644531,149.1915740966797,98.51435852050781
2024-10-21,99.7090835571289,87.3009262084961,45.40214157104492,106.23587036132812,62.711219787597656,135.1925048828125,148.6703643798828,96.42424774169922,155.86575317382812,208.22097778320312,331.5396728515625,120.1268539428711,112.01319885253906,602.8406982421875,271.149169921875,261.5848693847656,90.13655853271484,168.3348388671875,47.03853988647461,89.26010131835938,42.936256408691406,46.15641403198242,135.83169555664062,114.94538879394531,78.34291076660156,41.630619049072266,39.08222579956055,147.4378662109375,97.7490005493164
2024-10-22,99.3421401977539,87.03297424316406,45.50779724121094,106.10883331298828,62.632747650146484,133.6627197265625,148.3087615966797,96.53042602539062,155.8956756591797,206.35682678222656,329.7799987792969,120.27024841308594,111.8961410522461,602.4236450195312,270.69061279296875,258.6156311035156,90.2685546875,167.80767822265625,46.60641860961914,89.3877944946289,43.0363655090332,46.06847381591797,134.18739318847656,114.82647705078125,78.78482055664062,41.69712448120117,38.94337844848633,147.22352600097656,97.35396575927734
2024-10-23,100.21119689941406,86.0505142211914,45.200443267822266,105.80587768554688,62.32865905761719,133.41598510742188,147.14573669433594,97.39910888671875,153.42160034179688,205.54673767089844,324.758056640625,119.63936614990234,111.67178344726562,593.067138671875,269.0027160644531,257.4554748535156,90.92854309082031,169.23580932617188,46.48017883300781,88.71001434326172,42.812320709228516,46.02939224243164,133.7958984375,113.1814956665039,78.631103515625,42.10563659667969,39.31682586669922,146.5317840576172,95.82324981689453
2024-10-24,99.4676742553711,87.46963500976562,45.238861083984375,106.15768432617188,61.936279296875,132.79421997070312,145.5526885986328,97.64041900634766,154.02017211914062,203.85824584960938,333.8332214355469,119.66802978515625,111.84738159179688,595.0834350585938,267.3733825683594,256.482177734375,91.12654876708984,168.12396240234375,45.912105560302734,89.0145263671875,42.807552337646484,46.06847381591797,132.87583923339844,113.51347351074219,78.52542877197266,42.20063400268555,39.06306838989258,145.5672607421875,98.8451919555664
2024-10-25,98.07720184326172,87.62841033935547,45.267677307128906,104.78955841064453,61.524288177490234,132.3797149658203,144.44833374023438,96.71380615234375,155.01776123046875,202.5894775390625,335.2864074707031,119.79229736328125,110.59876251220703,597.9044189453125,265.997802734375,255.69561767578125,90.2685546875,165.76614379882812,45.620784759521484,89.24044799804688,42.79324722290039,45.56040573120117,132.5234832763672,114.10307312011719,77.8721694946289,41.86812973022461,38.48375701904297,144.76834106445312,99.15628051757812
2024-10-28,98.73381805419922,87.92613220214844,44.989131927490234,106.12837219238281,61.63219451904297,133.0508270263672,145.7677001953125,96.96476745605469,155.27713012695312,204.65859985351562,336.7593688964844,118.93199920654297,112.07172393798828,599.1260375976562,266.7099914550781,256.87542724609375,90.55140686035156,167.01214599609375,45.9995002746582,89.8101806640625,42.52153778076172,46.127098083496094,132.9149932861328,114.06839752197266,78.01627349853516,42.001136779785156,38.78538131713867,144.98268127441406,99.38835144042969
2024-10-29,97.22746276855469,87.76734924316406,44.393638610839844,105.73748016357422,61.53409194946289,132.39942932128906,144.89788818359375,96.06712341308594,157.38209533691406,203.24339294433594,334.9700622558594,117.35477447509766,111.40840911865234,606.2080078125,266.15386962890625,256.5018310546875,89.90084075927734,163.68626403808594,45.70332336425781,90.65493774414062,41.87322235107422,45.843746185302734,132.7388153076172,115.60437774658203,77.24774169921875,41.621116638183594,37.95711135864258,144.5832061767578,98.869873046875
2024-10-30,96.7446517944336,87.60857391357422,44.47046661376953,105.94270324707031,61.49485778808594,132.63629150390625,144.3896942138672,96.53042602539062,155.50660705566406,203.84849548339844,334.52520751953125,117.60330963134766,112.06197357177734,598.261962890625,265.734375,256.3838195800781,90.29682922363281,163.31246948242188,45.95094680786133,91.20501708984375,41.968563079833984,46.04893493652344,132.5137176513672,113.76615905761719,77.12285614013672,41.77312469482422,37.86613845825195,144.31040954589844,98.73162078857422
2024-10-31,97.71026611328125,86.5665512084961,44.73940658569336,104.31070709228516,60.867061614990234,131.43222045898438,142.1907196044922,94.88956451416016,150.3290252685547,200.86192321777344,329.2857360839844,118.18639373779297,110.45245361328125,578.3768310546875,263.10986328125,253.17869567871094,88.76941680908203,164.83644104003906,45.34402847290039,90.40937042236328,42.230743408203125,45.413841247558594,130.98684692382812,110.11450958251953,76.9691390991211,41.04159164428711,38.25873565673828,143.09255981445312,97.22064971923828
2024-11-01,95.74040985107422,87.5291748046875,44.489681243896484,104.19344329833984,61.22019958496094,131.76779174804688,142.53277587890625,93.81819152832031,151.34658813476562,200.8228759765625,334.67352294921875,117.30697631835938,110.41342163085938,582.5186157226562,265.1001892089844,254.04388427734375,87.78885650634766,161.19427490234375,45.21778869628906,90.76299285888672,41.96379470825195,45.57017517089844,131.1630401611328,110.94195556640625,76.99796295166016,40.60457992553711,37.406517028808594,143.940185546875,98.80075073242188
2024-11-04,94.74584197998047,87.36046600341797,45.30609130859375,103.45072937011719,60.88668441772461,131.72830200195312,142.9334716796875,94.83165740966797,151.04733276367188,201.46705627441406,333.9518127441406,119.4386215209961,109.81839752197266,581.9525756835938,263.72454833984375,254.02420043945312,88.75055694580078,159.58407592773438,45.4168586730957,90.4584732055664,42.69791030883789,45.21842956542969,131.01620483398438,110.85771179199219,77.20931243896484,41.06059265136719,36.96125411987305,142.9951629638672,98.46003723144531
2024-11-05,96.22322845458984,88.66050720214844,45.65187072753906,104.74069213867188,61.318294525146484,133.55416870117188,142.52301025390625,96.12503051757812,153.27198791503906,202.73583984375,339.9129638671875,120.27024841308594,111.0669937133789,590.3853759765625,265.9587707519531,258.48785400390625,89.92913055419922,162.02816772460938,45.484832763671875,91.46041107177734,42.98392868041992,45.63856506347656,133.20863342285156,112.41846466064453,77.69924926757812,41.621116638183594,37.516632080078125,144.04736328125,100.20309448242188
2024-11-06,95.5955810546875,90.77430725097656,47.24627685546875,111.91363525390625,61.25944137573242,139.13043212890625,145.3865509033203,93.70236206054688,157.57164001464844,207.09857177734375,351.1234436035156,125.19308471679688,118.58786010742188,608.8799438476562,266.89532470703125,269.1848449707031,88.01514434814453,160.79173278808594,46.111175537109375,93.7098388671875,44.59993362426758,48.41342544555664,138.42538452148438,115.6192398071289,76.43115997314453,40.50957489013672,37.12883377075195,144.2324676513672,103.4077377319336
2024-11-07,95.77903747558594,91.9651870727539,47.15022659301758,109.95915222167969,61.661624908447266,138.46917724609375,146.03158569335938,94.86061096191406,160.86373901367188,207.5280303955078,355.14697265625,124.8585205078125,116.54913330078125,621.3553466796875,268.6514587402344,268.05419921875,89.0711441040039,160.72462463378906,46.29081344604492,94.93770599365234,44.39495849609375,47.63177490234375,137.59344482421875,117.63581848144531,76.70974731445312,41.013092041015625,37.195858001708984,145.27496337890625,104.73601531982422
2024-11-08,97.4592056274414,92.77894592285156,47.41916275024414,110.86799621582031,62.20113754272461,139.51535034179688,144.4874267578125,96.41459655761719,160.6143341064453,206.19091796875,359.85260009765625,125.47984313964844,117.57337951660156,620.2626342773438,270.7101135253906,270.6595764160156,90.40054321289062,163.7054443359375,45.868408203125,94.47602081298828,44.69050979614258,48.06168746948242,139.07135009765625,117.50700378417969,77.6416015625,41.71612548828125,37.90922927856445,146.31741333007812,106.2222900390625
2024-11-11,97.7874984741211,94.11866760253906,47.72651672363281,112.88111877441406,61.86761474609375,140.99578857421875,143.52963256835938,95.77755737304688,159.88609313964844,205.47842407226562,365.8434143066406,126.44530487060547,119.73892211914062,617.7297973632812,269.4320068359375,273.029052734375,89.94798278808594,164.45306396484375,45.669334411621094,95.00646209716797,44.94316482543945,48.74562454223633,140.14801025390625,116.8579330444336,77.37262725830078,41.355106353759766,38.01456069946289,145.46006774902344,108.36529541015625
2024-11-12,96.78327941894531,93.48353576660156,47.4095573425293,112.46089935302734,60.99458694458008,139.8114471435547,141.13519287109375,94.48417663574219,160.46470642089844,202.19903564453125,361.3058776855469,125.6614761352539,119.35848999023438,618.8125610351562,265.51971435546875,270.1778259277344,88.70343017578125,162.63197326660156,44.892486572265625,95.43865966796875,44.70481491088867,48.59907150268555,138.9441375732422,117.00656127929688,77.4590835571289,40.83258819580078,37.57887268066406,143.43357849121094,106.91851043701172
2024-11-13,96.7446517944336,94.20799255371094,47.707305908203125,112.44135284423828,60.80820846557617,139.9199981689453,140.8029327392578,95.13087463378906,159.68658447265625,201.95504760742188,364.2320251464844,126.31147766113281,119.08535766601562,616.3193969726562,264.6806945800781,270.6104431152344,89.1937026977539,162.2965087890625,44.99930191040039,95.47795867919922,45.05280685424805,48.628379821777344,139.23776245117188,116.60027313232422,77.68965148925781,41.15559768676758,37.511844635009766,143.05360412597656,107.83202362060547
2024-11-14,96.1363296508789,93.65225982666016,47.966636657714844,112.20681762695312,59.827274322509766,137.8769989013672,139.77670288085938,94.2911376953125,159.16781616210938,200.58865356445312,358.7948303222656,126.83721923828125,118.71466827392578,613.81640625,260.0756530761719,265.94036865234375,88.39228057861328,161.6735076904297,44.63029479980469,95.3698959350586,45.22441482543945,48.50136184692383,136.8887481689453,116.20389556884766,77.49750518798828,40.785091400146484,37.3825798034668,140.8030242919922,106.30130004882812
2024-11-15,97.35298919677734,92.75908660888672,47.79374694824219,112.69544219970703,58.62071990966797,137.0381317138672,139.40533447265625,94.3973159790039,155.14747619628906,199.2027130126953,355.1963806152344,126.2349853515625,119.26094818115234,598.8876342773438,254.4169464111328,264.0821533203125,88.43942260742188,164.00259399414062,44.31955337524414,93.46426391601562,45.157676696777344,48.7260856628418,136.15467834472656,113.32022094726562,76.8154296875,40.83258819580078,37.942745208740234,138.19192504882812,105.39273071289062
2024-11-18,98.12548065185547,93.20568084716797,48.46609115600586,113.15473937988281,58.561866760253906,137.28485107421875,140.6172332763672,95.16947174072266,155.81585693359375,200.7252655029297,358.1917419433594,128.0225067138672,119.6706314086914,600.6456909179688,254.4266815185547,264.2591247558594,89.08056640625,165.42108154296875,44.66427993774414,94.38761138916016,45.75831604003906,48.872642517089844,135.96871948242188,113.68687438964844,77.35340118408203,41.193599700927734,38.273101806640625,138.28936767578125,106.36549377441406
2024-11-19,98.63725280761719,93.54307556152344,48.20676040649414,112.39248657226562,58.355865478515625,137.13681030273438,140.5097198486328,95.67137908935547,157.76119995117188,200.4812774658203,358.9331970214844,127.42030334472656,119.11460876464844,608.0454711914062,253.90963745117188,264.5048828125,89.5142822265625,166.40830993652344,44.51861572265625,95.00646209716797,45.467529296875,48.55021286010742,135.8512725830078,114.61837768554688,77.4590835571289,41.3646125793457,38.51726531982422,137.578125,106.44448852539062
2024-11-20,98.79174041748047,93.3148422241211,48.71581268310547,112.22635650634766,59.02290344238281,137.16639709472656,141.4088592529297,95.46868896484375,157.53175354003906,201.5939178466797,357.79638671875,128.78724670410156,118.75370025634766,608.6911010742188,256.6024169921875,265.0063781738281,89.40113830566406,166.55209350585938,44.88277053833008,95.61546325683594,45.9251594543457,48.403656005859375,135.99807739257812,114.519287109375,77.06520080566406,41.2981071472168,38.53641891479492,139.2052001953125,105.97539520263672
2024-11-21,100.45259857177734,93.95989990234375,49.15764236450195,113.75086212158203,59.49375915527344,138.96266174316406,142.72824096679688,96.15398406982422,158.5891876220703,204.35601806640625,358.53778076171875,130.0968017578125,120.22665405273438,615.1076049804688,258.9048767089844,268.7227478027344,90.06111907958984,169.3891143798828,45.43142318725586,95.3698959350586,46.2969856262207,49.01919937133789,137.7011260986328,115.68364715576172,77.90099334716797,41.573612213134766,39.20669937133789,140.3256072998047,106.16303253173828
2024-11-22,100.07601165771484,95.25992584228516,49.349735260009766,115.05059051513672,59.58203887939453,140.5319061279297,143.49053955078125,96.86824035644531,158.6690216064453,205.64434814453125,364.2913513183594,130.74681091308594,121.72887420654297,617.3921508789062,259.3536682128906,272.085205078125,90.73997497558594,168.73739624023438,45.683902740478516,95.16361999511719,46.368492126464844,49.56635665893555,139.6194610595703,115.74310302734375,78.62149047851562,41.88713455200195,38.99604415893555,140.45228576660156,107.69376373291016
2024-11-25,100.43328857421875,96.15309143066406,48.379642486572266,115.91056060791016,60.13135528564453,141.72613525390625,144.42877197265625,98.21952819824219,158.68896484375,207.90867614746094,369.5603942871094,128.0894317626953,122.6946029663086,617.10400390625,261.9195556640625,274.50384521484375,92.00341033935547,169.19744873046875,46.15487289428711,95.65475463867188,45.45322799682617,49.88878631591797,140.4905548095703,115.73814392089844,79.05379486083984,42.447654724121094,39.06785202026367,141.650634765625,108.79489135742188
2024-11-26,101.86238861083984,96.42103576660156,48.29320526123047,116.07669067382812,60.504112243652344,141.64715576171875,143.52963256835938,98.52839660644531,159.4571075439453,206.49346923828125,370.07452392578125,127.76443481445312,122.6946029663086,618.9713745117188,263.3440856933594,274.4350280761719,92.37110137939453,171.4881591796875,45.81014633178711,96.00837707519531,45.39126205444336,49.98649597167969,140.65696716308594,116.3178482055664,79.38043212890625,42.65666198730469,39.69026184082031,142.41058349609375,109.1899185180664
2024-11-27,101.89136505126953,96.22254943847656,48.283599853515625,116.26237487792969,60.76897048950195,141.34121704101562,143.57850646972656,99.29090881347656,157.56166076660156,206.2201690673828,368.25555419921875,127.77398681640625,123.00674438476562,612.6046142578125,264.7684631347656,273.38299560546875,92.9651107788086,171.54566955566406,45.78587341308594,96.13607025146484,45.34358596801758,50.08420181274414,140.13819885253906,114.74223327636719,79.54373931884766,42.951168060302734,39.69026184082031,143.1704864501953,108.65168762207031
2024-11-29,101.93963623046875,96.94700622558594,48.46609115600586,116.3405532836914,60.93572998046875,142.0518035888672,144.44833374023438,98.7503890991211,158.94833374023438,207.3523406982422,371.87371826171875,128.26148986816406,123.10429382324219,618.0575561523438,265.60748291015625,274.9954833984375,92.55026245117188,171.67027282714844,46.0189208984375,96.65668487548828,45.539031982421875,50.1623649597168,140.93101501464844,115.80750274658203,79.94722747802734,42.75166320800781,39.70462417602539,143.6186981201172,109.76764678955078
2024-12-02,99.85392761230469,97.59204864501953,48.06268310546875,114.98219299316406,60.8376350402832,141.2030487060547,144.27239990234375,97.42806243896484,160.63430786132812,207.08883666992188,375.3238830566406,127.03793334960938,121.99225616455078,624.1363525390625,265.0318603515625,272.8127746582031,91.20198059082031,168.23898315429688,45.98979187011719,97.45234680175781,45.05756759643555,49.66407012939453,139.89352416992188,116.90746307373047,79.8511734008789,42.10563659667969,38.852413177490234,143.36534118652344,110.7255859375
2024-12-03,99.09107971191406,97.64167785644531,48.02426528930664,114.278564453125,60.68068313598633,140.41346740722656,143.87171936035156,96.86824035644531,161.72166442871094,206.3958740234375,374.5231018066406,127.10486602783203,121.22164154052734,627.3744506835938,264.0562744140625,271.17083740234375,90.73997497558594,166.9259033203125,45.84413528442383,98.23817443847656,45.05280685424805,49.29278564453125,139.01263427734375,117.32862091064453,79.43807983398438,41.8586311340332,38.51726531982422,143.04385375976562,110.64163208007812
2024-12-04,99.04280090332031,98.4951400756836,46.94852828979492,114.04402923583984,60.7885856628418,140.65032958984375,142.58164978027344,96.54972076416016,165.13348388671875,204.85379028320312,378.24017333984375,124.17027282714844,120.91924285888672,640.0881958007812,264.3782043457031,272.4687194824219,90.49483489990234,166.58084106445312,45.397438049316406,98.46409606933594,43.96592712402344,49.10713577270508,139.6194610595703,119.47402954101562,79.21710968017578,41.74462127685547,38.512481689453125,142.9658966064453,111.66869354248047
2024-12-05,99.2552490234375,98.75315856933594,47.0829963684082,114.4251480102539,60.06269836425781,139.4659881591797,140.42173767089844,96.25050354003906,164.17579650878906,202.25758361816406,380.2074279785156,124.5717544555664,120.9875259399414,636.889892578125,261.334228515625,269.3421325683594,90.27799224853516,167.00257873535156,44.80023193359375,98.23817443847656,44.13753890991211,49.25369644165039,137.92623901367188,118.86956787109375,79.53414154052734,41.64012145996094,38.63217544555664,141.36810302734375,112.58219909667969
2024-12-06,98.05787658691406,100.23181915283203,46.266578674316406,114.28833770751953,59.846885681152344,139.5351104736328,139.8451385498047,96.22154235839844,165.03370666503906,201.51585388183594,387.3350524902344,122.33497619628906,121.22164154052734,640.1973876953125,260.4464111328125,268.50640869140625,90.14598083496094,165.09523010253906,44.62544250488281,99.14186096191406,43.389122009277344,49.24393081665039,137.57386779785156,119.33033752441406,79.1402587890625,41.5831184387207,38.153404235839844,140.56918334960938,114.95235443115234
2024-12-09,96.77362060546875,99.44783020019531,46.24736785888672,112.42181396484375,60.0430793762207,138.2421875,140.3826446533203,96.49180603027344,163.75677490234375,201.18399047851562,385.8620910644531,122.03862762451172,119.46578979492188,635.419921875,260.9146423339844,266.2058410644531,90.40054321289062,163.11119079589844,44.615726470947266,97.02996063232422,43.317623138427734,48.56975173950195,136.37979125976562,118.55245208740234,79.01537322998047,41.66862106323242,37.67463684082031,140.97837829589844,114.58695220947266
2024-12-10,96.165283203125,99.42798614501953,45.920806884765625,112.07978820800781,59.80765151977539,137.8572540283203,138.78961181640625,94.96678924560547,161.9611053466797,199.31983947753906,386.3464660644531,121.398193359375,119.20240783691406,626.3016357421875,259.8707580566406,265.1341247558594,89.08998107910156,162.0089874267578,44.15932846069336,98.55249786376953,43.02206802368164,48.55998229980469,136.0469970703125,116.90746307373047,79.39002990722656,40.99409866333008,37.40172576904297,140.39381408691406,114.77458953857422
2024-12-11,95.66316986083984,100.50969696044922,46.04566955566406,112.3045425415039,59.042518615722656,138.2718048095703,138.076171875,94.79304504394531,164.81427001953125,198.4609375,392.75250244140625,121.89525604248047,119.73892211914062,635.88671875,256.88531494140625,265.1734619140625,88.882568359375,161.08885192871094,44.00395202636719,100.16344451904297,43.09357452392578,48.65768814086914,135.73382568359375,118.60198974609375,78.78482055664062,40.88959503173828,37.16712951660156,138.48422241210938,116.78922271728516
2024-12-12,95.47969818115234,99.9539566040039,45.747920989990234,111.81591796875,58.57167434692383,137.48223876953125,136.9913330078125,94.60965728759766,163.9064178466797,196.99693298339844,389.2528991699219,121.01583099365234,119.21217346191406,633.1254272460938,254.3584442138672,263.1087646484375,88.74114227294922,160.73422241210938,43.69807052612305,100.35008239746094,42.74557876586914,48.4427375793457,134.8627166748047,117.93806457519531,79.01537322998047,40.861087799072266,37.147979736328125,137.38327026367188,115.82140350341797
2024-12-13,95.5279769897461,99.83485412597656,45.450164794921875,111.48365783691406,58.552059173583984,137.1565399169922,135.50582885742188,94.21392059326172,163.89646911621094,195.17181396484375,390.458984375,120.14598083496094,118.80247497558594,636.1150512695312,254.085205078125,262.22393798828125,88.48656463623047,160.79173278808594,43.32421112060547,99.15169525146484,42.53106689453125,48.403656005859375,134.51036071777344,118.44344329833984,78.81363677978516,40.690086364746094,37.17191696166992,137.3638153076172,116.28063201904297
2024-12-16,94.8327407836914,100.47992706298828,44.499290466308594,111.6204833984375,57.97330093383789,137.26510620117188,133.62936401367188,93.94365692138672,165.83181762695312,193.61996459960938,396.3904724121094,117.67021179199219,118.99755859375,643.6043701171875,251.89979553222656,262.2927551269531,88.17542266845703,159.679931640625,42.94063949584961,99.53478240966797,41.596736907958984,48.31571960449219,134.6278076171875,119.62763977050781,78.40054321289062,40.481075286865234,36.87507629394531,135.7270050048828,117.85577392578125
2024-12-17,94.22796630859375,100.49482727050781,44.1212158203125,110.3714370727539,58.002830505371094,136.2151641845703,132.86778259277344,93.48431396484375,164.8397979736328,192.06809997558594,396.785888671875,116.71432495117188,117.87576293945312,639.6411743164062,251.6363983154297,259.3628845214844,87.75113677978516,158.98023986816406,42.70272445678711,98.78824615478516,41.28688430786133,47.97374725341797,133.3945770263672,118.90423583984375,78.26605224609375,40.300559997558594,36.72187042236328,135.62957763671875,118.22611999511719
2024-12-18,92.0304946899414,96.81951141357422,42.883541107177734,106.56451416015625,56.98904037475586,131.8708953857422,128.79476928710938,89.67916107177734,159.2709503173828,185.94825744628906,377.64520263671875,113.44416046142578,113.89077758789062,617.8197021484375,247.2880859375,251.64315795898438,84.1305923461914,155.0442352294922,41.488887786865234,95.96907806396484,40.066532135009766,46.53746795654297,129.62637329101562,115.06925201416016,77.07482147216797,38.723506927490234,35.85529327392578,133.78819274902344,112.89820861816406
2024-12-19,92.5361099243164,96.73011016845703,42.47742462158203,106.75094604492188,56.6445426940918,132.27664184570312,127.43055725097656,88.30696105957031,159.22103881835938,184.0269012451172,376.9619445800781,112.41320037841797,114.24386596679688,618.3468017578125,245.57461547851562,251.14976501464844,82.8294677734375,155.8362579345703,41.042198181152344,95.7038803100586,39.71854019165039,46.70356750488281,129.45999145507812,115.19313049316406,76.52722930908203,38.05847930908203,36.0180778503418,132.77493286132812,112.74514770507812
2024-12-20,93.75152587890625,97.28638458251953,42.941551208496094,108.36985778808594,57.382747650146484,133.66204833984375,128.7456817626953,89.9127197265625,161.6960906982422,186.0854949951172,379.5266418457031,113.44416046142578,115.832763671875,628.1123657226562,248.59030151367188,253.62661743164062,84.22488403320312,158.00950622558594,41.55200958251953,96.22449493408203,40.109432220458984,47.397274017333984,130.97706604003906,116.91242980957031,76.79622650146484,38.75200653076172,36.59260177612305,134.45069885253906,113.03153991699219
2024-12-23,94.00432586669922,97.20692443847656,43.22196578979492,108.71327209472656,57.88471984863281,133.5334014892578,128.80459594726562,90.302001953125,163.38270568847656,185.87962341308594,379.9425048828125,114.13788604736328,116.08777618408203,633.9201049804688,250.8423309326172,253.50820922851562,84.55426788330078,158.61801147460938,41.51979446411133,96.7503890991211,40.34497833251953,47.5110969543457,130.9475555419922,118.15115356445312,76.3916015625,38.92869567871094,36.71714401245117,135.79347229003906,113.37437438964844
2024-12-24,94.52938079833984,98.96510314941406,43.570064544677734,109.9593505859375,58.120941162109375,134.5724639892578,129.51124572753906,90.9053726196289,165.02940368652344,187.036376953125,388.4780578613281,115.01469421386719,117.5589828491211,640.88134765625,251.66477966308594,255.51138305664062,85.11592864990234,159.400390625,41.74430465698242,97.6662826538086,40.686275482177734,48.07040023803711,131.9705810546875,119.37203216552734,76.89495849609375,39.18796157836914,36.919898986816406,136.351318359375,115.99636840820312
2024-12-26,94.32518768310547,98.77637481689453,43.45402526855469,110.27333068847656,58.21936798095703,134.85943603515625,129.3051300048828,91.09027862548828,165.08929443359375,187.01675415039062,387.8542175292969,114.89906311035156,117.8041763305664,641.9950561523438,252.48724365234375,255.8765106201172,85.34439849853516,159.05267333984375,41.68085861206055,97.53826141357422,40.65262222290039,48.188148498535156,132.06895446777344,119.45143127441406,77.1369400024414,39.245574951171875,36.833011627197266,136.6253662109375,115.56597137451172
2024-12-27,94.06266021728516,97.3658447265625,43.46369552612305,109.44914245605469,57.953617095947266,133.6719512939453,128.34332275390625,90.1852035522461,162.63421630859375,185.60516357421875,380.6455383300781,114.9183349609375,116.98030090332031,631.9808349609375,251.02835083007812,253.93252563476562,84.48762512207031,158.627685546875,41.45634460449219,96.67160034179688,40.64781188964844,47.83490753173828,131.08526611328125,117.86331176757812,76.75944519042969,38.92869567871094,36.726806640625,135.9892120361328,113.65636444091797
2024-12-30,93.63484191894531,96.13412475585938,43.492706298828125,108.48760986328125,57.25478744506836,132.20738220214844,126.75336456298828,89.80567169189453,160.67813110351562,183.2230987548828,375.3280944824219,115.28447723388672,115.78373718261719,624.0947875976562,247.8951416015625,251.4655303955078,84.06875610351562,158.00950622558594,40.89995574951172,95.65721893310547,40.64301300048828,47.37372589111328,129.7671356201172,116.36453247070312,75.8592300415039,38.746238708496094,36.572330474853516,134.31565856933594,111.83085632324219
2024-12-31,93.54731750488281,95.49839782714844,44.063194274902344,108.49742126464844,57.35321807861328,132.1282196044922,127.51889038085938,90.56475830078125,159.2010955810547,184.13473510742188,371.7039489746094,116.88390350341797,115.80333709716797,618.3567504882812,248.39451599121094,251.03135681152344,84.80177307128906,157.84532165527344,41.065895080566406,95.3420639038086,41.17658996582031,47.422794342041016,129.60975646972656,115.39675903320312,76.09153747558594,39.05352020263672,36.538536071777344,134.6386260986328,110.98983764648438
2025-01-02,94.00432586669922,94.85273742675781,44.595008850097656,108.37967681884766,57.422119140625,131.43551635742188,126.1448745727539,89.8154067993164,159.23104858398438,182.27224731445312,367.99066162109375,118.3002700805664,115.56795501708984,617.8992919921875,248.75677490234375,250.47872924804688,84.04971313476562,158.90780639648438,40.61199188232422,95.80493927001953,41.65728759765625,47.30503845214844,129.15725708007812,115.1238021850586,75.8592300415039,38.688629150390625,36.818519592285156,134.67774963378906,109.5304183959961
2025-01-03,94.95720672607422,96.18379211425781,45.01078796386719,109.4589614868164,57.96346664428711,132.87037658691406,126.17431640625,90.92483520507812,162.04537963867188,182.29183959960938,376.0608825683594,119.31196594238281,116.6174087524414,629.3952026367188,251.22415161132812,253.50820922851562,85.15399932861328,160.62705993652344,40.602230072021484,96.3958511352539,42.046653747558594,47.67790985107422,130.55409240722656,116.99977111816406,75.82051849365234,39.216773986816406,37.20954513549805,135.99900817871094,111.74674224853516
2025-01-06,94.13072204589844,96.77979278564453,44.85608673095703,109.3117904663086,57.953617095947266,132.40528869628906,127.34223175048828,89.79593658447266,164.54039001464844,183.45835876464844,377.77392578125,118.89765167236328,116.30355834960938,638.0272216796875,251.33187866210938,253.6956787109375,84.05924224853516,158.9174346923828,40.87554931640625,97.43978118896484,41.8543701171875,47.530723571777344,130.268798828125,118.48863220214844,75.02679443359375,38.67902755737305,36.79439163208008,136.05772399902344,112.18705749511719
2025-01-07,94.00432586669922,95.48844909667969,45.320213317871094,108.88988494873047,58.268585205078125,131.99957275390625,127.87223052978516,89.0271224975586,160.77792358398438,183.12506103515625,370.16912841796875,120.00569152832031,115.99949645996094,623.995361328125,252.7516326904297,252.66940307617188,83.25957489013672,158.4538116455078,40.851139068603516,96.35645294189453,42.2725830078125,47.422794342041016,130.14093017578125,116.11141967773438,74.76544189453125,38.39094924926758,36.702667236328125,136.73301696777344,110.01524353027344
2025-01-08,94.13072204589844,95.53812408447266,45.320213317871094,109.1842269897461,58.573707580566406,132.4646759033203,128.088134765625,89.26068878173828,160.71804809570312,183.90928649902344,370.6939392089844,120.00569152832031,116.18585205078125,623.3290405273438,253.9559326171875,253.52793884277344,83.47853088378906,158.56973266601562,41.07565689086914,95.7852554321289,42.31583786010742,47.57978820800781,130.6524658203125,116.07171630859375,74.90093994140625,38.55419158935547,36.693016052246094,137.43765258789062,110.32691192626953
2025-01-10,93.58621978759766,94.82293701171875,45.45558166503906,106.44677734375,58.21936798095703,130.10946655273438,127.26371765136719,87.0904769897461,157.53443908691406,182.04676818847656,367.3173522949219,120.45854949951172,113.25325775146484,610.0430297851562,252.10540771484375,250.64649963378906,81.4413070678711,157.41065979003906,40.65591812133789,94.35723114013672,42.488887786865234,46.4317512512207,129.186767578125,113.54064178466797,73.89427185058594,37.62274932861328,36.48543930053711,136.6645050048828,109.24348449707031
2025-01-13,92.69168853759766,94.9123306274414,46.432193756103516,107.26114654541016,58.95757293701172,131.48495483398438,130.3061981201172,88.18045043945312,156.24700927734375,185.7816162109375,368.6145324707031,123.0311279296875,113.95943450927734,605.0508422851562,255.20921325683594,253.34046936035156,82.44088745117188,155.7396697998047,41.563720703125,94.39663696289062,43.38299560546875,46.76536560058594,130.7016143798828,112.73666381835938,74.02009582519531,38.102874755859375,36.06062698364258,138.4457244873047,109.86187744140625
2025-01-14,93.68346405029297,94.77326965332031,46.944664001464844,108.84082794189453,58.33748245239258,133.2860107421875,131.75872802734375,89.00765991210938,156.2869415283203,188.09507751464844,368.4362487792969,124.4474868774414,115.6856460571289,606.4927978515625,252.46766662597656,256.60675048828125,83.19293975830078,157.8839569091797,42.08107376098633,94.08148956298828,43.84926223754883,47.34428787231445,132.2460174560547,113.03443145751953,74.03945922851562,38.42936325073242,36.53370666503906,137.01683044433594,109.64915466308594
2025-01-15,95.0252685546875,96.43212890625,47.59251022338867,111.69601440429688,58.554019927978516,134.86932373046875,132.9168243408203,89.37747192382812,159.83982849121094,190.08502197265625,378.38787841796875,126.2107162475586,118.7359390258789,619.93798828125,253.67198181152344,258.7382507324219,83.66893005371094,160.30833435058594,42.481285095214844,95.62767028808594,44.49821090698242,48.55120086669922,133.08213806152344,115.2826156616211,73.78779602050781,38.59260177612305,37.069549560546875,137.57469177246094,112.4393539428711
2025-01-16,97.25188446044922,96.21359252929688,47.950279235839844,112.65756225585938,58.79024887084961,135.99745178222656,133.84921264648438,91.44062042236328,158.41265869140625,191.61424255371094,376.0608825683594,127.03936004638672,119.334228515625,614.7368774414062,254.7392578125,261.5703430175781,85.40151977539062,164.09461975097656,42.83269119262695,95.08602142333984,44.820274353027344,48.87500762939453,134.69537353515625,114.39425659179688,74.33952331542969,39.45682907104492,38.006065368652344,138.1227569580078,111.83085632324219
2025-01-17,97.36856842041016,97.30624389648438,48.29837417602539,113.61911010742188,58.37685775756836,136.85838317871094,134.9189910888672,91.34329986572266,160.96755981445312,192.88861083984375,381.2396545410156,127.9161376953125,120.44253540039062,623.995361328125,253.13345336914062,262.9715881347656,85.34439849853516,164.36505126953125,43.11089324951172,95.91327667236328,45.1663818359375,49.28712463378906,135.50198364257812,116.18585968017578,74.76544189453125,39.447235107421875,38.05915832519531,137.1929931640625,113.39910888671875
2025-01-21,98.8270492553711,98.35916900634766,47.988956451416016,114.68858337402344,59.361122131347656,139.29275512695312,135.92005920410156,93.08531951904297,162.04537963867188,195.44711303710938,385.2598876953125,127.11641693115234,121.59989166259766,629.0969848632812,257.71575927734375,268.8529052734375,86.9437255859375,166.70249938964844,43.66240692138672,96.7799301147461,44.935646057128906,49.69923782348633,138.28579711914062,117.15361785888672,75.11389923095703,40.16742706298828,38.643280029296875,139.46356201171875,114.230224609375
2025-01-22,96.85323333740234,98.3989028930664,47.041358947753906,114.05081939697266,59.27253723144531,139.30264282226562,134.86990356445312,91.47954559326172,165.52841186523438,194.10414123535156,383.62603759765625,124.83289337158203,121.1192855834961,641.6968383789062,257.3045654296875,268.19171142578125,85.43008422851562,163.27359008789062,43.310997009277344,97.74507904052734,44.11845779418945,49.4637451171875,137.96121215820312,119.798828125,74.7460708618164,39.466434478759766,37.80813980102539,139.150390625,113.79981994628906
2025-01-23,97.13520812988281,98.9849624633789,47.24441146850586,114.56102752685547,59.991050720214844,140.51980590820312,135.15452575683594,92.14131164550781,165.8876953125,194.82955932617188,385.61639404296875,125.29537963867188,121.7372055053711,642.7608642578125,260.437744140625,270.37255859375,86.0583724975586,163.82415771484375,43.55015182495117,98.00113677978516,44.320350646972656,49.7483024597168,139.35801696777344,120.01223754882812,75.01710510253906,39.78331756591797,37.986759185791016,141.00990295410156,114.48747253417969
2025-01-24,98.05891418457031,98.7267074584961,46.80929183959961,114.88480377197266,60.07963943481445,140.16357421875,134.83065795898438,92.39435577392578,164.36073303222656,194.5942840576172,383.61614990234375,124.15843963623047,122.04125213623047,636.585205078125,260.8783264160156,268.75421142578125,86.35350036621094,165.42752075195312,43.437896728515625,98.88749694824219,43.89253234863281,49.89548873901367,138.767822265625,118.76158905029297,75.40428924560547,39.8985481262207,38.37294006347656,141.2349853515625,113.78993225097656
2025-01-27,96.3087387084961,99.57102966308594,46.258140563964844,115.75804901123047,61.35918045043945,138.94638061523438,134.52638244628906,93.46485137939453,156.8158721923828,194.09432983398438,384.71527099609375,122.48192596435547,123.0906982421875,603.4199829101562,266.1264343261719,264.1755065917969,87.50537109375,161.93101501464844,43.46229934692383,99.39959716796875,43.43587112426758,50.44497299194336,136.9086456298828,112.94013977050781,77.44668579101562,40.29225158691406,37.48470687866211,144.40594482421875,114.43801879882812
2025-01-28,95.1127700805664,99.6306381225586,45.813350677490234,115.7384262084961,60.93594741821289,138.4812774658203,134.1436309814453,92.48193359375,161.5364227294922,193.6826171875,386.2896728515625,121.43169403076172,123.00242614746094,622.2451782226562,264.78509521484375,262.4486083984375,86.44869232177734,159.71913146972656,43.320762634277344,99.8821792602539,43.02246856689453,50.356666564941406,136.00367736816406,115.9526138305664,76.23674011230469,39.802528381347656,36.96817398071289,143.39791870117188,114.57653045654297
2025-01-29,95.01554107666016,99.600830078125,45.90037536621094,115.60106658935547,60.58161163330078,138.07554626464844,134.20254516601562,91.26544952392578,160.14918518066406,193.31993103027344,384.665771484375,121.67256927490234,123.04166412353516,616.4075927734375,263.3359680175781,261.8663635253906,85.30632019042969,160.03787231445312,43.24266815185547,100.32536315917969,43.11860275268555,50.317413330078125,135.5413360595703,115.0096664428711,76.42064666748047,39.34160232543945,37.04541015625,142.55624389648438,114.2500228881836
2025-01-30,97.3782958984375,100.41535949707031,46.19045639038086,116.45468139648438,61.31980895996094,140.04481506347656,135.7826385498047,92.48193359375,160.07931518554688,194.95697021484375,387.9136657714844,122.20250701904297,124.25785064697266,616.46728515625,266.1069030761719,265.0635681152344,86.39157104492188,163.29293823242188,43.652645111083984,100.42383575439453,43.33972930908203,50.7982177734375,137.0561981201172,115.22306060791016,77.1756591796875,39.860137939453125,37.81779479980469,144.20040893554688,115.36808013916016
2025-01-31,96.70738220214844,99.8988265991211,44.923770904541016,115.8855972290039,61.07374572753906,139.0651397705078,135.1741485595703,92.2775650024414,159.35079956054688,193.43756103515625,386.66595458984375,119.11925506591797,123.4634017944336,613.1954956054688,265.117919921875,262.9420166015625,86.20117950439453,162.32704162597656,43.33540725708008,100.8276138305664,42.12836837768555,50.50385284423828,136.09222412109375,114.54811096191406,76.44969177246094,39.77371597290039,37.595733642578125,143.7404327392578,114.8585205078125
2025-02-03,97.35884094238281,99.21343231201172,45.21384811401367,114.91423797607422,61.33949661254883,137.87765502929688,135.5373077392578,91.97588348388672,157.2449951171875,192.839599609375,380.48712158203125,119.56246948242188,122.72779846191406,604.4839477539062,265.7152404785156,260.56378173828125,86.02030181884766,163.3025665283203,43.379329681396484,101.04428100585938,42.39275360107422,50.297794342041016,134.7445526123047,113.0046615600586,76.749755859375,39.70649719238281,37.79848861694336,144.2982940673828,113.33973693847656
2025-02-04,96.5420913696289,100.46501922607422,46.09375762939453,114.9240493774414,61.11311340332031,137.56100463867188,135.9495086669922,92.1023941040039,159.55039978027344,193.81005859375,386.37884521484375,122.12541961669922,122.61011505126953,612.5888061523438,265.1962890625,260.435546875,86.0869369506836,161.89236450195312,43.506221771240234,101.95033264160156,43.28204345703125,50.1800422668457,134.78390502929688,114.63247680664062,76.10122680664062,39.70649719238281,37.465396881103516,143.9068145751953,114.67547607421875
2025-02-05,97.50468444824219,99.96836853027344,46.22913360595703,115.82672882080078,61.7725715637207,138.70889282226562,135.62562561035156,93.49405670166016,160.89768981933594,194.17276000976562,381.6456298828125,122.30850219726562,123.855712890625,621.2307739257812,268.11407470703125,261.2150573730469,87.29593658447266,163.52471923828125,43.47206497192383,100.96549987792969,43.37337875366211,50.709903717041016,134.8822784423828,116.2255630493164,76.57552337646484,40.33066177368164,37.8419303894043,145.28675842285156,113.37437438964844
2025-02-06,97.3782958984375,100.52462005615234,45.387901306152344,116.955078125,61.22138214111328,138.67921447753906,136.1065216064453,93.71788787841797,161.6162567138672,195.1824493408203,383.071533203125,119.99606323242188,124.7874984741211,623.5578002929688,265.6858825683594,262.2709655761719,87.51490783691406,163.49575805664062,43.62336349487305,101.39881896972656,42.57542037963867,51.131832122802734,135.49215698242188,116.54318237304688,76.92398834228516,40.445892333984375,37.79848861694336,143.98512268066406,113.8245620727539
2025-02-07,97.16437530517578,99.2233657836914,45.387901306152344,116.43505859375,60.84735870361328,137.84796142578125,134.41845703125,93.36754608154297,160.07931518554688,192.6925506591797,374.5953674316406,119.9189682006836,124.22843933105469,617.6109008789062,263.7863464355469,261.43218994140625,87.22930908203125,162.9162139892578,43.09136962890625,101.1821517944336,42.57061004638672,50.8472785949707,135.0888671875,115.545654296875,76.80783081054688,40.30186080932617,37.721248626708984,143.309814453125,111.59834289550781
2025-02-10,98.21448516845703,99.92862701416016,46.374168395996094,115.30670928955078,60.7587776184082,138.49118041992188,135.9691162109375,93.49405670166016,162.33480834960938,193.7022247314453,375.7242126464844,122.65535736083984,123.19859313964844,625.377685546875,263.3457336425781,263.7511901855469,87.19123077392578,164.6644744873047,43.310997009277344,101.63517761230469,43.507972717285156,50.44497299194336,136.29876708984375,117.23302459716797,77.2821273803711,40.35947036743164,38.13157653808594,143.18258666992188,111.9792709350586
2025-02-11,98.6131362915039,99.0743637084961,46.68358612060547,115.66974639892578,60.542240142822266,138.46148681640625,136.4893035888672,93.88331604003906,162.30487060546875,194.58447265625,371.4861145019531,123.4743423461914,123.512451171875,624.5621337890625,262.5624694824219,263.3367004394531,87.57200622558594,165.50482177734375,43.564796447753906,101.8026123046875,43.85888671875,50.57253646850586,136.3479766845703,117.28761291503906,78.02747344970703,40.580326080322266,38.324668884277344,142.9183349609375,110.70784759521484
2025-02-12,98.47700500488281,99.27303314208984,45.503929138183594,115.10065460205078,60.41428756713867,137.33338928222656,135.7826385498047,92.91014862060547,162.11526489257812,193.31993103027344,371.2682189941406,120.42001342773438,122.87493133544922,623.7467041015625,262.3470764160156,261.0177307128906,86.76283264160156,165.33094787597656,43.252437591552734,101.91093444824219,42.80134963989258,50.39591598510742,135.50198364257812,117.03450775146484,77.96939849853516,40.23463821411133,38.2570915222168,142.71282958984375,110.68805694580078
2025-02-13,98.71036529541016,100.27629089355469,45.87136459350586,116.17993927001953,60.63082504272461,137.93701171875,137.67684936523438,93.7568130493164,164.67015075683594,196.41758728027344,377.6352844238281,121.20045471191406,123.92438507080078,633.4228515625,263.62969970703125,260.8697204589844,87.62913513183594,165.63037109375,44.00405502319336,103.08289337158203,43.123409271240234,50.729530334472656,135.63970947265625,118.6921157836914,78.81151580810547,40.55152130126953,38.3439826965332,143.2706756591797,112.35031127929688
2025-02-14,98.46727752685547,100.30609893798828,46.05508041381836,116.26825714111328,59.97136306762695,137.70941162109375,137.42166137695312,93.35780334472656,165.5384063720703,195.83921813964844,377.9224548339844,121.70147705078125,124.05189514160156,636.3267211914062,261.12310791015625,260.62298583984375,87.22930908203125,164.86732482910156,43.85274887084961,103.71318817138672,43.29646682739258,50.82765579223633,135.3052520751953,119.09410095214844,78.02747344970703,40.38827896118164,38.18467712402344,141.7145538330078,112.30083465576172
2025-02-18,99.32293701171875,100.00809478759766,46.69325637817383,117.12187194824219,59.83356857299805,138.93649291992188,139.39434814453125,93.74708557128906,166.45655822753906,198.46636962890625,377.38775634765625,123.23346710205078,124.89537048339844,640.533203125,260.8783264160156,262.4683532714844,87.61962127685547,166.74114990234375,44.409149169921875,103.23062133789062,43.887725830078125,51.190704345703125,136.3676300048828,120.18098449707031,78.30818176269531,40.532310485839844,38.54190444946289,141.44052124023438,111.9891586303711
2025-02-19,99.73130798339844,100.05776977539062,47.041358947753906,116.94525909423828,60.57176971435547,138.52085876464844,138.06939697265625,93.7860107421875,166.3268280029297,195.84902954101562,376.4965515136719,124.0331802368164,124.74826049804688,640.095703125,263.9919738769531,262.2216491699219,87.6862564086914,167.3592987060547,43.88691329956055,103.34880828857422,44.23382568359375,51.21033477783203,136.50535583496094,120.1908950805664,78.9373550415039,40.6091423034668,38.744659423828125,143.28045654296875,111.92485046386719
2025-02-20,99.71186828613281,98.74657440185547,47.45713806152344,115.12030029296875,60.92610168457031,137.18495178222656,137.70628356933594,94.37964630126953,165.55836486816406,194.9961700439453,372.6050109863281,125.1123275756836,122.73761749267578,637.9576416015625,265.21588134765625,260.2874755859375,88.1051254272461,167.41726684570312,43.784423828125,102.86621856689453,44.637611389160156,50.42534637451172,135.61019897460938,119.80875396728516,78.62760162353516,40.88761520385742,38.73982620239258,144.08299255371094,110.96015167236328
2025-02-21,99.76048278808594,96.20365142822266,46.41284942626953,113.26588439941406,60.591453552246094,134.15682983398438,135.10545349121094,93.68868255615234,161.22703552246094,191.24172973632812,362.34649658203125,122.36630249023438,120.90351104736328,620.683837890625,263.1695251464844,253.84373474121094,87.23883819580078,167.36895751953125,42.98399353027344,101.45790100097656,43.70986557006836,49.797367095947266,132.6394805908203,116.56303405761719,79.54717254638672,40.55152130126953,38.74948501586914,143.309814453125,108.04132080078125
2025-02-24,99.43961334228516,96.01493072509766,46.4611930847168,113.70741271972656,61.04421615600586,133.77088928222656,134.98768615722656,94.01957702636719,158.8218536376953,191.05548095703125,359.89080810546875,122.27958679199219,121.1192855834961,611.6341552734375,264.6382141113281,252.62008666992188,87.58153533935547,166.70249938964844,42.93518829345703,101.65489196777344,43.71947479248047,50.01323318481445,132.03944396972656,114.8955078125,79.78915405273438,40.73396682739258,38.55638885498047,144.47447204589844,107.63565063476562
2025-02-25,99.07012939453125,95.86592864990234,45.735992431640625,113.37381744384766,61.5068244934082,134.43392944335938,135.6648712158203,95.09007263183594,156.1871337890625,192.4866943359375,356.3359069824219,120.371826171875,120.77600860595703,602.5946044921875,266.3614807128906,253.95228576660156,88.65727233886719,166.08433532714844,43.26707077026367,100.14807891845703,43.089759826660156,50.003421783447266,132.71817016601562,113.40664672851562,80.92167663574219,41.16608428955078,38.3632926940918,145.7174072265625,107.07167053222656
2025-02-26,99.32293701171875,95.55799865722656,45.542606353759766,113.4130630493164,61.09342956542969,134.46360778808594,135.0956268310547,94.63267517089844,157.61427307128906,192.3690643310547,355.2268981933594,119.9189682006836,120.72695922851562,607.0894165039062,264.8046569824219,254.74172973632812,88.28599548339844,166.74114990234375,43.24755096435547,99.97080993652344,42.844608306884766,49.89548873901367,132.796875,114.64240264892578,79.37293243408203,40.96443176269531,38.5225944519043,144.6702117919922,106.63138580322266
2025-02-27,97.32966613769531,94.20706176757812,45.65863800048828,113.92327117919922,60.76862335205078,134.12713623046875,134.52638244628906,95.03167724609375,151.87574768066406,190.84962463378906,348.9688415527344,120.11167907714844,121.26640319824219,585.70849609375,263.0813903808594,253.03456115722656,88.63822174072266,163.3025665283203,42.954715728759766,99.00566101074219,43.075347900390625,50.170230865478516,132.33456420898438,110.4686279296875,79.3632583618164,41.14687728881836,37.668148040771484,144.08299255371094,105.0927963256836
2025-02-28,98.8270492553711,95.7367935180664,46.354835510253906,116.17013549804688,61.4477653503418,135.7401580810547,135.77284240722656,95.77130889892578,154.35079956054688,192.6533203125,355.13775634765625,121.98089599609375,123.68899536132812,595.1658325195312,266.1754455566406,256.1034851074219,89.39029693603516,165.62071228027344,43.320762634277344,100.45337677001953,43.74351501464844,51.200523376464844,134.10516357421875,111.92771911621094,80.41834259033203,41.43495559692383,38.24260330200195,145.7565460205078,106.83916473388672
2025-03-03,99.0604019165039,94.15740966796875,44.71104431152344,114.9338607788086,61.595401763916016,133.92922973632812,132.8579559326172,96.2481689453125,149.61029052734375,188.52638244628906,346.186279296875,117.37530517578125,122.4924087524414,575.1573486328125,266.1264343261719,251.37673950195312,89.80915069580078,165.8621826171875,42.452003479003906,99.44884490966797,42.21489715576172,50.76878356933594,132.19680786132812,108.52317810058594,80.84423065185547,41.79024887084961,38.295711517333984,146.39268493652344,104.87017822265625
2025-03-04,97.4657974243164,92.61775207519531,44.304931640625,111.00920104980469,61.04421615600586,130.6735382080078,131.0618896484375,95.17766571044922,149.6901397705078,185.50714111328125,340.6510314941406,116.4406967163086,118.18669128417969,574.9981689453125,263.9331970214844,247.11375427246094,88.7715072631836,163.36053466796875,41.87608337402344,98.66098022460938,41.80630111694336,48.982940673828125,129.61959838867188,108.43880462646484,79.46973419189453,41.310123443603516,37.672977447509766,145.03231811523438,103.01994323730469
2025-03-05,96.89212799072266,93.91901397705078,43.72477340698242,111.88243865966797,61.65446090698242,132.55372619628906,134.54603576660156,96.3260269165039,151.94561767578125,190.89865112304688,346.2457580566406,114.79308319091797,118.90267944335938,583.6698608398438,266.6846008300781,250.8142547607422,89.76155090332031,162.11453247070312,42.96935272216797,99.9314193725586,41.19580841064453,49.26749801635742,131.6656494140625,109.96241760253906,79.79884338378906,41.69422149658203,37.40746307373047,146.4905548095703,104.58819580078125
2025-03-06,94.86968994140625,91.36615753173828,43.763450622558594,110.01821899414062,61.49698257446289,130.87144470214844,134.22213745117188,93.7568130493164,147.1751708984375,189.76153564453125,336.4723815917969,114.94725036621094,116.88223266601562,565.7098999023438,265.7544250488281,248.17950439453125,87.45777893066406,158.83050537109375,42.744842529296875,98.1390151977539,41.320796966552734,48.45308303833008,130.53439331054688,106.91024017333984,79.94403076171875,40.55152130126953,36.63025665283203,146.0893096923828,101.93651580810547
2025-03-07,96.61988067626953,90.83967590332031,44.51765441894531,109.37065124511719,61.516666412353516,131.88082885742188,135.15452575683594,94.36991119384766,148.79193115234375,189.97720336914062,335.2841491699219,116.81645965576172,116.41143798828125,572.6810302734375,265.8816833496094,250.86358642578125,87.98136138916016,161.61227416992188,42.86198043823242,98.7693099975586,42.02742385864258,48.19796371459961,132.05909729003906,108.45865631103516,80.20538330078125,40.781986236572266,37.31092071533203,146.09909057617188,101.7485122680664
2025-03-10,97.38802337646484,87.88951110839844,44.788394927978516,106.27997589111328,60.7587776184082,129.53550720214844,131.90594482421875,93.47457885742188,142.1652069091797,185.79139709472656,323.13427734375,117.36566925048828,113.1551742553711,547.0239868164062,262.670166015625,246.3440704345703,87.13411712646484,163.35086059570312,41.96881866455078,96.30722045898438,42.339874267578125,47.11861038208008,129.99337768554688,103.84814453125,80.0311508178711,40.38827896118164,37.721248626708984,144.5233917236328,98.11727905273438
2025-03-11,96.51292419433594,87.0948486328125,44.46930694580078,106.00526428222656,60.0599479675293,127.63553619384766,131.01283264160156,92.34569549560547,141.8757781982422,184.71310424804688,321.00537109375,116.70084381103516,112.35091400146484,545.3333129882812,260.1929931640625,243.38368225097656,86.1155014038086,162.01797485351562,41.64669418334961,94.8890380859375,42.003387451171875,46.716304779052734,127.99649810791016,103.42630767822266,78.85990905761719,39.96577072143555,37.36884689331055,142.94769287109375,97.15753936767578
2025-03-12,96.21149444580078,87.21405792236328,44.69169998168945,106.24073028564453,59.48907470703125,127.73448944091797,130.67913818359375,92.00507354736328,144.38076782226562,184.34060668945312,323.80767822265625,117.28858947753906,112.68438720703125,553.3786010742188,257.9409484863281,243.14683532714844,85.84894561767578,161.35150146484375,41.45146942138672,95.36177825927734,42.1956672668457,46.78499221801758,127.98668670654297,105.05413055419922,77.14662170410156,39.82173156738281,37.25299072265625,141.51881408691406,97.72151184082031
2025-03-13,96.41568756103516,85.13799285888672,44.39196014404297,105.6618423461914,59.12489700317383,126.15116882324219,130.90489196777344,90.25334167480469,141.35684204101562,183.6053924560547,315.3908996582031,116.45032501220703,111.88013458251953,543.4140625,256.1589660644531,240.49234008789062,84.1544418334961,161.86338806152344,41.422183990478516,93.40194702148438,41.907249450683594,46.529869079589844,126.67838287353516,103.0590591430664,76.7884750366211,39.043922424316406,37.3447151184082,140.7652130126953,95.2825698852539
2025-03-14,98.13670349121094,86.87632751464844,45.66830825805664,108.30117797851562,59.636714935302734,128.5261688232422,132.82850646972656,92.09265899658203,145.73805236816406,186.59524536132812,321.85693359375,119.8418960571289,114.56752014160156,559.892333984375,258.5479736328125,245.32766723632812,85.83942413330078,164.9735565185547,41.96393585205078,95.11555480957031,43.1474494934082,47.60922622680664,128.99005126953125,106.17574310302734,76.96271514892578,39.802528381347656,38.07365036010742,141.84176635742188,97.3108901977539
2025-03-17,98.72982025146484,87.72064971923828,46.422515869140625,109.93972778320312,60.3847541809082,130.08969116210938,134.36936950683594,93.54270935058594,146.486572265625,188.50677490234375,322.97589111328125,121.88453674316406,115.97988891601562,563.2137451171875,261.7889099121094,248.57421875,87.30546569824219,165.7655792236328,42.491050720214844,95.79508972167969,43.83484649658203,48.16852569580078,130.77047729492188,106.91519927978516,78.0855484008789,40.503509521484375,38.23295211791992,143.64259338378906,97.46426391601562
2025-03-18,98.07669067382812,86.1933822631836,46.500404357910156,109.54694366455078,60.35712432861328,129.31121826171875,134.3477020263672,93.1802978515625,143.92538452148438,188.24209594726562,316.915771484375,122.20250701904297,115.69544982910156,555.2183227539062,261.5539245605469,246.4427490234375,86.84851837158203,164.60650634765625,42.41783905029297,94.45573425292969,43.90694808959961,48.10964584350586,129.72779846191406,105.28738403320312,77.19502258300781,40.25383758544922,37.96744918823242,143.71107482910156,95.7278060913086
2025-03-19,98.32112121582031,87.80522155761719,47.289039611816406,110.67903137207031,60.406471252441406,130.98712158203125,134.84014892578125,93.31705474853516,145.9923095703125,189.0655059814453,322.89666748046875,124.27405548095703,117.00972747802734,562.7463989257812,262.0141296386719,249.90638732910156,86.95323181152344,165.10877990722656,42.55937957763672,95.57843780517578,44.623191833496094,48.6395149230957,131.44923400878906,106.65715026855469,77.19502258300781,40.30186080932617,38.10744094848633,143.7893829345703,97.56321716308594
2025-03-20,98.67310333251953,87.47687530517578,47.474029541015625,110.82669830322266,60.426204681396484,130.1045684814453,133.93406677246094,93.11192321777344,145.47308349609375,187.70294189453125,322.1044921875,124.64983367919922,117.08818817138672,559.593994140625,262.0337219238281,248.62355041503906,86.8961181640625,165.784912109375,42.29094314575195,95.37162017822266,44.786624908447266,48.70820236206055,130.7901611328125,105.8978271484375,76.8175048828125,40.25383758544922,38.26191711425781,143.87745666503906,97.3306884765625
2025-03-21,98.07669067382812,87.86491394042969,47.133262634277344,110.4821548461914,60.33738708496094,129.25173950195312,132.69308471679688,92.23277282714844,146.01226806640625,185.53652954101562,323.7185363769531,123.7055892944336,116.73509979248047,561.4834594726562,261.367919921875,246.89666748046875,85.93461608886719,164.57754516601562,41.8712043762207,96.1200942993164,44.47417449951172,48.53157424926758,130.0917510986328,106.18567657470703,76.7884750366211,39.860137939453125,38.015716552734375,143.47621154785156,97.68193817138672
2025-03-24,98.1549072265625,90.4418716430664,47.70770263671875,112.55928802490234,60.8308219909668,131.8101806640625,134.0916290283203,93.50265502929688,149.1475830078125,188.44796752929688,336.7892761230469,125.23758697509766,119.0007553100586,572.2037963867188,263.7471923828125,252.23524475097656,87.25787353515625,164.7127685546875,42.43859100341797,97.48121643066406,44.98090362548828,49.387367248535156,132.5042266845703,108.19668579101562,77.26334381103516,40.414852142333984,38.003562927246094,144.57164001464844,101.34398651123047
2025-03-25,96.73719787597656,90.94929504394531,47.88296127319336,113.18932342529297,60.03145980834961,131.96884155273438,134.56439208984375,92.46720886230469,149.88648986816406,188.47848510742188,339.0341796875,125.65396881103516,119.6124038696289,574.6124267578125,260.406494140625,252.4232940673828,86.27880096435547,162.22023010253906,42.428775787353516,98.71591186523438,45.16499710083008,49.663108825683594,132.7015838623047,108.55462646484375,76.56271362304688,39.9316520690918,37.39585876464844,142.724609375,102.15260314941406
2025-03-26,97.39227294921875,90.00408172607422,48.0971565246582,112.61836242675781,59.6959228515625,131.23504638671875,134.6825714111328,92.97516632080078,146.0721893310547,188.38987731933594,334.0123596191406,126.42074584960938,119.09038543701172,560.791748046875,259.07025146484375,250.19630432128906,86.61540985107422,163.23202514648438,42.50724411010742,97.8763198852539,45.43144226074219,49.51538848876953,131.82342529296875,106.13346099853516,77.74989318847656,40.13459396362305,37.643802642822266,142.20388793945312,100.81814575195312
2025-03-27,97.39227294921875,90.05382537841797,47.63955307006836,111.99816131591797,59.824214935302734,130.81854248046875,134.5545196533203,92.68211364746094,144.45458984375,188.06497192382812,333.6848449707031,125.22691345214844,118.6964111328125,554.8572387695312,259.5418395996094,249.0481414794922,86.39421844482422,163.2125701904297,42.48762893676758,97.44171142578125,44.99059295654297,49.416908264160156,131.1228485107422,105.154052734375,78.63539123535156,40.03795623779297,37.63407897949219,142.42987060546875,100.88263702392578
2025-03-28,98.0375747680664,87.59627532958984,47.41561508178711,109.95055389404297,59.577491760253906,128.0220947265625,132.03323364257812,92.54535675048828,140.45057678222656,184.20562744140625,323.67095947265625,124.62512969970703,116.25373077392578,540.9171142578125,258.31365966796875,243.6736602783203,86.27880096435547,164.44815063476562,41.70790481567383,94.56734466552734,44.777442932128906,48.46165466308594,128.41929626464844,102.60364532470703,78.24616241455078,40.01862716674805,37.91119384765625,141.9877471923828,97.7474136352539
2025-03-31,99.16197204589844,87.88481903076172,47.99979019165039,111.09249114990234,60.090667724609375,129.0930633544922,132.76205444335938,93.53195190429688,140.23089599609375,185.88916015625,323.0556335449219,125.89662170410156,117.67205047607422,540.0607299804688,260.1117248535156,245.01976013183594,87.07705688476562,166.17990112304688,42.16397476196289,95.26864624023438,45.271575927734375,49.05253219604492,129.3270721435547,102.65335083007812,79.47225952148438,40.443843841552734,38.33415603637695,143.45162963867188,97.95577239990234
2025-04-01,99.48463439941406,88.57133483886719,48.233463287353516,111.0629653930664,59.01498031616211,129.76739501953125,132.80145263671875,93.59056091308594,141.64878845214844,186.44049072265625,326.5788269042969,126.51780700683594,117.57356262207031,544.6012573242188,255.3954620361328,246.63308715820312,87.11553192138672,166.685791015625,42.320892333984375,95.32791900634766,45.538021087646484,48.993446350097656,130.0572052001953,103.40406036376953,79.58902740478516,40.472835540771484,38.431392669677734,140.8284149169922,98.97769165039062
2025-04-02,99.91484069824219,90.03392791748047,48.36003112792969,112.25411987304688,59.38011932373047,130.9077911376953,133.86509704589844,93.99107360839844,142.6472930908203,188.26187133789062,333.25811767578125,126.72162628173828,118.74565124511719,549.0819702148438,257.3507995605469,249.2758026123047,87.64449310302734,167.2889862060547,42.66907501220703,95.66376495361328,45.60099792480469,49.39720916748047,131.28074645996094,104.16968536376953,79.3554916381836,40.66611862182617,38.611270904541016,141.7716064453125,100.85783386230469
2025-04-03,99.46508026123047,84.97953796386719,44.611568450927734,105.82582092285156,58.787994384765625,123.7877426147461,127.57172393798828,91.0703353881836,132.8219451904297,179.32232666015625,311.4438171386719,116.7535629272461,112.13662719726562,509.31280517578125,254.57012939453125,235.15167236328125,84.6534423828125,166.40365600585938,40.7418327331543,91.39666748046875,42.02093505859375,46.96477127075195,124.17646789550781,97.06031799316406,79.81282806396484,39.44845199584961,38.36819076538086,140.62208557128906,94.7659912109375
2025-04-04,93.95063781738281,81.06934356689453,40.60022735595703,98.28510284423828,55.551055908203125,115.98345184326172,119.18052673339844,87.0457763671875,124.31462860107422,168.37435913085938,298.4624328613281,106.16429901123047,104.11913299560547,476.553466796875,240.65713500976562,221.71046447753906,80.97954559326172,157.31683349609375,38.19178771972656,86.16158294677734,38.15504837036133,43.52784729003906,116.37165832519531,90.66685485839844,76.34864044189453,37.65094757080078,36.23392105102539,132.90963745117188,90.67828369140625
2025-04-07,92.59158325195312,80.48230743408203,40.269195556640625,98.05868530273438,55.24512481689453,115.32896423339844,118.05775451660156,84.66230010986328,124.87378692626953,166.29702758789062,295.41558837890625,105.32958221435547,103.76455688476562,477.90765380859375,239.3405303955078,220.00804138183594,78.85407257080078,155.00137329101562,37.57879638671875,86.28012084960938,37.90797805786133,43.419517517089844,115.82897186279297,91.20875549316406,75.46312713623047,36.74253463745117,35.679691314697266,132.11383056640625,89.60676574707031
2025-04-08,91.88761901855469,78.79088592529297,39.295570373535156,97.68460845947266,54.57405090332031,114.10922241210938,114.40386199951172,82.52303314208984,122.38749694824219,161.28575134277344,288.2301940917969,102.75749206542969,103.29177856445312,468.3586730957031,236.3732147216797,217.79092407226562,76.73821258544922,154.0673828125,36.42146682739258,85.0750503540039,37.031131744384766,43.252098083496094,114.87186431884766,89.35436248779297,74.29541778564453,35.8341178894043,35.53384017944336,130.6499481201172,87.47858428955078
2025-04-09,95.6225814819336,86.70081329345703,42.41117477416992,105.0481185913086,57.060970306396484,124.0654067993164,124.94208526611328,87.34859466552734,139.01271057128906,175.5220489501953,320.45538330078125,110.84259796142578,111.3880615234375,531.49755859375,247.3679962158203,237.94284057617188,81.316162109375,160.0312042236328,39.604122161865234,92.59185028076172,39.8990592956543,46.51176834106445,125.07437133789062,101.35079956054688,77.1757583618164,37.89255142211914,36.93400192260742,136.3286590576172,97.0032958984375
2025-04-10,95.02615356445312,83.97462463378906,39.66554641723633,102.04562377929688,55.35368347167969,120.31697082519531,120.68739318847656,85.29723358154297,132.65219116210938,170.0086669921875,307.77166748046875,103.57279968261719,107.81269836425781,507.5901794433594,240.0479736328125,231.0242919921875,79.4599838256836,158.9610137939453,38.33890914916992,89.39153289794922,37.2927360534668,45.21184539794922,121.84785461425781,96.63275909423828,77.21468353271484,37.09043502807617,36.65688705444336,132.52647399902344,93.21324920654297
2025-04-11,96.22877502441406,84.71088409423828,40.67811584472656,103.53209686279297,56.16291427612305,122.37960815429688,124.33145141601562,86.54759979248047,135.49794006347656,174.7639617919922,309.816162109375,106.3196029663086,109.54621887207031,517.9158935546875,243.78167724609375,234.88442993164062,80.43134307861328,160.994384765625,39.47661590576172,90.152099609375,38.2180290222168,45.96028137207031,123.99887084960938,98.6114501953125,78.18778228759766,37.6122932434082,37.104156494140625,134.47178649902344,94.11611938476562
2025-04-14,97.97891235351562,85.228271484375,40.83389663696289,104.83153533935547,56.89320373535156,123.67865753173828,125.64134979248047,88.364501953125,136.45651245117188,176.78224182128906,311.4438171386719,106.7369613647461,110.83650207519531,521.5701904296875,247.033935546875,237.5568389892578,82.09517669677734,163.77682495117188,39.952301025390625,90.75463104248047,38.35367202758789,46.432987213134766,125.29144287109375,99.51130676269531,79.52091217041016,38.443397521972656,37.77020263671875,136.11251831054688,94.38896179199219
2025-04-15,97.88114929199219,85.0093765258789,40.75600814819336,105.02843475341797,56.468849182128906,123.17292022705078,125.10951232910156,88.60871124267578,136.73609924316406,175.78787231445312,309.2008056640625,106.59136962890625,111.19108581542969,523.5416870117188,245.53062438964844,236.3690948486328,82.3452377319336,163.90333557128906,39.63844680786133,90.9818115234375,38.2955436706543,46.55116271972656,124.6698226928711,99.87423706054688,78.84947967529297,38.501380920410156,37.765342712402344,135.2774200439453,93.70932006835938
2025-04-16,97.05007934570312,83.07916259765625,41.096778869628906,103.33521270751953,55.945804595947266,121.37803649902344,124.4397964477539,88.49149322509766,131.9332733154297,174.3209228515625,301.75738525390625,107.53285217285156,109.45755767822266,505.5788269042969,242.84825134277344,232.9840545654297,82.28752899169922,162.414794921875,39.329498291015625,88.53218841552734,38.61042785644531,45.822410583496094,122.96282958984375,96.40406799316406,78.00289154052734,38.4820556640625,37.425025939941406,133.9019317626953,91.3976058959961
2025-04-17,97.99847412109375,84.08407592773438,42.0606689453125,103.78805541992188,55.59053421020508,121.83419799804688,125.15876007080078,89.80044555664062,131.13446044921875,175.3153076171875,303.8415832519531,110.0952377319336,109.92049407958984,503.36834716796875,241.83621215820312,234.47860717773438,83.51856994628906,164.20492553710938,39.59921646118164,89.1050796508789,39.4824333190918,45.940589904785156,123.6337890625,95.8820571899414,79.6668701171875,39.090885162353516,37.8090934753418,133.115966796875,91.9730453491211
2025-04-21,95.79856872558594,82.1836929321289,40.89231872558594,101.46479797363281,54.426021575927734,119.23605346679688,123.12005615234375,87.98353576660156,127.61969757080078,172.31248474121094,295.4850769042969,107.0960693359375,107.52706146240234,489.6472473144531,236.55006408691406,228.79727172851562,81.77780151367188,160.35226440429688,38.99603271484375,87.09994506835938,38.450565338134766,44.9557991027832,120.86114501953125,93.40620422363281,78.9078598022461,38.279109954833984,36.914554595947266,130.2471160888672,89.5174560546875
2025-04-22,98.23313903808594,84.71088409423828,41.992515563964844,104.7823257446289,55.452369689941406,122.05235290527344,125.77924346923828,89.7418441772461,130.76502990722656,176.5459747314453,304.9332580566406,109.81375885009766,111.13198852539062,501.6955261230469,241.06983947753906,233.16221618652344,83.36470031738281,164.64273071289062,39.90815734863281,89.37177276611328,39.429141998291016,46.442832946777344,122.97268676757812,95.68318939208984,80.02691650390625,39.061893463134766,37.92091369628906,132.69349670410156,92.35009002685547
2025-04-23,98.44823455810547,86.09388732910156,41.846473693847656,106.10144805908203,55.80764389038086,123.54974365234375,125.82847595214844,89.86883544921875,134.8089599609375,177.26467895507812,312.1286315917969,109.55169677734375,112.50106811523438,516.6612548828125,242.56329345703125,236.16123962402344,83.51856994628906,165.22645568847656,39.95720291137695,90.80402374267578,39.356475830078125,46.99431610107422,124.51195526123047,98.45732879638672,79.56956481933594,39.11021423339844,38.08135223388672,133.35174560546875,94.41376495361328
2025-04-24,98.59489440917969,87.83506774902344,42.518272399902344,107.94233703613281,56.55766677856445,125.75120544433594,128.9899444580078,90.1911849975586,139.97128295898438,181.1732635498047,318.36126708984375,111.27936553955078,113.95878601074219,536.0878295898438,246.07101440429688,241.83265686035156,83.82633972167969,165.391845703125,40.82029342651367,92.62147521972656,39.98625564575195,47.51626205444336,127.3043212890625,102.13133239746094,78.86894989013672,39.22618103027344,38.13969039916992,134.982666015625,96.29389953613281
2025-04-25,98.32112121582031,88.81012725830078,42.50853729248047,107.489501953125,56.824127197265625,125.65203857421875,127.97551727294922,90.02513122558594,142.11807250976562,180.0213623046875,323.4625244140625,111.25995635986328,113.45646667480469,544.212890625,247.0830535888672,241.70399475097656,83.68207550048828,164.75946044921875,40.51625061035156,93.20425415039062,39.91358947753906,47.289756774902344,127.29444885253906,103.6427001953125,78.66458892822266,39.16819381713867,38.02301025390625,135.63111877441406,98.02523040771484
2025-04-28,99.01531219482422,88.83002471923828,42.829837799072266,107.92264556884766,57.05110168457031,126.13795471191406,128.1429443359375,90.60145568847656,141.88841247558594,180.63177490234375,323.7403869628906,112.046142578125,113.8701400756836,543.1773681640625,248.06561279296875,242.3176727294922,84.20142364501953,165.9464111328125,40.58980941772461,93.55985260009766,40.1945686340332,47.437469482421875,127.71874237060547,103.47367858886719,78.40185546875,39.40979766845703,38.256370544433594,136.1714630126953,98.05995178222656
2025-04-29,99.67041015625,89.40711212158203,42.65458297729492,108.84800720214844,57.366905212402344,127.11968994140625,129.00965881347656,91.20709991455078,142.6373291015625,182.0790252685547,325.8741760253906,111.609375,114.99299621582031,545.8060913085938,249.5787353515625,243.90130615234375,84.6534423828125,167.0944061279297,40.92818069458008,94.24140167236328,40.07830810546875,47.929866790771484,128.5475616455078,103.95591735839844,79.05381774902344,39.72870635986328,38.55293273925781,136.8395538330078,98.75446319580078
2025-04-30,99.45530700683594,89.1086196899414,41.47649002075195,108.81847381591797,57.791255950927734,127.89317321777344,128.7141876220703,91.5196762084961,142.61732482910156,182.6106719970703,323.135009765625,108.62963104248047,114.95359802246094,547.1005249023438,251.42596435546875,245.29689025878906,84.95158386230469,166.3550262451172,41.1390495300293,94.27102661132812,38.99798583984375,48.018497467041016,129.4750518798828,104.38843536376953,79.6279525756836,39.91232681274414,38.35846710205078,138.00869750976562,97.85655212402344
2025-05-01,99.68995666503906,89.51654815673828,41.71989822387695,108.82831573486328,56.16291427612305,128.47825622558594,128.1626739501953,91.77365112304688,145.55294799804688,181.93133544921875,325.04052734375,109.33817291259766,115.01268005371094,556.7590942382812,245.3341064453125,247.09829711914062,85.23049926757812,166.8706512451172,40.95759963989258,94.75502014160156,39.1433219909668,48.0086555480957,130.45188903808594,105.919677734375,78.93706512451172,40.02829360961914,38.47028350830078,134.24581909179688,98.39729309082031
2025-05-02,100.35481262207031,91.12837982177734,42.362491607666016,111.2992172241211,57.060970306396484,130.81854248046875,130.40817260742188,92.76025390625,147.90945434570312,185.1212158203125,330.4891357421875,111.0367202758789,117.45536804199219,565.1131591796875,248.81234741210938,251.98779296875,86.27880096435547,167.9602813720703,41.64905548095703,96.22676849365234,39.71497344970703,49.003292083740234,132.79039001464844,107.68956756591797,79.36521911621094,40.52116012573242,38.77170944213867,136.1027069091797,99.92520141601562
2025-05-05,100.1690444946289,90.57120513916016,41.593326568603516,110.4821548461914,56.883331298828125,130.8681182861328,129.34451293945312,92.6625747680664,147.07069396972656,183.89056396484375,327.0055847167969,108.94021606445312,116.91365051269531,561.2896118164062,248.0557861328125,251.8987274169922,86.08645629882812,167.56138610839844,41.34011459350586,96.4539566040039,38.99798583984375,48.68815994262695,132.85943603515625,107.11784362792969,79.29710388183594,40.472835540771484,38.674468994140625,135.7195281982422,98.86359405517578
2025-05-06,101.1858901977539,90.08367919921875,41.57386016845703,109.783203125,55.284603118896484,129.72772216796875,128.76341247558594,91.97879028320312,145.842529296875,182.60081481933594,324.1572265625,109.06640625,116.24388122558594,556.5399780273438,240.97157287597656,250.07754516601562,85.42284393310547,169.47799682617188,41.04096984863281,96.43419647216797,39.00767135620117,48.41241455078125,131.69512939453125,106.22792053222656,79.16087341308594,40.19258117675781,39.14604949951172,131.97630310058594,98.00041961669922
2025-05-07,101.55744171142578,91.12837982177734,41.63227081298828,110.4427719116211,55.679344177246094,130.34254455566406,127.88687896728516,91.9690170288086,146.54147338867188,181.23233032226562,327.22393798828125,109.25081634521484,116.90380096435547,562.09619140625,242.8187713623047,251.126708984375,85.5190200805664,170.05198669433594,40.81539535522461,96.25640106201172,39.02220916748047,48.69801330566406,132.3660888671875,107.29183959960938,79.2873764038086,40.16359329223633,39.25787353515625,132.98825073242188,98.7643814086914
2025-05-08,100.76546478271484,91.90446472167969,42.2261848449707,111.52564239501953,55.264862060546875,132.25643920898438,128.91116333007812,91.56851959228516,148.208984375,183.74288940429688,332.21600341796875,110.82318878173828,118.18423461914062,568.7376098632812,241.1385955810547,254.87794494628906,85.18240356445312,168.68995666503906,41.35972213745117,96.48359680175781,39.53572463989258,49.10177230834961,134.19149780273438,108.31599426269531,79.19004821777344,39.970314025878906,38.941864013671875,131.7896270751953,99.93016815185547
2025-05-09,100.91212463378906,92.13328552246094,42.65458297729492,111.55516815185547,54.62339401245117,132.3754425048828,129.1475372314453,92.1839370727539,148.0991668701172,184.20562744140625,333.99249267578125,111.91996765136719,118.1349868774414,568.7575073242188,238.46603393554688,255.17489624023438,85.74984741210938,168.8164520263672,41.46760940551758,95.98971557617188,39.93296813964844,49.10177230834961,134.300048828125,108.1817626953125,78.73271942138672,40.211910247802734,39.00992202758789,130.3551788330078,100.41136932373047
2025-05-12,100.01261138916016,95.65545654296875,43.72556686401367,114.0162353515625,56.13330841064453,136.70895385742188,131.83624267578125,92.46720886230469,155.02882385253906,188.26187133789062,351.7178649902344,114.69589233398438,120.91255187988281,595.6321411132812,244.5186004638672,263.4593505859375,86.17300415039062,167.6684112548828,42.428775787353516,97.98497009277344,40.97452926635742,50.096412658691406,138.434326171875,113.20306396484375,78.84947967529297,40.25056838989258,38.77656936645508,133.57774353027344,105.40192413330078
2025-05-13,99.67041015625,96.52106475830078,44.41684341430664,114.73487854003906,54.485233306884766,137.303955078125,131.4029083251953,91.3340835571289,158.43374633789062,187.4742431640625,355.796875,116.41385650634766,121.58231353759766,608.8753051757812,237.6996612548828,265.3300476074219,85.07661437988281,167.3668212890625,42.21791076660156,98.94308471679688,41.55101776123047,50.30322265625,139.4012908935547,115.64907836914062,77.788818359375,39.709381103515625,38.72309112548828,129.55938720703125,106.79590606689453
2025-05-14,99.2890853881836,96.70016479492188,44.2026481628418,114.44938659667969,53.261512756347656,136.65936279296875,130.26043701171875,90.52330780029297,159.93150329589844,185.7906951904297,357.23590087890625,115.73442077636719,121.32622528076172,613.1967163085938,232.58056640625,264.1719665527344,84.23988342285156,166.685791015625,41.83050537109375,99.45673370361328,41.29910659790039,50.16535186767578,138.73033142089844,116.3998031616211,77.3703842163086,39.37114334106445,38.55293273925781,126.51371765136719,107.2076416015625
2025-05-15,101.4987564086914,96.75985717773438,44.33895492553711,115.25662994384766,53.932586669921875,137.72044372558594,131.3142852783203,92.11554718017578,159.49217224121094,187.57272338867188,355.9953308105469,116.07413482666016,122.00584411621094,612.9179077148438,235.58718872070312,266.8345031738281,85.77869415283203,170.36334228515625,42.25714111328125,99.85182189941406,41.4735107421875,50.500179290771484,140.2695770263672,116.55888366699219,78.9565200805664,40.095943450927734,39.374549865722656,128.17410278320312,106.96952819824219
2025-05-16,102.89693450927734,97.75482177734375,44.21238327026367,116.17213439941406,54.98854064941406,138.94015502929688,132.47640991210938,93.27798461914062,159.82167053222656,189.4137725830078,359.3995056152344,115.81207275390625,122.81349182128906,614.072998046875,240.20518493652344,269.5761413574219,86.84624481201172,172.75665283203125,42.688690185546875,100.53337097167969,41.4105339050293,50.80546569824219,141.86805725097656,116.77763366699219,79.86148834228516,40.59846496582031,39.953086853027344,130.7580108642578,107.98152923583984
2025-05-19,103.38579559326172,97.7249755859375,43.647682189941406,116.03431701660156,55.491844177246094,139.36656188964844,133.0574951171875,93.38542938232422,159.62197875976562,189.99462890625,358.04974365234375,114.38529205322266,122.82334899902344,612.449951171875,242.20957946777344,270.1502380371094,86.86547088623047,173.55442810058594,42.79657745361328,100.63214111328125,40.872798919677734,50.83500671386719,142.35153198242188,116.60860443115234,80.09503173828125,40.68544006347656,40.12324523925781,132.01559448242188,107.7285385131836
2025-05-20,103.74755859375,97.32698059082031,43.26796340942383,115.37474060058594,55.62013626098633,138.63275146484375,132.88023376464844,92.88725280761719,159.01287841796875,189.32516479492188,356.3426818847656,113.34674835205078,122.1634292602539,610.299072265625,243.07423400878906,269.2792053222656,86.35574340820312,173.9727783203125,42.723018646240234,100.38520812988281,40.49492263793945,50.559268951416016,141.8384552001953,116.17109680175781,80.37723541259766,40.472835540771484,40.239925384521484,132.33981323242188,107.16796112060547
2025-05-21,101.98762512207031,95.4067153930664,42.46958923339844,112.92353057861328,54.25824737548828,135.72720336914062,131.17637634277344,90.37678527832031,156.4666748046875,186.67677307128906,348.5915832519531,111.25995635986328,119.34647369384766,598.6093139648438,237.11996459960938,264.1917724609375,84.05715942382812,170.7233123779297,42.15415954589844,99.63452911376953,39.74888229370117,49.52523422241211,139.44076538085938,113.98857116699219,79.44306182861328,39.4001350402832,39.50581359863281,129.2744598388672,104.99513244628906
2025-05-22,100.64813995361328,95.56591033935547,42.24565505981445,112.80538940429688,53.89310836791992,135.7866973876953,130.91046142578125,90.00558471679688,156.83612060546875,186.47988891601562,350.5368347167969,110.83290100097656,119.33663940429688,599.6150512695312,235.40049743652344,263.964111328125,83.67244720458984,168.368896484375,42.11003112792969,99.41720581054688,39.5938606262207,49.466148376464844,139.41116333007812,114.01839447021484,79.11221313476562,39.264835357666016,38.941864013671875,128.26254272460938,105.44656372070312
2025-05-23,101.87030792236328,94.79978942871094,42.41117477416992,112.61836242675781,53.77468490600586,135.04298400878906,131.41275024414062,90.07396697998047,154.90899658203125,186.53895568847656,347.58917236328125,111.25025939941406,118.9524917602539,592.54541015625,234.95834350585938,263.1426086425781,83.7590103149414,170.35360717773438,42.02665710449219,98.96284484863281,39.719810485839844,49.28888702392578,138.957275390625,112.76058959960938,79.40414428710938,39.274497985839844,39.40858459472656,128.0561981201172,104.49905395507812
2025-05-27,102.7111587524414,97.08820343017578,42.80062484741211,114.61673736572266,54.57405090332031,137.64111328125,133.76663208007812,91.55875396728516,158.7233123779297,190.02418518066406,357.9901428222656,112.33731842041016,121.19818878173828,607.1029052734375,238.28921508789062,268.34881591796875,85.22087097167969,171.88104248046875,42.762245178222656,100.57288360595703,40.06376647949219,50.15550231933594,141.404296875,115.44026947021484,80.12422180175781,39.92198944091797,39.705142974853516,129.8443145751953,107.58466339111328
2025-05-28,101.32276916503906,96.38177490234375,42.284603118896484,113.6618423461914,54.2385139465332,137.02626037597656,132.23019409179688,91.45130920410156,158.00439453125,187.23797607421875,354.9234924316406,111.00760650634766,120.27233123779297,604.3546752929688,236.92344665527344,266.8047790527344,85.13431549072266,169.28343200683594,42.178680419921875,100.55313873291016,39.55510330200195,49.82067108154297,140.70375061035156,114.96300506591797,79.57929229736328,39.92198944091797,39.15091323852539,129.1762237548828,106.59747314453125
2025-05-29,101.99740600585938,96.05343627929688,42.547481536865234,114.24266815185547,54.70234298706055,137.55186462402344,132.4862823486328,92.25230407714844,158.43374633789062,187.81883239746094,355.0624694824219,111.70643615722656,120.88300323486328,606.5253295898438,239.0752410888672,267.0719909667969,85.90371704101562,170.6260223388672,42.33560562133789,99.74317932128906,39.850608825683594,50.076717376708984,140.83201599121094,115.15690612792969,79.9004135131836,40.28921890258789,39.42316436767578,130.0408172607422,106.6421127319336
2025-05-30,102.99469757080078,96.1927261352539,42.235923767089844,114.24266815185547,54.791160583496094,137.6311798095703,132.5946044921875,92.34998321533203,158.01437377929688,187.65145874023438,353.1568908691406,110.85230255126953,121.03073120117188,603.7771606445312,239.49774169921875,266.63653564453125,85.90371704101562,172.16319274902344,42.340511322021484,100.15803527832031,39.49696731567383,50.18504333496094,140.9208221435547,114.7989501953125,80.60104370117188,40.327880859375,39.826683044433594,130.31590270996094,106.06169891357422
2025-06-02,103.35646057128906,96.41162872314453,42.761680603027344,114.54782104492188,54.83064270019531,137.31385803222656,134.022705078125,92.39883422851562,159.4522247314453,188.60647583007812,353.45465087890625,112.2208480834961,121.14893341064453,609.2636108398438,240.01849365234375,266.1812438964844,86.01912689208984,172.70802307128906,42.59061050415039,100.65190124511719,40.01532745361328,50.20473861694336,140.74319458007812,115.81314086914062,80.64970397949219,40.385860443115234,39.953086853027344,130.39450073242188,106.30974578857422
2025-06-03,103.52267456054688,96.94889831542969,43.29718017578125,114.79393768310547,54.98854064941406,138.67242431640625,135.61819458007812,92.21324157714844,161.45924377441406,190.7625732421875,355.45941162109375,113.77381896972656,121.65125274658203,618.9718627929688,240.74560546875,269.2396545410156,85.84601593017578,173.06797790527344,43.02705764770508,100.36546325683594,40.49008560180664,50.30322265625,141.8285675048828,117.5531997680664,80.57185363769531,40.24090576171875,40.0600471496582,130.69908142089844,106.87527465820312
2025-06-04,101.88008117675781,96.87925720214844,42.48906326293945,113.8587417602539,55.12670135498047,138.94015502929688,136.13035583496094,92.45744323730469,162.03839111328125,191.39266967773438,354.59600830078125,111.65790557861328,120.92239379882812,620.6446533203125,241.20738220214844,269.3782043457031,86.08645629882812,170.19793701171875,43.18889236450195,101.00749969482422,39.700435638427734,50.01762771606445,141.90753173828125,117.72721099853516,80.00745391845703,40.36653518676758,39.35996627807617,130.95449829101562,106.5925064086914
2025-06-05,101.72364807128906,95.6256103515625,42.46958923339844,113.53387451171875,55.08722686767578,138.77157592773438,135.50985717773438,92.37928771972656,161.56907653808594,190.88072204589844,346.3585205078125,111.54142761230469,120.62691497802734,617.8666381835938,241.06983947753906,269.2594299316406,86.01912689208984,169.93527221679688,42.93389129638672,101.14579010009766,39.661678314208984,49.8797607421875,141.80885314941406,117.39411163330078,79.23871612548828,40.356868743896484,39.2967643737793,130.7776641845703,103.90375518798828
2025-06-06,102.02674865722656,96.53102111816406,43.2776985168457,115.1286392211914,55.57079315185547,140.03099060058594,136.0318603515625,92.76025390625,163.29649353027344,191.36312866210938,350.80474853515625,113.68645477294922,122.32102966308594,623.7413940429688,243.34934997558594,271.67449951171875,86.43268585205078,170.54820251464844,43.04667663574219,102.43972778320312,40.4077262878418,50.500179290771484,143.0027313232422,118.5027847290039,79.4917221069336,40.472835540771484,39.47178649902344,132.02540588378906,105.25308990478516
2025-06-09,101.32276916503906,96.88919830322266,43.26796340942383,114.32141876220703,55.491844177246094,139.8425750732422,137.0364227294922,92.85794067382812,163.9055633544922,192.65286254882812,354.1195983886719,113.8902816772461,121.74974822998047,626.4498291015625,243.03494262695312,271.605224609375,86.548095703125,169.70176696777344,43.33600997924805,102.1434097290039,40.48523712158203,50.22444152832031,142.87448120117188,119.08445739746094,79.38467407226562,40.45351028442383,39.21897888183594,131.7994384765625,106.09642028808594
2025-06-10,101.55744171142578,97.61553192138672,44.01765823364258,114.21311950683594,56.103702545166016,139.94171142578125,137.74554443359375,93.68826293945312,164.7343292236328,193.59803771972656,358.18865966796875,115.76354217529297,121.85809326171875,629.0685424804688,245.8548583984375,270.7441101074219,87.28864288330078,170.19793701171875,43.60572814941406,103.43736267089844,41.207061767578125,50.28352355957031,142.25283813476562,119.75064849853516,79.5598373413086,40.81108093261719,39.31135177612305,133.3026123046875,107.36638641357422
2025-06-11,101.59654235839844,97.02849578857422,44.66999053955078,113.98670959472656,56.08396911621094,139.9219207763672,136.4750518798828,93.19984436035156,164.2450714111328,191.619140625,355.2807312011719,117.55915832519531,121.73004913330078,626.5792846679688,245.63868713378906,270.6352233886719,86.8173828125,170.46063232421875,43.17417907714844,103.20030975341797,41.80293655395508,50.22444152832031,142.32192993164062,119.48715209960938,79.2873764038086,40.588802337646484,39.33565902709961,133.3714141845703,106.5180892944336
2025-06-12,102.84803771972656,96.53102111816406,44.84524154663086,114.14421081542969,56.49845504760742,139.58474731445312,137.11521911621094,93.67848205566406,165.49322509765625,192.4461212158203,353.42486572265625,118.0056381225586,121.70050811767578,631.0799560546875,247.18133544921875,270.071044921875,87.24054718017578,172.38694763183594,43.35562515258789,102.36071014404297,41.948265075683594,50.22444152832031,141.94699096679688,120.59580993652344,79.75445556640625,40.81108093261719,39.81209945678711,134.41282653808594,106.01705932617188
2025-06-13,102.2418441772461,95.35696411132812,45.653350830078125,112.58882904052734,56.15304946899414,136.9271240234375,136.27806091308594,92.85794067382812,163.036865234375,189.65989685058594,349.5344543457031,120.12154388427734,119.14949035644531,620.6248168945312,245.90399169921875,267.5174560546875,86.39421844482422,171.27784729003906,42.85051727294922,101.3235855102539,42.679786682128906,49.200252532958984,140.7530517578125,118.90547943115234,78.78136444091797,40.48249816894531,39.58360290527344,133.7447509765625,105.03977966308594
2025-06-16,101.7442855834961,96.52075958251953,45.51616668701172,113.83522033691406,56.022396087646484,138.22068786621094,137.22088623046875,92.88249206542969,165.74026489257812,191.19578552246094,354.14935302734375,119.84007263183594,120.57766723632812,631.1396484375,245.275146484375,269.50689697265625,86.46154022216797,170.46063232421875,43.21341323852539,103.06201934814453,42.553829193115234,49.7615852355957,141.72003173828125,120.82947540283203,79.03436279296875,40.52116012573242,39.38913345336914,133.3321075439453,106.17084503173828
2025-06-17,101.0166244506836,95.29518127441406,45.82973098754883,112.8772201538086,55.09199142456055,137.27682495117188,136.07447814941406,92.53881072998047,164.73126220703125,189.6402130126953,348.4228820800781,120.96595764160156,119.7010498046875,626.4995727539062,241.3842315673828,267.3887634277344,86.15377807617188,169.2250518798828,42.79167175292969,102.15328216552734,42.95107650756836,49.47599792480469,140.65440368652344,119.974365234375,78.36292266845703,40.356868743896484,39.06340408325195,131.13136291503906,104.34031677246094
2025-06-18,101.23295593261719,95.31512451171875,45.545562744140625,114.0623779296875,54.993011474609375,136.0448455810547,135.7582244873047,92.84321594238281,164.98101806640625,189.14794921875,348.63128662109375,120.23800659179688,119.92759704589844,628.4910278320312,241.16807556152344,267.13140869140625,86.4519271850586,169.73097229003906,42.66907501220703,102.20266723632812,42.67009735107422,49.456302642822266,140.3189239501953,120.11853790283203,78.265625,40.43418502807617,39.165496826171875,130.9053955078125,104.3899154663086
2025-06-20,101.3509521484375,95.51438903808594,45.957122802734375,114.55620574951172,54.79505157470703,135.81634521484375,134.50315856933594,92.84321594238281,163.95199584960938,187.730224609375,348.8694763183594,121.25714111328125,120.31172943115234,625.7926025390625,240.02828979492188,267.26007080078125,86.39421844482422,170.0033721923828,42.37974166870117,101.58038330078125,43.10609817504883,49.59416961669922,140.47679138183594,119.58657836914062,78.83973693847656,40.424522399902344,39.272457122802734,130.27659606933594,104.51393127441406
2025-06-23,102.61944580078125,96.98905181884766,44.81064224243164,115.71174621582031,54.83464431762695,137.8332061767578,135.93614196777344,94.13938903808594,165.5604705810547,190.30970764160156,355.1716003417969,118.06387329101562,121.79901123046875,632.4341430664062,240.26412963867188,270.7243347167969,87.69258117675781,172.2021026611328,42.851932525634766,102.86659240722656,42.016014099121094,50.21868896484375,142.37901306152344,120.95006561279297,79.75289154052734,41.01447677612305,39.77031707763672,130.46417236328125,106.58548736572266
2025-06-24,103.04226684570312,97.93563842773438,44.31089782714844,117.23269653320312,55.517601013183594,139.5122833251953,137.05287170410156,94.51252746582031,168.4476776123047,191.81602478027344,357.2756042480469,116.7729721069336,123.5817642211914,643.815185546875,243.46726989746094,273.5451965332031,87.92340087890625,172.8734130859375,43.206817626953125,104.19339752197266,41.469024658203125,50.96969985961914,143.56663513183594,123.12126922607422,79.68431091308594,41.209503173828125,39.941654205322266,132.06338500976562,107.17707824707031
2025-06-25,101.54761505126953,97.02892303466797,44.09531784057617,117.01542663574219,55.56709289550781,138.15115356445312,136.1930694580078,92.37187957763672,169.9961700439453,190.1915283203125,353.14697265625,116.12266540527344,123.2370376586914,649.23193359375,243.388671875,270.9915771484375,85.80754089355469,170.5384521484375,42.792781829833984,104.17359161376953,41.2883186340332,50.80171203613281,142.29983520507812,124.17200469970703,78.6163558959961,40.205108642578125,39.408058166503906,132.18182373046875,105.91436004638672
2025-06-26,102.2949447631836,98.01535034179688,44.771446228027344,118.26972198486328,55.666072845458984,139.2539825439453,138.2091522216797,92.26386260986328,171.44479370117188,192.50018310546875,356.9983825683594,117.75923919677734,124.37599182128906,654.8269653320312,243.9331512451172,274.2017517089844,85.7279052734375,171.89637756347656,43.265960693359375,105.3815689086914,41.87926483154297,51.177215576171875,143.84376525878906,125.0285415649414,78.54777526855469,39.95157241821289,39.73604965209961,132.49774169921875,106.88874053955078
2025-06-27,102.42277526855469,99.2010498046875,44.49707794189453,118.50675201416016,55.59678649902344,140.63499450683594,137.75454711914062,92.43079376220703,171.60462951660156,192.56939697265625,362.3185729980469,117.18208312988281,124.71214294433594,654.438232421875,243.59779357910156,276.77191162109375,85.94157409667969,172.298095703125,43.32017517089844,106.61925506591797,41.65949630737305,51.325439453125,145.27883911132812,124.879150390625,78.92008972167969,40.09784698486328,39.81438064575195,132.21144104003906,108.66848754882812
2025-06-30,102.82593536376953,99.28076934814453,44.31089782714844,119.49440002441406,55.903621673583984,141.39007568359375,138.3672637939453,93.05924224853516,173.10317993164062,192.6287078857422,360.29986572265625,116.52667999267578,125.8590087890625,661.15673828125,244.958984375,277.92303466796875,86.49515533447266,172.93490600585938,43.28074645996094,107.46088409423828,41.4201774597168,51.75035095214844,146.00132751464844,126.10417938232422,79.33158874511719,40.390384674072266,39.975929260253906,133.06040954589844,108.0420913696289
2025-07-01,103.08160400390625,99.53984069824219,44.575469970703125,120.19561004638672,56.6855583190918,142.44320678710938,140.94664001464844,93.71715545654297,171.2150115966797,197.0185546875,362.0301818847656,117.32882690429688,126.67962646484375,654.3385620117188,247.84910583496094,279.0046691894531,87.12643432617188,173.4149932861328,44.39960479736328,106.69847869873047,41.737632751464844,52.03691864013672,146.4862823486328,124.97874450683594,80.32115173339844,40.663429260253906,40.112998962402344,134.95579528808594,108.50442504882812
2025-07-02,102.10810852050781,99.93838500976562,45.32998275756836,120.2647476196289,56.240150451660156,142.85057067871094,143.08131408691406,93.9822769165039,173.0432586669922,199.88577270507812,365.1327819824219,119.32440948486328,126.87735748291016,662.6419067382812,246.1919708251953,279.9771423339844,87.33039093017578,172.0629425048828,45.06501007080078,106.39151763916016,42.45556640625,51.99739456176758,146.63473510742188,126.29839324951172,80.5562973022461,40.74143981933594,39.76542282104492,133.62310791015625,109.3744125366211
2025-07-03,102.96360778808594,100.49637603759766,45.437774658203125,121.44992065429688,56.269840240478516,143.99313354492188,143.01214599609375,94.0706558227539,175.3410186767578,200.17250061035156,367.42987060546875,119.55918884277344,128.1132049560547,671.8623046875,246.56678771972656,282.2892761230469,87.42749786376953,173.38560485839844,45.035438537597656,106.97571563720703,42.50440216064453,52.56064987182617,147.88177490234375,127.96165466308594,80.51710510253906,40.76094055175781,40.06403732299805,133.76132202148438,109.9709701538086
2025-07-07,103.06192779541016,99.85868072509766,44.9576301574707,120.32402038574219,55.70566177368164,143.08901977539062,141.638427734375,93.30472564697266,174.05227661132812,197.87872314453125,362.5273742675781,118.32660675048828,126.98611450195312,665.9412841796875,244.12054443359375,281.0786437988281,86.6796875,173.58155822753906,44.60169219970703,105.94596099853516,42.09415817260742,52.05668640136719,147.36712646484375,126.9457778930664,80.44851684570312,40.44889450073242,40.14727020263672,132.6359405517578,108.57402801513672
2025-07-08,101.97044372558594,99.43022918701172,46.07470703125,119.36599731445312,55.982810974121094,142.95986938476562,142.05349731445312,93.20653533935547,174.70164489746094,198.99594116210938,361.4931945800781,121.40803527832031,125.97765350341797,669.0811767578125,245.23516845703125,281.12823486328125,86.55343627929688,171.8669891357422,44.9664306640625,105.7281265258789,43.22721862792969,51.592247009277344,147.32754516601562,127.62801361083984,79.70389556884766,40.390384674072266,39.72136306762695,133.2381134033203,108.2061538696289
2025-07-09,102.86527252197266,99.79889678955078,45.81993103027344,119.75119018554688,56.25004959106445,143.85403442382812,142.71563720703125,93.30472564697266,176.13027954101562,200.06375122070312,363.8996887207031,120.72328186035156,126.41267395019531,674.6831665039062,246.87257385253906,283.2419128417969,86.62141418457031,173.42478942871094,45.23752212524414,106.00537109375,43.00743865966797,51.779998779296875,148.3568115234375,128.3948974609375,79.18462371826172,40.37088394165039,40.09341812133789,133.75143432617188,108.84745025634766
2025-07-10,103.64208984375,100.45651245117188,46.153099060058594,120.56104278564453,56.6756591796875,144.22166442871094,143.98062133789062,93.8055191040039,175.5508270263672,201.5863494873047,367.5989685058594,121.71128845214844,127.223388671875,672.4204711914062,248.23377990722656,284.65106201171875,87.165283203125,174.6494598388672,45.47903823852539,105.64891815185547,43.33466339111328,52.08633041381836,149.1881866455078,127.97163391113281,79.46875762939453,40.57566452026367,40.421409606933594,134.57080078125,110.0505142211914
2025-07-11,103.53392791748047,100.11774444580078,46.34907913208008,119.79068756103516,56.111480712890625,142.87045288085938,143.33824157714844,93.76624298095703,174.9114532470703,200.03408813476562,367.21112060546875,122.36669921875,125.8787841796875,668.1841430664062,245.7283477783203,283.549560546875,87.17500305175781,174.43392944335938,45.109371185302734,104.96571350097656,43.53001403808594,51.5428352355957,148.6537322998047,127.40890502929688,79.17481994628906,40.536659240722656,40.36266326904297,133.4552764892578,110.08033752441406
2025-07-14,104.00592041015625,100.64583587646484,45.8983268737793,120.64005279541016,56.13127136230469,143.59571838378906,143.2196502685547,94.32595825195312,175.08126831054688,199.1739044189453,368.6231994628906,121.10478973388672,126.88723754882812,668.2139282226562,245.9256591796875,285.0082702636719,87.73828887939453,175.32546997070312,44.85799789428711,105.99546813964844,43.051395416259766,51.928218841552734,149.4553985595703,127.3043212890625,79.24340057373047,40.809696197509766,40.524208068847656,133.29734802246094,110.48799133300781
2025-07-15,102.99310302734375,99.40033721923828,45.24179458618164,118.4573745727539,55.07219314575195,142.1451873779297,140.5809783935547,92.99050903320312,176.59982299804688,195.30807495117188,363.1439208984375,119.25593566894531,124.57373046875,673.8858032226562,241.2501678466797,282.3587646484375,86.44659423828125,173.5227508544922,43.93628692626953,104.94590759277344,42.43114471435547,51.03887176513672,148.3370361328125,128.43475341796875,78.44979858398438,40.28312301635742,40.137474060058594,130.89852905273438,108.90711212158203
2025-07-16,103.06192779541016,99.45015716552734,44.82044219970703,119.47464752197266,55.78484344482422,142.94993591308594,141.11465454101562,93.91354370117188,176.96945190429688,195.7332305908203,363.830078125,118.13096618652344,125.62171936035156,676.8761596679688,244.2093505859375,283.67852783203125,87.26240539550781,173.69911193847656,44.05458068847656,105.26274871826172,42.06485366821289,51.39461135864258,148.861572265625,128.83311462402344,78.72412872314453,40.7219352722168,40.15705490112305,132.52734375,109.10595703125
2025-07-17,103.45526123046875,100.1376724243164,45.10460662841797,120.91659545898438,55.1513786315918,144.27133178710938,142.2412567138672,93.78589630126953,178.51797485351562,197.31515502929688,365.6299743652344,118.98202514648438,127.00588989257812,683.7241821289062,241.87161254882812,286.82427978515625,87.165283203125,174.31634521484375,44.36510467529297,105.62911224365234,42.323699951171875,51.888694763183594,150.23727416992188,130.00338745117188,79.46875762939453,40.68293380737305,40.32350158691406,131.01698303222656,109.47881317138672
2025-07-18,105.18590545654297,100.19745635986328,44.84983825683594,121.07461547851562,54.785152435302734,143.91366577148438,142.88365173339844,94.0706558227539,178.54794311523438,197.8193817138672,368.2254333496094,118.25814056396484,127.01576232910156,683.33544921875,240.01719665527344,286.11968994140625,87.34981536865234,177.43194580078125,44.46861267089844,105.1439437866211,41.98182678222656,51.91834259033203,149.90078735351562,129.91873168945312,79.25321197509766,40.799949645996094,40.99906921386719,130.1482696533203,110.4482192993164
2025-07-21,105.35307312011719,100.56611633300781,44.261898040771484,120.54129791259766,54.4486198425293,143.28773498535156,143.95098876953125,94.33577728271484,179.0374755859375,198.66966247558594,369.71710205078125,116.65383911132812,126.61039733886719,684.2922973632812,238.65599060058594,284.4922790527344,87.70915985107422,177.91201782226562,44.69533920288086,106.5499496459961,41.54716110229492,51.77011489868164,149.1090087890625,130.0880584716797,79.24340057373047,40.95596694946289,41.13124084472656,129.4079132080078,110.97020721435547
2025-07-22,106.66089630126953,101.12409210205078,44.48727798461914,121.07461547851562,55.53739929199219,144.02294921875,145.947265625,96.02472686767578,177.25918579101562,201.2996368408203,374.12237548828125,117.348388671875,127.28271484375,677.61376953125,243.01580810546875,285.1075134277344,89.21452331542969,180.03807067871094,45.311458587646484,106.79749298095703,41.742515563964844,52.05668640136719,149.46530151367188,128.88291931152344,79.96843719482422,41.667823791503906,41.635475158691406,131.8166046142578,112.09373474121094
2025-07-23,106.05122375488281,101.46287536621094,45.14380645751953,122.12151336669922,56.6756591796875,146.0894775390625,145.99668884277344,96.24075317382812,178.4080810546875,201.99171447753906,376.4493408203125,119.26571655273438,128.14285278320312,682.9965209960938,247.97731018066406,290.1882629394531,89.38933563232422,178.82318115234375,45.46425247192383,107.38167572021484,42.39695739746094,52.47171401977539,152.14739990234375,129.6199493408203,79.99783325195312,41.78483963012695,41.322166442871094,134.5214385986328,112.62567138671875
2025-07-24,106.0020751953125,100.36683654785156,45.48676681518555,122.11164093017578,56.457908630371094,145.6424102783203,144.71194458007812,95.99526977539062,179.29722595214844,200.16261291503906,369.8861083984375,120.15591430664062,127.94511413574219,684.9302978515625,246.73448181152344,289.9004821777344,89.07855224609375,178.5390625,44.996002197265625,107.55989837646484,42.69976043701172,52.44206619262695,151.8900909423828,130.167724609375,79.71369171142578,41.7263298034668,41.268314361572266,134.01795959472656,110.76142120361328
2025-07-25,106.26756286621094,101.05435180664062,45.30059051513672,122.93138122558594,56.77463912963867,147.2221221923828,146.43153381347656,95.97562408447266,179.8067169189453,202.37730407714844,372.91912841796875,119.5689697265625,128.82505798339844,686.4853515625,248.08583068847656,293.2347412109375,89.08826446533203,178.96034240722656,45.5283317565918,106.55985260009766,42.5385856628418,52.80769348144531,153.39443969726562,130.4665069580078,79.85086059570312,41.7263298034668,41.376007080078125,134.72874450683594,111.79048156738281
2025-07-28,105.19573974609375,101.33334350585938,45.82973098754883,122.00299835205078,56.32923126220703,146.6458740234375,144.32650756835938,94.35541534423828,181.11546325683594,199.5298309326172,374.9278259277344,121.05587768554688,128.07363891601562,691.9178466796875,246.01441955566406,292.3515625,87.66060638427734,177.22618103027344,44.867855072021484,105.98556518554688,43.0220947265625,52.44206619262695,152.9193572998047,131.50729370117188,79.02786254882812,41.00472640991211,40.935428619384766,133.5540008544922,112.44172668457031
2025-07-29,106.58222198486328,100.40669250488281,46.28048324584961,121.5486831665039,55.903621673583984,145.20523071289062,143.51614379882812,95.95599365234375,180.86570739746094,198.72900390625,371.84515380859375,122.1514892578125,127.4013442993164,690.7117309570312,244.34742736816406,289.5332946777344,89.06884765625,179.0779266357422,44.69533920288086,105.07463073730469,43.442108154296875,52.175262451171875,151.177490234375,131.5122833251953,79.5471420288086,41.68732833862305,41.40538787841797,132.7050323486328,111.66619873046875
2025-07-30,107.0542221069336,100.1277084350586,45.65335464477539,121.36103057861328,55.76504898071289,144.38063049316406,140.7193603515625,94.57144165039062,181.2653350830078,194.892822265625,369.5877990722656,120.47872924804688,127.04542541503906,692.2268676757812,244.1698760986328,288.4616394042969,87.80628204345703,180.37118530273438,43.79335021972656,105.40137481689453,42.82185745239258,52.076446533203125,150.43521118164062,131.80609130859375,78.84171295166016,41.10224151611328,41.71379470825195,132.46812438964844,110.96026611328125
2025-07-31,107.44754028320312,99.61954498291016,45.41817855834961,120.64005279541016,54.290252685546875,143.90371704101562,138.9503631591797,93.1672592163086,181.13543701171875,192.61883544921875,367.4994812011719,119.78417205810547,126.33358001708984,688.259521484375,238.19236755371094,287.757080078125,86.57284545898438,181.48809814453125,43.24131393432617,106.35192108154297,42.59231185913086,51.75035095214844,150.44509887695312,130.83999633789062,78.1656723022461,40.38063430786133,41.938987731933594,128.75636291503906,110.08033752441406
2025-08-01,107.47705078125,97.76625061035156,44.65385818481445,118.40799713134766,54.606990814208984,141.54904174804688,137.3197021484375,93.03960418701172,177.06936645507812,191.0270233154297,357.60498046875,117.51468658447266,123.81243896484375,672.2411499023438,239.10972595214844,283.212158203125,86.35919189453125,181.546875,42.74349594116211,105.07463073730469,41.80112075805664,50.791831970214844,148.19847106933594,128.01644897460938,78.53797912597656,40.26361846923828,42.002628326416016,129.44740295410156,107.42565155029297
2025-08-04,109.31585693359375,98.9320297241211,44.575469970703125,119.57340240478516,55.38892364501953,143.12876892089844,139.3456573486328,93.9822769165039,181.01556396484375,193.72618103027344,361.6025695800781,117.32882690429688,125.34489440917969,687.5219116210938,242.60153198242188,286.1990966796875,87.24298095703125,184.7898406982422,43.31032180786133,107.09453582763672,41.70833206176758,51.29579544067383,149.5642547607422,130.61590576171875,78.92008972167969,40.60491943359375,42.746726989746094,131.3032684326172,108.68836975097656
2025-08-05,108.19486999511719,98.82242584228516,44.62445831298828,119.4845199584961,55.16127395629883,142.30413818359375,141.0158233642578,94.21794128417969,179.62692260742188,195.56515502929688,362.20916748046875,117.6222915649414,124.87033081054688,681.3617553710938,241.85186767578125,286.1494445800781,87.64117431640625,182.95773315429688,43.615909576416016,106.26280212402344,41.762054443359375,51.08828353881836,149.2574462890625,129.53529357910156,78.84171295166016,40.74143981933594,42.29145431518555,130.79981994628906,108.82756805419922
2025-08-06,107.3885498046875,100.46648406982422,44.22270584106445,119.9487075805664,54.319950103759766,142.27430725097656,140.46240234375,93.55021667480469,181.5850067138672,194.1315460205078,369.0209655761719,116.59515380859375,125.37455749511719,689.6351318359375,238.31076049804688,285.9906921386719,86.96133422851562,181.468505859375,43.14273452758789,106.66876983642578,41.376224517822266,51.335323333740234,149.37623596191406,130.99436950683594,79.96843719482422,40.40013885498047,41.91450881958008,128.83534240722656,111.08953094482422
2025-08-07,108.49969482421875,100.38677215576172,44.056121826171875,118.97095489501953,53.80525588989258,141.63845825195312,141.04547119140625,93.91354370117188,181.93467712402344,196.35610961914062,369.4386291503906,116.08647155761719,124.11892700195312,690.9808959960938,235.86451721191406,285.64337158203125,87.21385192871094,183.24183654785156,43.33003616333008,106.21329498291016,41.215057373046875,50.76218032836914,149.15850830078125,131.1138916015625,80.57588958740234,40.5561637878418,42.36978530883789,127.35457611083984,111.05472564697266
2025-08-08,108.07687377929688,100.07788848876953,44.27170181274414,119.93883514404297,54.26055908203125,142.01600646972656,141.60877990722656,93.08870697021484,183.74293518066406,197.5128936767578,369.08062744140625,116.68318939208984,125.22625732421875,697.1112060546875,237.87673950195312,285.5540466308594,86.49515533447266,182.5070343017578,43.54690170288086,106.56975555419922,41.478790283203125,51.23650360107422,149.2772674560547,132.42359924316406,80.81103515625,40.224613189697266,42.18864822387695,128.48983764648438,111.24861145019531
2025-08-11,107.87037658691406,100.26719665527344,43.92873764038086,119.93883514404297,54.30015563964844,141.49935913085938,141.10476684570312,92.46025848388672,182.7239227294922,196.840576171875,369.7071228027344,115.79300689697266,125.20647430419922,693.0343017578125,238.0641632080078,284.7204895019531,85.92214965820312,181.98776245117188,43.44832992553711,107.11434173583984,41.14668655395508,51.21674728393555,148.79229736328125,131.52720642089844,80.7424545288086,39.99057388305664,42.056480407714844,128.61814880371094,111.53694915771484
2025-08-12,108.13587188720703,101.50272369384766,44.16390609741211,121.58819580078125,54.74555969238281,143.27780151367188,142.8441162109375,92.80393981933594,185.33140563964844,199.84622192382812,374.80853271484375,116.49732208251953,127.01576232910156,703.8096923828125,240.13555908203125,288.75927734375,86.40775299072266,182.83033752441406,44.01515579223633,109.16394805908203,41.346927642822266,51.83928680419922,150.3362274169922,133.56394958496094,80.95799255371094,40.058841705322266,42.237606048583984,129.50662231445312,112.72012329101562
2025-08-13,108.26371002197266,102.51905822753906,44.65385818481445,121.99311828613281,55.64627456665039,144.74822998046875,145.0084228515625,93.66805267333984,185.15158081054688,203.52420043945312,380.5364074707031,117.73967742919922,127.71772003173828,705.0257568359375,244.2685089111328,290.2378845214844,87.21385192871094,183.28103637695312,44.84320831298828,110.01547241210938,41.82554244995117,52.13573455810547,150.91026306152344,133.61375427246094,80.95799255371094,40.32212448120117,42.33061981201172,131.57965087890625,114.2662124633789
2025-08-14,107.50655364990234,102.41941833496094,44.604862213134766,122.42768096923828,55.903621673583984,143.69508361816406,144.16839599609375,92.97087097167969,184.7219696044922,201.51715087890625,379.8701477050781,117.61251831054688,128.26150512695312,702.2147827148438,245.22531127929688,287.3501892089844,86.59228515625,182.02694702148438,44.374961853027344,110.10458374023438,41.78647232055664,52.38277816772461,149.5741729736328,133.324951171875,80.23296356201172,40.039337158203125,42.036895751953125,132.24107360839844,114.13694763183594
2025-08-15,107.19189453125,102.34966278076172,44.64405822753906,121.0844955444336,56.843929290771484,142.8207550048828,144.11898803710938,93.56985473632812,183.7729034423828,201.40838623046875,379.16412353515625,117.45599365234375,126.88723754882812,697.8088989257812,249.10179138183594,285.9013671875,87.08758544921875,181.468505859375,44.374961853027344,110.38182830810547,41.78647232055664,51.83928680419922,148.8912811279297,132.31402587890625,80.36034393310547,40.3026237487793,41.91450881958008,134.4622039794922,113.863525390625
2025-08-18,106.77888488769531,102.78807830810547,44.41868591308594,121.23263549804688,56.695457458496094,143.17845153808594,143.52603149414062,92.6566390991211,183.8428497314453,200.2713623046875,380.5264892578125,116.84947967529297,127.0355453491211,699.8324584960938,248.5987548828125,287.2608947753906,86.34947967529297,180.59652709960938,44.11865997314453,109.70852661132812,41.53739929199219,51.87881088256836,149.47518920898438,132.59786987304688,80.25257873535156,39.92231750488281,41.73337936401367,134.1463165283203,114.3208999633789
2025-08-19,107.86054992675781,102.7083740234375,44.40888214111328,121.2918930053711,56.99239730834961,143.31752014160156,143.49636840820312,94.3161392211914,180.356201171875,201.24029541015625,379.7408752441406,116.6929702758789,127.04542541503906,686.60498046875,249.7626953125,287.4295959472656,87.83541870117188,182.3306884765625,44.384822845458984,109.09463500976562,41.55204391479492,51.97762680053711,149.8018035888672,130.28225708007812,81.0755615234375,40.63417053222656,42.13969802856445,135.00514221191406,114.2662124633789
2025-08-20,107.91954803466797,102.0208511352539,44.781246185302734,121.74620819091797,57.27943801879883,143.20823669433594,144.01026916503906,94.66963958740234,179.097412109375,201.20074462890625,375.6836242675781,117.72989654541016,127.57930755615234,681.70068359375,251.16336059570312,286.59600830078125,88.08792877197266,182.46783447265625,44.4193229675293,108.76788330078125,41.898799896240234,52.24443435668945,149.66323852539062,129.4008331298828,81.53605651855469,40.79019546508789,42.183753967285156,135.7356414794922,113.1377182006836
2025-08-21,107.25088500976562,101.23370361328125,45.045814514160156,121.36103057861328,57.10127258300781,142.8605194091797,144.35618591308594,94.25721740722656,178.42807006835938,201.6357879638672,373.8240661621094,118.59073638916016,127.17395782470703,679.896484375,250.62083435058594,285.64337158203125,87.8257064819336,181.30194091796875,44.552406311035156,108.64906311035156,42.18695068359375,52.076446533203125,149.1287841796875,128.9327392578125,80.80123138427734,40.643924713134766,41.894927978515625,135.2815399169922,112.46658325195312
2025-08-22,107.77204132080078,103.55530548095703,45.966922760009766,123.41532135009766,57.63576126098633,145.7417755126953,147.0343780517578,95.95599365234375,181.2353515625,205.79820251464844,385.9162292480469,121.08522033691406,129.67530822753906,691.94775390625,252.9684295654297,291.3492736816406,89.52530670166016,182.37966918945312,45.4346809387207,110.2135009765625,43.046512603759766,52.936153411865234,151.5634765625,130.68064880371094,80.80123138427734,41.287513732910156,42.120113372802734,136.3970489501953,115.88189697265625
2025-08-25,106.46422576904297,103.20657348632812,46.094303131103516,122.71410369873047,56.79444122314453,144.48989868164062,146.46116638183594,95.40609741210938,180.99559020996094,204.70074462890625,385.09088134765625,121.46672821044922,128.96348571777344,690.2631225585938,249.19058227539062,288.7096862792969,89.01056671142578,180.3809814453125,45.18330383300781,110.39173126220703,43.158843994140625,52.629817962646484,150.04922485351562,130.38682556152344,79.41976165771484,41.08273696899414,41.645259857177734,134.4523162841797,115.64824676513672
2025-08-26,106.81822204589844,103.47559356689453,45.996315002441406,123.6424789428711,57.15076446533203,145.6324920654297,146.91578674316406,95.08206176757812,181.69491577148438,205.41261291503906,386.6719970703125,121.26129913330078,129.9027099609375,693.8018188476562,250.8477020263672,291.4485168457031,88.77748107910156,180.7434844970703,45.30652618408203,109.90656280517578,43.09047317504883,53.034969329833984,151.59317016601562,130.9844207763672,78.9004898071289,40.96571731567383,41.73827362060547,135.29141235351562,116.18017578125
2025-08-27,106.9952163696289,103.67487335205078,46.496063232421875,123.8893814086914,57.170555114746094,145.6026611328125,147.5087432861328,95.58284759521484,182.67398071289062,205.788330078125,387.3283386230469,122.62104034423828,130.08067321777344,698.6761474609375,250.95620727539062,291.48822021484375,89.33106994628906,181.05702209472656,45.419891357421875,110.09469604492188,43.573974609375,53.1436653137207,151.5733642578125,131.69155883789062,79.13562774658203,41.14124298095703,41.74806594848633,135.2124481201172,116.20502471923828
2025-08-28,106.16922760009766,103.8442611694336,46.83902359008789,124.05728912353516,56.92311096191406,145.85105895996094,147.4988555908203,95.34718322753906,184.37234497070312,205.7784423828125,387.8553771972656,123.56013488769531,130.22897338867188,705.6039428710938,250.10791015625,291.9149475097656,89.09796905517578,179.80294799804688,45.419891357421875,110.51054382324219,43.90607452392578,53.21283721923828,151.84059143066406,132.7323455810547,78.6359634399414,41.03398132324219,41.42985916137695,134.67935180664062,116.40387725830078
2025-08-29,105.93323516845703,103.07703399658203,47.06439971923828,124.1758041381836,57.27943801879883,145.22511291503906,147.34072875976562,95.87743377685547,181.614990234375,206.00582885742188,383.7086181640625,124.12751770019531,130.4761505126953,694.7886962890625,251.6072235107422,289.07684326171875,89.58358001708984,178.98976135253906,45.48396682739258,110.29270935058594,44.145389556884766,53.3511848449707,150.44509887695312,130.69558715820312,79.14542388916016,41.25826644897461,41.27810287475586,135.66653442382812,115.20579528808594
2025-09-02,105.48090362548828,102.53897857666016,47.15259552001953,123.27705383300781,57.39821243286133,143.82423400878906,146.54022216796875,94.23758697509766,179.78675842285156,204.39425659179688,380.47674560546875,124.40141296386719,129.48745727539062,687.6017456054688,252.16946411132812,286.685302734375,88.0976333618164,178.38229370117188,45.14386749267578,110.10458374023438,44.20887756347656,52.95591735839844,149.01002502441406,129.37591552734375,79.01806640625,40.5561637878418,41.14103317260742,135.7948760986328,114.34574890136719
2025-09-03,105.26457977294922,102.93753814697266,46.17269515991211,123.10914611816406,57.13096618652344,143.21817016601562,145.79904174804688,94.29649353027344,181.6449737548828,203.16827392578125,381.87890625,121.76998901367188,129.26995849609375,690.6818237304688,251.26197814941406,285.2166748046875,88.14620208740234,178.05899047851562,44.83828353881836,111.94625854492188,43.21745300292969,52.866981506347656,148.25784301757812,130.14781188964844,78.95927429199219,40.44889450073242,41.038230895996094,135.15322875976562,114.80809020996094
2025-09-04,105.16624450683594,104.37235260009766,46.476463317871094,124.55110931396484,57.37841796875,144.73828125,146.33270263671875,94.96422576904297,182.6939239501953,203.98890686035156,389.506103515625,122.63082885742188,130.66400146484375,695.3069458007812,252.238525390625,288.45166015625,88.80662536621094,177.80422973632812,45.01079177856445,112.95621490478516,43.50559997558594,53.42035675048828,149.9304656982422,130.79022216796875,79.00826263427734,40.7219352722168,40.98927688598633,135.66653442382812,116.90599060058594
2025-09-05,104.70408630371094,104.20295715332031,45.61415481567383,122.38817596435547,57.615962982177734,144.3110809326172,146.9454345703125,95.99526977539062,182.66397094726562,205.80810546875,390.0132751464844,120.34175872802734,128.50868225097656,696.5529174804688,253.5010986328125,287.9356689453125,89.80695343017578,177.40255737304688,45.32624053955078,113.5602035522461,42.66556930541992,52.44206619262695,149.37623596191406,130.89974975585938,79.23361206054688,41.13149642944336,40.861995697021484,136.13050842285156,116.8811264038086
2025-09-08,103.68143463134766,104.94029235839844,45.48676681518555,122.85237121582031,57.60607147216797,144.3110809326172,147.3308563232422,95.43556213378906,184.0426483154297,206.15414428710938,391.0872497558594,120.03852081298828,128.736083984375,702.6633911132812,253.2347869873047,288.3524475097656,89.28250122070312,175.53125,45.36567306518555,113.68892669677734,42.56789779663086,52.481597900390625,149.71273803710938,131.8807830810547,78.93968200683594,40.858455657958984,40.44588851928711,136.0811767578125,117.33352661132812
2025-09-09,104.35009002685547,104.71112060546875,45.7121467590332,123.29679870605469,57.95249557495117,143.17845153808594,145.32467651367188,95.25880432128906,184.79193115234375,202.98040771484375,390.1425476074219,120.63523864746094,129.2106475830078,703.49072265625,254.69459533691406,285.8716125488281,89.07855224609375,176.76571655273438,44.6263427734375,114.33251953125,42.77301788330078,52.70887756347656,148.70321655273438,132.13475036621094,79.09645080566406,40.838951110839844,40.72492599487305,136.81166076660156,117.16947937011719
2025-09-10,105.84473419189453,103.40583801269531,46.505863189697266,123.26717376708984,57.348724365234375,143.3870849609375,146.3129425048828,95.121337890625,187.2095947265625,203.34622192382812,385.3294982910156,122.74821472167969,128.81515502929688,712.641357421875,252.1102752685547,287.9257507324219,88.93287658691406,179.4894256591797,44.71012878417969,113.49089813232422,43.5202522277832,52.531005859375,149.8018035888672,134.53004455566406,78.32244110107422,40.8194465637207,41.42496871948242,135.5678253173828,115.7675552368164
2025-09-11,106.44456481933594,104.81076049804688,46.496063232421875,125.24244689941406,58.358314514160156,145.28472900390625,148.92196655273438,96.68263244628906,187.72909545898438,207.77560424804688,392.7280578613281,122.72864532470703,130.79251098632812,716.468994140625,256.4109191894531,291.2004699707031,90.55477142333984,180.5573272705078,45.64662170410156,115.23355102539062,43.53001403808594,53.390708923339844,151.2269744873047,134.98321533203125,78.95927429199219,41.4825439453125,41.645259857177734,137.92715454101562,118.01956939697266
2025-09-12,106.93621826171875,104.82071685791016,46.211891174316406,124.86714935302734,57.655555725097656,143.69508361816406,148.03250122070312,96.22111511230469,188.4983367919922,205.80810546875,393.48382568359375,121.98519134521484,130.16966247558594,717.2664794921875,253.4221954345703,288.6898498535156,90.13716125488281,181.4195098876953,45.188232421875,116.1939926147461,43.27117156982422,53.163429260253906,150.01953125,134.89358520507812,78.69474029541016,41.29726791381836,41.85576248168945,136.3378143310547,118.63104248046875
2025-09-15,106.98538970947266,105.4683837890625,46.045310974121094,124.43258666992188,57.200252532958984,144.24151611328125,147.8941650390625,96.06401062011719,190.46646118164062,204.87872314453125,396.9444580078125,121.62325286865234,129.89283752441406,724.3038940429688,251.24227905273438,289.9699401855469,89.99148559570312,181.98776245117188,44.82349395751953,117.82775115966797,43.124656677246094,53.04484939575195,150.71234130859375,136.10865783691406,77.79336547851562,41.24850845336914,41.953670501708984,135.17294311523438,119.66011047363281
2025-09-16,105.14952087402344,105.52424621582031,46.79710388183594,123.955078125,57.21316146850586,144.06814575195312,146.96034240722656,95.6045150756836,189.89682006835938,203.682373046875,399.1122741699219,123.73622131347656,129.49734497070312,721.8517456054688,251.3408966064453,289.3348693847656,89.51558685302734,178.8035888671875,44.685489654541016,117.35247802734375,43.84746551513672,52.926273345947266,150.2669677734375,135.6355743408203,78.14607238769531,41.00472640991211,41.18999099731445,135.17294311523438,120.39586639404297
2025-09-17,105.46588134765625,105.5042953491211,46.91565704345703,124.93585968017578,57.352195739746094,144.17774963378906,147.2779083251953,95.49581909179688,188.97743225097656,204.01853942871094,398.4460144042969,123.941650390625,130.79251098632812,719.1902465820312,251.78477478027344,287.91583251953125,89.39905548095703,179.371826171875,44.78899383544922,117.659423828125,43.95003128051758,53.440120697021484,149.5840606689453,135.16746520996094,78.6163558959961,40.98522186279297,41.292789459228516,135.43948364257812,120.09262084960938
2025-09-18,105.61418151855469,105.22494506835938,46.757591247558594,125.5798110961914,57.5110969543457,145.04461669921875,147.20843505859375,95.53533935546875,192.1053924560547,204.25584411621094,397.8990783691406,123.62861633300781,131.20777893066406,731.9592895507812,253.0867919921875,291.7760009765625,89.59329223632812,179.64617919921875,44.78899383544922,117.74853515625,43.81328201293945,53.48952865600586,151.177490234375,137.50302124023438,77.93052673339844,41.01447677612305,41.322166442871094,135.70603942871094,119.55074310302734
2025-09-19,106.26665496826172,105.40453338623047,46.145084381103516,125.91664123535156,57.362125396728516,144.88519287109375,148.01223754882812,94.99185180664062,194.12408447265625,204.28549194335938,398.068115234375,121.91670989990234,131.2769775390625,738.7973022460938,252.3667449951172,291.99432373046875,89.01056671142578,181.164794921875,44.7692756652832,118.23371124267578,43.23209762573242,53.60810470581055,151.54367065429688,138.89736938476562,77.77375793457031,40.809696197509766,41.58651351928711,135.52835083007812,120.00312805175781
2025-09-22,107.16630554199219,105.18504333496094,46.15496826171875,125.5203628540039,57.3720588684082,145.40330505371094,148.08172607421875,95.02149963378906,196.88229370117188,204.35470581054688,397.1134948730469,121.92649841308594,131.07925415039062,750.7389526367188,252.64292907714844,293.3438720703125,89.02999114990234,182.7225799560547,44.75392532348633,117.82137298583984,43.182350158691406,53.53672409057617,152.05052185058594,140.9407196044922,76.9066390991211,40.94430923461914,41.989654541015625,135.49363708496094,119.61219787597656
2025-09-23,107.69026947021484,104.33702087402344,46.91565704345703,125.40148162841797,57.39192199707031,144.73573303222656,148.01223754882812,95.66380310058594,194.8835906982422,203.62306213378906,393.3943176269531,124.12751770019531,130.49594116210938,743.0237426757812,252.95858764648438,292.87750244140625,89.51558685302734,183.7121124267578,44.61030578613281,117.65245819091797,43.926109313964844,53.29878234863281,152.09027099609375,139.7240753173828,77.29136657714844,41.26856231689453,42.206504821777344,135.80105590820312,118.48668670654297
2025-09-24,108.38230895996094,104.58644104003906,47.49851989746094,124.80706787109375,57.103919982910156,144.00836181640625,145.7099609375,94.70528411865234,193.6144256591797,200.7242431640625,395.752197265625,125.65582275390625,129.9394989013672,737.5440063476562,251.98484802246094,290.7903747558594,88.63512420654297,184.81369018554688,44.06555938720703,116.67872619628906,44.497474670410156,53.15007019042969,151.30516052246094,138.86146545410156,77.45906829833984,40.84605407714844,42.50713348388672,135.25563049316406,119.32335662841797
2025-09-25,107.41346740722656,103.65859985351562,47.893680572509766,124.54949188232422,56.20018768310547,142.84259033203125,144.30078125,94.44837188720703,193.35458374023438,198.7394256591797,390.0840759277344,126.7108383178711,129.61219787597656,735.318603515625,247.92361450195312,288.83062744140625,88.37039184570312,183.04840087890625,43.4910888671875,116.28128051757812,44.89645004272461,53.01127243041992,150.2815704345703,138.6171417236328,76.71920013427734,40.74779510498047,42.098079681396484,133.01443481445312,117.64007568359375
2025-09-26,109.02490234375,104.69618225097656,48.3184814453125,125.5798110961914,56.73646926879883,144.0880889892578,146.05728149414062,95.41675567626953,193.92420959472656,201.06167602539062,395.7322998046875,127.83487701416016,130.45526123046875,737.1847534179688,250.8061065673828,291.3076477050781,89.2430191040039,185.65196228027344,43.996219635009766,117.41398620605469,45.3101921081543,53.397926330566406,151.6331329345703,139.03598022460938,76.9066390991211,41.15065383911133,42.783119201660156,134.37303161621094,119.37813568115234
2025-09-29,109.37091827392578,105.22494506835938,47.42936325073242,125.97608184814453,56.905296325683594,144.65602111816406,146.46414184570312,95.50569915771484,194.8036346435547,201.617431640625,397.7644348144531,125.41917419433594,130.92140197753906,741.6355590820312,251.5490264892578,292.1035461425781,89.2724380493164,186.30287170410156,44.16460037231445,117.79155731201172,44.47777557373047,53.665611267089844,152.10020446777344,139.77891540527344,77.05461120605469,41.2292594909668,42.90633010864258,134.7696990966797,119.90103912353516
2025-09-30,109.63785552978516,104.55651092529297,46.94529342651367,125.46092224121094,58.315513610839844,145.35350036621094,147.07943725585938,95.93061065673828,195.7330322265625,203.3045196533203,394.6265563964844,124.09793853759766,130.16763305664062,745.0984497070312,257.1455993652344,294.74969482421875,89.63520812988281,186.7959747314453,44.382503509521484,117.61270904541016,44.004920959472656,53.407840728759766,153.2728729248047,140.5418243408203,77.31109619140625,41.39630126953125,42.98025894165039,138.0124969482422,119.34326934814453
2025-10-01,110.43862915039062,104.45673370361328,46.98480987548828,123.79656219482422,60.07332229614258,145.35350036621094,146.51376342773438,95.98001098632812,197.08218383789062,201.73651123046875,397.067138671875,124.28528594970703,128.9873504638672,750.9763793945312,264.1685485839844,294.3318786621094,89.77247619628906,188.25552368164062,43.916988372802734,115.96332550048828,44.004920959472656,52.93195724487305,152.84556579589844,141.9180145263672,77.1927261352539,41.39630126953125,43.39424133300781,142.2767333984375,120.09028625488281
2025-10-02,110.04318237304688,104.08760070800781,46.52049255371094,123.55879974365234,60.013736724853516,146.0808563232422,147.99241638183594,95.4760513305664,198.36134338378906,203.62208557128906,394.7261657714844,122.9738998413086,128.96751403808594,756.4351806640625,264.0199890136719,295.446044921875,89.30184936523438,188.16677856445312,44.42707061767578,115.70499420166016,43.561622619628906,52.892303466796875,153.24305725097656,142.68589782714844,76.88690948486328,41.18013381958008,43.31538391113281,141.9990692138672,119.22374725341797
2025-10-03,111.25919342041016,103.50894165039062,46.757591247558594,124.49995422363281,60.73870849609375,146.50930786132812,148.56797790527344,95.89108276367188,197.33201599121094,203.94956970214844,392.6043701171875,123.81200408935547,129.92958068847656,754.1199340820312,267.0213317871094,296.1125793457031,89.63520812988281,190.16876220703125,44.50135803222656,115.64537811279297,43.793121337890625,53.25912857055664,153.45176696777344,141.96788024902344,76.97569274902344,41.347171783447266,43.81808090209961,143.6155242919922,118.4568099975586
2025-10-06,112.17860412597656,103.9678726196289,46.97492980957031,124.4603271484375,60.45070266723633,146.84808349609375,149.3618621826172,94.86339569091797,199.30072021484375,203.73123168945312,394.4372863769531,124.42332458496094,129.79074096679688,760.6165771484375,265.9317321777344,297.6644592285156,88.79199981689453,192.062255859375,44.46173858642578,115.76461791992188,44.00984573364258,53.23929977416992,154.16729736328125,143.40391540527344,76.41339111328125,40.934486389160156,44.241912841796875,142.9213409423828,119.47274780273438
2025-10-07,112.66302490234375,102.83052062988281,47.0440788269043,124.41079711914062,60.49042892456055,146.3498992919922,148.87562561035156,94.59659576416016,197.6617889404297,202.64952087402344,387.49407958984375,124.65009307861328,129.87998962402344,753.6409301757812,266.0208740234375,295.73455810546875,88.46845245361328,192.80191040039062,44.28345489501953,115.3174819946289,44.07880401611328,53.30870056152344,153.29275512695312,142.44654846191406,77.12366485595703,40.80674743652344,44.4439811706543,143.03041076660156,117.38111114501953
2025-10-08,113.49346923828125,103.07994079589844,46.826744079589844,123.78665161132812,60.58973693847656,147.2167510986328,150.41380310058594,94.18156433105469,200.71981811523438,204.41600036621094,389.4366149902344,124.15709686279297,129.34442138671875,766.444580078125,266.7637939453125,298.6592712402344,88.00762939453125,194.2220458984375,44.52116775512695,114.84056091308594,43.82267761230469,53.05093002319336,154.6244354248047,144.9446563720703,76.73892974853516,40.60041046142578,44.749542236328125,143.30809020996094,117.7297134399414
2025-10-09,113.10791015625,102.76068878173828,46.194480895996094,123.56871032714844,60.47056579589844,145.30368041992188,147.58554077148438,93.6874771118164,200.47996520996094,201.2006072998047,387.57379150390625,122.33300018310547,128.80880737304688,766.0653686523438,266.45672607421875,294.3915710449219,87.52718353271484,193.73880004882812,43.91203308105469,114.18478393554688,43.226680755615234,52.8625602722168,152.33871459960938,144.70033264160156,76.98555755615234,40.41371536254883,44.63618850708008,142.99075317382812,117.1420669555664
2025-10-10,112.63336944580078,100.55582427978516,44.8410530090332,120.69570922851562,59.45759201049805,141.9657745361328,144.27102661132812,92.58074188232422,192.67501831054688,197.5286865234375,375.09197998046875,118.68480682373047,125.84324645996094,734.8196411132812,262.22711181640625,287.6169738769531,86.40943908691406,192.80191040039062,43.01071548461914,112.0783462524414,41.975589752197266,51.7125129699707,148.96974182128906,138.81161499023438,77.04474639892578,39.971553802490234,44.453834533691406,140.9280548095703,113.91993713378906
2025-10-13,113.38471984863281,102.24189758300781,45.46343231201172,122.05294799804688,59.42780303955078,143.48028564453125,147.21835327148438,93.14399719238281,197.25205993652344,201.28001403808594,384.4359130859375,120.61735534667969,127.14254760742188,753.9403076171875,262.1973876953125,291.48675537109375,86.9585189819336,194.55734252929688,43.69413375854492,113.11168670654297,42.54695510864258,52.20822525024414,150.52008056640625,142.1922607421875,76.78825378417969,40.197547912597656,44.79389572143555,140.76939392089844,116.46477508544922
2025-10-14,114.24481964111328,103.0400390625,45.39427947998047,123.390380859375,59.546974182128906,145.3933563232422,148.08172607421875,94.11239624023438,194.60377502441406,203.2747344970703,385.71099853515625,120.43988037109375,128.83856201171875,744.3101196289062,262.9006652832031,295.0779724121094,87.85073852539062,196.24374389648438,44.12993240356445,113.85688781738281,42.542030334472656,52.78324890136719,152.28903198242188,140.3673095703125,78.0213623046875,40.58075714111328,45.19308853149414,141.1561279296875,116.70880126953125
2025-10-15,115.51024627685547,103.25952911376953,45.45355224609375,123.32102966308594,59.6661491394043,144.74571228027344,147.66493225097656,95.46617126464844,196.47256469726562,202.37164306640625,386.15924072265625,120.52861785888672,128.54104614257812,751.2258911132812,263.9605712890625,294.1428527832031,89.1253662109375,198.66978454589844,43.93183898925781,114.66171264648438,42.51740264892578,52.78324890136719,151.6529998779297,141.75845336914062,78.15947723388672,41.17030715942383,45.78449630737305,141.3743133544922,116.87812042236328
2025-10-16,114.43265533447266,101.95257568359375,44.870689392089844,119.7248306274414,59.60655975341797,143.14151000976562,147.08935546875,95.17960357666016,196.35263061523438,201.1013641357422,382.543212890625,118.92144012451172,124.72248840332031,748.810791015625,263.65350341796875,291.99407958984375,88.81161499023438,196.57904052734375,43.6049919128418,113.4395751953125,42.00514602661133,51.315940856933594,150.65921020507812,141.86317443847656,77.61691284179688,41.042572021484375,45.28672790527344,141.13632202148438,115.74763488769531
2025-10-17,114.08663940429688,102.7008285522461,45.16706466674805,120.17063903808594,59.964080810546875,144.05819702148438,145.7794189453125,95.80213928222656,197.0421905517578,200.04942321777344,384.8343811035156,119.66094207763672,125.78374481201172,750.6170654296875,264.97088623046875,291.54644775390625,89.39009857177734,195.9478759765625,43.52080154418945,114.20465850830078,42.34993362426758,51.73234176635742,150.78839111328125,142.11248779296875,78.65272521972656,41.30786895751953,45.129024505615234,142.0784149169922,116.74365234375
2025-10-20,114.08663940429688,103.44908905029297,45.631378173828125,121.67648315429688,60.619537353515625,145.75205993652344,148.607666015625,96.81007385253906,199.54055786132812,202.8083038330078,388.28106689453125,120.9920425415039,127.40042114257812,760.6165771484375,268.120849609375,295.4361267089844,90.29212951660156,196.03663635253906,44.040794372558594,115.49633026123047,42.79815673828125,52.33710861206055,152.56729125976562,143.69810485839844,78.58367156982422,41.740203857421875,45.11423873901367,143.5857696533203,117.66996002197266
2025-10-21,112.94972229003906,104.57646179199219,45.522708892822266,121.32975006103516,60.73870849609375,147.2167510986328,145.71986389160156,96.4642105102539,199.570556640625,201.07159423828125,393.3116149902344,120.5976333618164,127.39051055908203,759.84814453125,268.43780517578125,297.6943054199219,90.0372085571289,193.72894287109375,43.872413635253906,115.90371704101562,42.699649810791016,52.27762222290039,153.91885375976562,143.77288818359375,78.21867370605469,41.61246871948242,44.65590286254883,143.92294311523438,119.10920715332031
2025-10-22,112.76188659667969,103.34931182861328,46.0858154296875,120.58673095703125,61.026710510253906,145.28375244140625,145.01528930664062,96.88912963867188,197.55184936523438,199.8211669921875,389.8250732421875,122.03719329833984,126.68630981445312,750.8665771484375,269.38873291015625,293.2077331542969,90.41959381103516,192.96957397460938,43.738704681396484,114.9001693725586,43.24638748168945,51.98019790649414,151.92132568359375,142.35182189941406,78.66258239746094,41.79916000366211,44.55240249633789,144.7460479736328,118.17793273925781
2025-10-23,112.64325714111328,103.67855072021484,46.708194732666016,120.83440399169922,61.116092681884766,147.04736328125,147.72447204589844,96.78042602539062,199.85037231445312,201.91514587402344,392.425048828125,123.96976470947266,126.93426513671875,760.6964111328125,269.8741149902344,297.64459228515625,90.36076354980469,192.9498291015625,44.26364517211914,114.5126724243164,43.82267761230469,52.08925247192383,153.8194580078125,144.14686584472656,78.2778549194336,41.759857177734375,44.51791000366211,144.8253631591797,118.7107925415039
2025-10-24,113.869140625,103.36927795410156,46.24388122558594,122.28081512451172,61.12602233886719,147.5156707763672,147.12904357910156,97.00770568847656,202.95835876464844,201.3990936279297,391.5484313964844,122.85558319091797,128.35256958007812,772.5520629882812,270.07220458984375,298.81842041015625,90.62549591064453,195.3759002685547,44.08041000366211,114.81075286865234,43.37937545776367,52.654361724853516,153.94866943359375,146.38568115234375,78.0213623046875,41.907249450683594,45.04030990600586,144.81544494628906,118.35721588134766
2025-10-27,114.03720092773438,104.19734191894531,46.401947021484375,122.85541534423828,61.26505661010742,148.1433868408203,146.186279296875,97.33380126953125,207.1756134033203,200.78379821777344,396.9476013183594,123.08235931396484,128.84849548339844,786.3935546875,271.1816101074219,300.1216125488281,90.88041687011719,195.8887176513672,44.060604095458984,116.41046142578125,43.482810974121094,52.872474670410156,154.8231964111328,149.0882110595703,78.14962005615234,41.99567794799805,45.16352081298828,145.1526336669922,120.06040954589844
2025-10-28,112.05996704101562,103.84815216064453,45.917869567871094,121.9538803100586,60.857879638671875,147.4558868408203,145.64047241210938,95.2883071899414,209.2042999267578,200.82350158691406,397.1368713378906,121.91888427734375,128.06494140625,794.5069580078125,269.38873291015625,298.1021728515625,89.09595489501953,192.7328643798828,44.12002944946289,115.83415985107422,43.029659271240234,52.53539276123047,153.7200927734375,150.5641326904297,77.37029266357422,41.062225341796875,44.41933822631836,144.24026489257812,120.09028625488281
2025-10-29,111.64474487304688,103.00012969970703,46.17472457885742,120.55701446533203,60.28187942504883,146.22036743164062,144.1816864013672,92.87718963623047,211.133056640625,197.24090576171875,392.9530029296875,122.8851547241211,125.83333587646484,799.8758544921875,267.0213317871094,299.1666259765625,86.80162811279297,192.67369079589844,43.253379821777344,115.54601287841797,43.349822998046875,51.64311218261719,154.1175994873047,151.6461639404297,75.5452880859375,39.94207763671875,44.4045524597168,142.78250122070312,119.0992431640625
2025-10-30,111.3382797241211,101.32402801513672,45.90799331665039,120.90374755859375,60.381187438964844,145.65240478515625,142.43511962890625,93.2625732421875,207.71527099609375,194.89881896972656,383.7784423828125,122.12593841552734,126.06145477294922,789.3275756835938,267.3581237792969,297.7440490722656,87.21343231201172,191.6283416748047,42.67395782470703,113.588623046875,43.09368896484375,51.78190994262695,153.73004150390625,149.78131103515625,75.46636199951172,40.16807174682617,44.21727752685547,143.099853515625,116.40998840332031
2025-10-31,110.55726623535156,102.96022033691406,46.283390045166016,121.45853424072266,60.440773010253906,146.02108764648438,141.49237060546875,93.53926086425781,207.78521728515625,193.6583251953125,393.8395690917969,122.79642486572266,126.47801971435547,791.5829467773438,267.82366943359375,298.8283996582031,87.4389419555664,190.3955841064453,42.42634582519531,114.07547760009766,43.4089241027832,51.92070770263672,154.0977325439453,149.9259033203125,75.24933624267578,40.18772506713867,43.91171646118164,143.05026245117188,119.48768615722656
2025-11-03,110.5078353881836,103.39920043945312,46.29327392578125,121.15142059326172,60.45070266723633,145.15420532226562,140.331298828125,93.44043731689453,208.65464782714844,192.2193145751953,397.7943115234375,122.87530517578125,126.07137298583984,794.3173217773438,267.5760498046875,297.574951171875,87.31148529052734,190.62240600585938,42.16387176513672,112.86328887939453,43.41385269165039,51.702598571777344,153.4418182373047,150.53921508789062,74.6574478149414,40.11894226074219,43.93635940551758,143.24859619140625,120.60821533203125
2025-11-04,110.28045654296875,102.21195983886719,45.80919647216797,121.64676666259766,60.58973693847656,143.9984130859375,138.1580047607422,93.64795684814453,203.47801208496094,190.8001708984375,391.1200866699219,121.44560241699219,126.59703826904297,772.8613891601562,268.23968505859375,293.41668701171875,87.45854949951172,189.8038787841797,41.955875396728516,112.0882797241211,42.945926666259766,51.970279693603516,151.66293334960938,146.565185546875,74.96324920654297,40.22702407836914,43.77865219116211,143.89320373535156,118.60621643066406
2025-11-05,110.32987976074219,102.8105697631836,45.917869567871094,122.06285858154297,60.90753936767578,144.80548095703125,139.8053436279297,93.63807678222656,204.067626953125,191.62387084960938,395.8916931152344,121.61321258544922,127.11279296875,776.0647583007812,269.58685302734375,295.286865234375,87.5369873046875,190.07012939453125,42.2034912109375,112.69437408447266,43.05921173095703,52.14873504638672,152.249267578125,147.1385955810547,74.91393280029297,40.21719741821289,43.78850555419922,144.4485321044922,120.05044555664062
2025-11-06,109.885009765625,101.21428680419922,46.32291030883789,121.58732604980469,60.94725799560547,143.90872192382812,138.7038116455078,93.14399719238281,199.97030639648438,190.9887237548828,386.2389221191406,122.5104751586914,126.53753662109375,760.8361206054688,269.64630126953125,292.8197937011719,87.11538696289062,189.20228576660156,41.9954948425293,111.68090057373047,43.477882385253906,51.96036911010742,151.64305114746094,144.18177795410156,74.57852172851562,40.02067947387695,43.5963020324707,144.72621154785156,117.27653503417969
2025-11-07,111.24930572509766,101.84282684326172,47.00457000732422,122.90493774414062,61.046573638916016,144.48663330078125,141.05572509765625,94.53730010986328,199.41064453125,193.11248779296875,387.384521484375,124.39373779296875,127.52935791015625,759.8082885742188,270.092041015625,294.3418273925781,88.46845245361328,191.78611755371094,42.50062942504883,111.39276123046875,44.103431701660156,52.32719039916992,152.37847900390625,143.68313598632812,75.67352294921875,40.55127716064453,44.202491760253906,144.92453002929688,117.4607925415039
2025-11-10,111.20975494384766,102.80059051513672,47.4688835144043,123.37056732177734,61.54313278198242,145.21400451660156,143.14962768554688,94.35942840576172,204.7172088623047,195.23623657226562,392.3752746582031,125.58679962158203,127.985595703125,778.7692260742188,272.1919860839844,296.4906005859375,88.41942596435547,191.70721435546875,42.901763916015625,112.55526733398438,44.50239944458008,52.51556396484375,153.24305725097656,147.3579864501953,75.39730834960938,40.52180480957031,44.18770980834961,146.0550537109375,119.00463104248047
2025-11-11,111.3382797241211,103.35929107666016,48.02210998535156,123.8163833618164,62.963279724121094,145.4929962158203,144.6183319091797,95.4760513305664,203.2181854248047,196.66529846191406,393.2618103027344,127.19397735595703,128.56085205078125,771.7138061523438,278.6206359863281,295.9832458496094,89.40970611572266,191.7466583251953,43.347469329833984,113.46939086914062,45.0836181640625,52.753501892089844,153.28282165527344,146.10147094726562,76.38379669189453,40.973793029785156,44.21234893798828,149.42677307128906,119.29845428466797
2025-11-12,111.50634765625,103.35929107666016,47.38985061645508,125.13399505615234,63.847145080566406,145.7919158935547,146.7321014404297,94.69540405273438,203.14822387695312,198.2035369873047,390.6120300292969,125.40931701660156,129.68162536621094,772.5819702148438,281.8101806640625,296.1523742675781,88.74298095703125,192.19046020507812,43.65451431274414,112.81361389160156,44.453147888183594,53.20955276489258,153.43190002441406,146.5552215576172,76.27528381347656,40.6495361328125,44.31584167480469,151.54898071289062,118.49665832519531
2025-11-13,110.17171478271484,101.40384674072266,47.44912338256836,123.31112670898438,63.78756332397461,143.32086181640625,145.11453247070312,93.53926086425781,197.98158264160156,196.55613708496094,380.5508728027344,125.49806213378906,127.7872314453125,750.8167114257812,281.0672607421875,290.3924865722656,87.65464782714844,189.6165008544922,43.367279052734375,111.21391296386719,44.566436767578125,52.525474548339844,151.0567169189453,142.90029907226562,76.27528381347656,40.11894226074219,43.70472717285156,151.4696502685547,115.53846740722656
2025-11-14,110.42874145507812,100.5358657836914,48.20981216430664,122.57801818847656,63.4300422668457,142.45401000976562,143.71530151367188,93.75665283203125,199.03091430664062,194.31329345703125,378.28961181640625,127.52922058105469,126.66646575927734,754.708740234375,279.86871337890625,290.651123046875,87.84093475341797,189.6953887939453,42.97109603881836,110.61775207519531,45.32497024536133,52.000022888183594,151.066650390625,143.67816162109375,76.21609497070312,40.23685073852539,43.74415588378906,150.5672149658203,114.98567962646484
2025-11-17,111.2789535522461,99.45838165283203,47.37009048461914,120.1805419921875,63.340660095214844,140.5409393310547,141.40306091308594,93.12422943115234,196.2127227783203,191.23683166503906,374.28509521484375,125.27127838134766,124.03812408447266,742.1744995117188,279.5814514160156,286.7813415527344,87.11538696289062,191.14511108398438,42.31739044189453,110.46871185302734,44.497474670410156,51.008602142333984,149.58590698242188,141.4293670654297,75.73271179199219,39.971553802490234,44.13842010498047,150.43829345703125,113.90499114990234
2025-11-18,111.06145477294922,98.52056121826172,47.74549865722656,120.29943084716797,63.767696380615234,139.55450439453125,141.56182861328125,93.55902099609375,193.24464416503906,191.23683166503906,367.92962646484375,126.35587310791016,123.94886016845703,731.0872802734375,281.2158508300781,285.72686767578125,87.46835327148438,190.41531372070312,42.35205841064453,111.09467315673828,44.85211181640625,50.92928695678711,148.92007446289062,139.13072204589844,76.0582504272461,40.11894226074219,43.970855712890625,151.32089233398438,111.80339050292969
2025-11-19,110.47817993164062,98.05165100097656,47.1823844909668,120.72542572021484,63.727970123291016,140.2818603515625,142.415283203125,92.83766174316406,194.4638671875,192.0109100341797,367.78021240234375,124.8571548461914,124.44477081298828,736.0570678710938,280.8790588378906,286.98028564453125,86.78202819824219,189.11351013183594,42.46100997924805,110.47865295410156,44.27090072631836,51.11766052246094,149.41696166992188,140.09805297851562,75.47623443603516,39.80451202392578,43.60123062133789,151.06304931640625,111.80836486816406
2025-11-20,109.9739761352539,96.81453704833984,46.6390380859375,119.51678466796875,63.28107452392578,138.40866088867188,138.98167419433594,92.52144622802734,188.99740600585938,188.9145965576172,361.5641784667969,123.30913543701172,123.31409454345703,714.23193359375,279.10595703125,281.8471374511719,86.41924285888672,188.06814575195312,41.827117919921875,109.26644897460938,43.76849365234375,50.6715202331543,146.91259765625,135.7001953125,76.018798828125,39.66695022583008,43.379451751708984,150.16061401367188,110.1400375366211
2025-11-21,110.16181945800781,98.45072937011719,46.91565704345703,120.63626098632812,64.63170623779297,140.9095916748047,141.7900848388672,93.94440460205078,189.806884765625,193.06285095214844,369.8721008300781,124.02892303466797,124.92085266113281,717.4153442382812,285.0591735839844,285.8263244628906,87.82133483886719,188.32456970214844,42.763099670410156,111.1841049194336,44.0443229675293,51.22671127319336,148.70143127441406,136.2237548828125,76.84745025634766,40.18772506713867,43.44352340698242,153.3240966796875,112.30139923095703
2025-11-24,111.12078094482422,98.88970947265625,46.826744079589844,121.23067474365234,64.94950866699219,141.34800720214844,143.23895263671875,94.07286071777344,194.8036346435547,194.35299682617188,374.9027099609375,123.91059875488281,125.43660736083984,735.4383544921875,287.14923095703125,287.3384094238281,88.056640625,190.52378845214844,42.847286224365234,112.28700256347656,43.92118453979492,51.444828033447266,149.0691375732422,139.4697723388672,75.95960998535156,40.24667739868164,43.93635940551758,153.9686737060547,113.8004150390625
2025-11-25,110.87362670898438,100.70547485351562,46.56988525390625,122.78606414794922,66.39944458007812,143.69949340820312,145.2435302734375,94.95232391357422,195.36328125,197.40960693359375,383.7784423828125,123.30913543701172,127.25164794921875,737.6937255859375,293.2311706542969,291.70562744140625,88.87044525146484,189.912353515625,43.48613739013672,113.5687484741211,43.645355224609375,52.08925247192383,150.9772186279297,139.84375,77.00528717041016,40.57093048095703,43.76879119873047,157.4495086669922,116.23567962646484
2025-11-26,112.267578125,101.71312713623047,46.94529342651367,123.91544342041016,66.27033996582031,144.33717346191406,147.62522888183594,95.37723541259766,197.13214111328125,200.03948974609375,386.6075134277344,124.20640563964844,128.16412353515625,745.3978271484375,292.99346923828125,293.5758361816406,89.26263427734375,192.28909301757812,44.0209846496582,113.72772216796875,43.975364685058594,52.49573516845703,151.8517608642578,141.49917602539062,77.84380340576172,40.74779510498047,44.350341796875,157.10240173339844,117.03250122070312
2025-11-28,113.00904083251953,102.42147827148438,47.577552795410156,124.79715728759766,65.9227523803711,145.04461669921875,148.3199005126953,95.75274658203125,198.55120849609375,201.5082550048828,389.20745849609375,125.8825912475586,128.93775939941406,750.6571044921875,291.745361328125,295.4062805175781,89.55677032470703,193.73880004882812,44.27355194091797,114.65177917480469,44.55165481567383,52.872474670410156,152.73623657226562,142.71580505371094,78.2975845336914,40.94430923461914,44.66575622558594,156.33880615234375,117.75959777832031
2025-12-01,110.5374984741211,102.49131774902344,47.972713470458984,123.87581634521484,65.07860565185547,143.47032165527344,148.08172607421875,94.6558837890625,198.80104064941406,201.1212158203125,389.46649169921875,126.96719360351562,128.09469604492188,750.3477172851562,287.4761047363281,291.3375244140625,88.52726745605469,189.33047485351562,44.16460037231445,114.11522674560547,44.98017883300781,52.436248779296875,150.50021362304688,142.7806396484375,78.21867370605469,40.374412536621094,43.620941162109375,153.99842834472656,117.8293228149414
2025-12-02,109.78614807128906,102.49131774902344,47.340450286865234,123.74703216552734,64.7111587524414,144.15782165527344,147.2977294921875,94.35942840576172,200.80975341796875,199.57305908203125,389.3768005371094,125.42903900146484,127.8963394165039,758.1516723632812,285.5742492675781,293.2773742675781,88.2135238647461,187.8709259033203,43.763465881347656,114.4927978515625,44.39896774291992,52.38667678833008,151.81199645996094,144.25157165527344,77.7056884765625,40.27615737915039,43.31045913696289,153.076171875,117.74964141845703
2025-12-03,109.45990753173828,103.1497802734375,48.21969223022461,125.39157104492188,65.13819122314453,145.51290893554688,148.21072387695312,94.63611602783203,200.8697052001953,201.33953857421875,393.8395690917969,128.03208923339844,129.69154357910156,759.5587768554688,287.1987609863281,296.09271240234375,88.43902587890625,187.29891967773438,44.07050704956055,114.3934326171875,45.23138427734375,53.0905876159668,153.25302124023438,144.5956268310547,77.76488494873047,40.354759216308594,43.17245864868164,153.79019165039062,119.01956939697266
2025-12-04,109.22264099121094,102.85047912597656,48.40739059448242,126.02561950683594,64.65156555175781,145.94137573242188,147.68478393554688,94.39895629882812,201.55926513671875,200.4463653564453,392.1860046386719,128.58424377441406,129.9990234375,763.08154296875,285.60394287109375,298.28125,88.22332763671875,187.11154174804688,43.81298828125,115.0492172241211,45.42348098754883,53.19964599609375,154.04803466796875,145.13414001464844,77.3900146484375,40.285980224609375,43.0837516784668,152.6199951171875,118.59626007080078
2025-12-05,108.29332733154297,103.36927795410156,48.21969223022461,125.76802825927734,64.39335632324219,145.881591796875,146.8710174560547,94.33966827392578,202.80844116210938,199.84100341796875,393.5008850097656,127.97290802001953,129.94943237304688,766.3946533203125,284.48468017578125,297.5948181152344,88.12527465820312,185.1983184814453,43.66937255859375,116.3806381225586,45.236305236816406,53.2194709777832,153.62071228027344,146.19619750976562,77.39988708496094,40.27615737915039,42.67962646484375,151.98532104492188,119.25363159179688
2025-12-08,106.90926361083984,102.45140838623047,47.686222076416016,125.51045989990234,63.559146881103516,145.3335723876953,144.66796875,93.52938079833984,203.93772888183594,197.4393768310547,388.6396789550781,126.55308532714844,129.52293395996094,773.0909423828125,281.36444091796875,296.938232421875,87.4487533569336,183.06813049316406,43.065189361572266,115.5162124633789,44.743751525878906,53.02118682861328,153.43190002441406,147.22335815429688,76.7586669921875,40.03050994873047,42.10793685913086,150.1705322265625,117.52054595947266
2025-12-09,106.85982513427734,102.40151977539062,47.94307327270508,125.26278686523438,62.854034423828125,144.5165252685547,144.9160614013672,93.04518127441406,204.1475830078125,197.34014892578125,389.3270263671875,127.35173797607422,129.25514221191406,774.7675170898438,278.45220947265625,294.4810791015625,87.11538696289062,183.07798767089844,42.97604751586914,115.64537811279297,45.019588470458984,52.82290267944336,152.30889892578125,147.6123046875,76.93623352050781,39.7946891784668,42.13750457763672,148.7127685546875,117.5105972290039
2025-12-10,106.8005142211914,103.25952911376953,48.42715072631836,126.83798217773438,63.68824768066406,147.3562469482422,148.16111755371094,93.39103698730469,204.5773162841797,200.9723358154297,395.14459228515625,128.43634033203125,130.98092651367188,777.5617065429688,282.05780029296875,300.3006591796875,87.42913818359375,182.9004669189453,43.81794357299805,116.3210220336914,45.49243927001953,53.427669525146484,155.09152221679688,148.32032775878906,77.16312408447266,39.87329864501953,42.11779022216797,150.8746337890625,119.23370361328125
2025-12-11,107.70015716552734,104.00778198242188,48.20981216430664,128.37355041503906,64.26425170898438,149.8472137451172,151.82296752929688,93.76653289794922,203.48800659179688,205.77560424804688,396.79815673828125,127.90389251708984,133.2720489501953,774.74755859375,284.5738220214844,303.8819885253906,87.8115234375,184.45864868164062,44.689544677734375,116.06269073486328,45.27571487426758,54.399261474609375,156.75115966796875,147.56243896484375,77.73529052734375,40.08946228027344,42.4233512878418,152.3026580810547,119.70184326171875
2025-12-12,107.35414123535156,104.20732116699219,47.725738525390625,128.3240203857422,64.4330825805664,149.05010986328125,151.6443328857422,93.63807678222656,198.40130615234375,205.49774169921875,397.4158020019531,126.5037841796875,133.29188537597656,752.3834838867188,285.1780090332031,300.62896728515625,87.70366668701172,183.44288635253906,44.719261169433594,115.80435943603516,44.83241271972656,54.47857666015625,155.76731872558594,143.29421997070312,78.34690856933594,40.04033279418945,42.21636199951172,152.77867126464844,120.21976470947266
2025-12-15,108.29332733154297,104.2272720336914,47.37997055053711,128.46270751953125,65.22757720947266,149.0800018310547,151.46571350097656,93.95428466796875,196.54251098632812,205.32901000976562,399.48779296875,125.48818969726562,133.3414764404297,743.9807739257812,288.3675842285156,300.798095703125,87.97821044921875,184.9320526123047,44.689544677734375,115.82422637939453,44.51717758178711,54.51823425292969,156.01576232910156,141.90805053710938,78.5639419555664,40.197547912597656,42.600772857666016,154.8017120361328,121.24568176269531
2025-12-16,107.9541015625,104.15636444091797,45.98799514770508,127.5591812133789,64.42008209228516,148.26148986816406,151.0637969970703,93.15851593017578,197.09730529785156,204.9022979736328,400.07550048828125,121.70195770263672,132.5976104736328,745.1483764648438,284.9997253417969,299.0870056152344,87.33109283447266,184.32058715820312,44.5706901550293,115.90371704101562,43.1577262878418,54.171234130859375,155.09152221679688,142.16732788085938,78.20880126953125,39.843814849853516,42.4233512878418,152.78858947753906,121.44487762451172
2025-12-17,107.20801544189453,103.48722839355469,46.933223724365234,127.54922485351562,64.33036041259766,146.2750701904297,151.82174682617188,93.58731842041016,192.92884826660156,205.4014434814453,396.09442138671875,124.16578674316406,132.46302795410156,729.6614379882812,284.1479187011719,294.0237121582031,87.65464782714844,182.85328674316406,44.758872985839844,115.06908416748047,44.11328125,54.16132354736328,152.5772247314453,139.0060577392578,78.57380676269531,40.02067947387695,42.147361755371094,152.5109100341797,120.04048919677734
2025-12-18,108.19285583496094,104.29618835449219,46.27653503417969,127.34026336669922,64.30045318603516,147.1435089111328,151.96136474609375,93.06877136230469,195.93772888183594,205.7401885986328,401.73321533203125,122.40591430664062,132.44309997558594,739.8508911132812,284.0283203125,296.25811767578125,87.1938247680664,184.7606964111328,44.73906707763672,115.72486114501953,43.47296142578125,54.07209396362305,153.57101440429688,141.15013122558594,78.1200180053711,39.7750358581543,42.561344146728516,152.62991333007812,121.85324096679688
2025-12-19,106.83995056152344,104.0465087890625,46.31633758544922,128.08657836914062,64.77896881103516,148.5110321044922,153.3277130126953,92.75963592529297,199.67636108398438,206.54721069335938,400.82501220703125,122.68431091308594,133.22064208984375,754.75537109375,286.3896179199219,299.0012512207031,86.86045837402344,182.2969512939453,44.937156677246094,115.7745361328125,43.47296142578125,54.3695182800293,154.8927764892578,144.20172119140625,77.71556091308594,39.627647399902344,42.01922607421875,153.65135192871094,121.36519622802734
2025-12-22,107.39702606201172,104.42601776123047,46.84367752075195,129.70855712890625,65.24751281738281,149.99835205078125,155.97059631347656,93.34799194335938,200.8059539794922,209.20738220214844,402.73126220703125,123.89733123779297,134.745849609375,759.989990234375,288.7209777832031,302.8017272949219,87.30669403076172,183.25067138671875,45.467796325683594,116.28890991210938,43.92301940917969,55.03709030151367,156.6099395751953,144.979736328125,77.44408416748047,39.921669006347656,42.17513656616211,154.6641845703125,122.0947265625
2025-12-23,107.68551635742188,104.16635131835938,47.10237121582031,129.89761352539062,65.10794067382812,150.00831604003906,156.27975463867188,93.27818298339844,202.14544677734375,209.40664672851562,401.73321533203125,124.68281555175781,134.85549926757812,764.2355346679688,287.95379638671875,302.4925231933594,87.24732971191406,183.628173828125,45.54744338989258,117.01658630371094,44.21113586425781,55.14652633666992,156.55010986328125,145.7687530517578,77.07616424560547,39.911739349365234,42.324092864990234,154.35545349121094,121.9250717163086
2025-12-24,108.24259185791016,104.71564483642578,46.96307373046875,130.47476196289062,65.44689178466797,150.4275665283203,156.339599609375,93.95628356933594,202.645263671875,209.86495971679688,403.0007019042969,124.2552719116211,135.5732421875,765.524169921875,289.3785400390625,303.2904968261719,87.82119750976562,184.52227783203125,45.637046813964844,117.71435546875,44.08198165893555,55.44499206542969,157.05868530273438,146.1183319091797,77.68274688720703,40.17000198364258,42.51277542114258,155.16213989257812,122.34423065185547
2025-12-26,108.11327362060547,104.60578918457031,46.78397750854492,130.2061004638672,65.50670623779297,150.3077850341797,157.17735290527344,94.05599975585938,202.84518432617188,211.01072692871094,401.7032775878906,123.79790496826172,135.28414916992188,766.373291015625,289.62762451171875,302.7518615722656,87.92013549804688,184.2937774658203,45.905853271484375,117.59474182128906,43.9130859375,55.33555221557617,156.76950073242188,146.34803771972656,77.79212951660156,40.24946975708008,42.48298263549805,155.41111755371094,121.8053207397461
2025-12-29,108.35202026367188,103.99656677246094,47.21181869506836,129.57919311523438,65.37711334228516,149.73880004882812,154.943359375,94.2354965209961,201.87554931640625,208.709228515625,397.74114990234375,124.9512710571289,134.53651428222656,762.3074951171875,288.92022705078125,301.62469482421875,88.09823608398438,184.62161254882812,45.53749084472656,117.5149917602539,44.33035659790039,55.03709030151367,156.43045043945312,145.68885803222656,77.84185028076172,40.358734130859375,42.56242752075195,155.17208862304688,120.60771942138672
2025-12-30,108.53108215332031,103.6570053100586,47.57001495361328,129.22096252441406,65.29735565185547,149.30958557128906,155.0630340576172,94.44490814208984,201.43569946289062,208.73910522460938,396.1642761230469,125.89583587646484,134.07794189453125,760.099853515625,288.3921813964844,300.5274353027344,88.27632904052734,184.98919677734375,45.52753448486328,117.9137191772461,44.66815185546875,54.897804260253906,155.98170471191406,145.22943115234375,77.71257781982422,40.44813537597656,42.6617317199707,155.04261779785156,120.11870574951172
2025-12-31,107.7949447631836,102.99784851074219,47.29141616821289,128.2955322265625,64.89859008789062,147.90213012695312,153.547119140625,93.62720489501953,199.60638427734375,206.7863311767578,393.1402893066406,125.19983673095703,133.0711212158203,752.9972534179688,286.7881164550781,297.6346740722656,87.55404663085938,183.8268585205078,45.14921569824219,117.34553527832031,44.41977310180664,54.48990249633789,154.6853485107422,143.7912139892578,77.24520874023438,40.08060073852539,42.39360809326172,154.16622924804688,119.17060852050781
2026-01-02,108.94889068603516,102.55841827392578,48.306297302246094,129.01199340820312,65.15779113769531,149.838623046875,156.2398681640625,93.72692108154297,199.81631469726562,210.1538848876953,390.874755859375,127.9241714477539,133.53964233398438,755.1948852539062,287.684814453125,303.7393798828125,87.58373260498047,185.99256896972656,45.91580581665039,116.52814483642578,45.35367202758789,54.64908218383789,157.53733825683594,144.1208038330078,77.2551498413086,40.11040496826172,42.88020706176758,154.87332153320312,118.11273193359375
2026-01-05,107.84468841552734,103.83677673339844,49.48037338256836,132.1265869140625,65.01822662353516,152.15443420410156,158.55364990234375,93.86653137207031,200.32611083984375,213.17274475097656,397.8908386230469,130.87718200683594,136.5601348876953,756.6334228515625,287.25640869140625,308.3977355957031,87.7816162109375,184.2341766357422,46.37377166748047,117.37544250488281,46.58562088012695,55.84294891357422,159.402099609375,144.44039916992188,76.91705322265625,40.16006851196289,42.403541564941406,154.40524291992188,120.05882263183594
2026-01-06,108.2923355102539,104.78555297851562,48.19684982299805,132.34552001953125,66.37401580810547,154.4203338623047,162.65261840820312,94.52468872070312,202.2554168701172,217.65618896484375,401.57354736328125,127.69548034667969,137.2379913330078,765.6939697265625,292.8257751464844,312.55731201171875,88.42474365234375,185.19781494140625,47.289695739746094,116.95677947998047,45.34373474121094,56.111568450927734,161.56602478027344,146.46788024902344,77.03638458251953,40.42826843261719,42.61207962036133,157.4427490234375,120.82727813720703
2026-01-07,105.74568939208984,104.38607025146484,47.62971115112305,130.19613647460938,67.12169647216797,151.82504272460938,160.9472198486328,93.51750946044922,202.57528686523438,214.1591033935547,399.9866943359375,126.37309265136719,135.3040771484375,765.3043823242188,296.1634216308594,307.0311279296875,87.5639419555664,180.98561096191406,46.47332763671875,116.71753692626953,44.8370475769043,55.32560729980469,158.52456665039062,146.34803771972656,76.1911392211914,39.872005462646484,41.57929992675781,159.00633239746094,120.65762329101562
2026-01-08,106.10381317138672,105.94407653808594,49.04258346557617,131.14146423339844,66.42385864257812,152.903076171875,162.23374938964844,94.31527709960938,199.7063446044922,217.22776794433594,407.21234130859375,130.12152099609375,136.20126342773438,754.026123046875,293.2043762207031,309.61468505859375,88.34558868408203,181.48233032226562,47.289695739746094,117.1063003540039,46.24782943725586,55.6141242980957,159.72120666503906,144.06088256835938,78.0009536743164,40.17000198364258,41.69847106933594,157.47262573242188,122.67356872558594
2026-01-09,107.42687225341797,106.82294464111328,49.14208221435547,130.91259765625,66.11482238769531,154.37042236328125,164.49766540527344,94.47482299804688,201.67562866210938,221.4820556640625,411.88311767578125,130.44964599609375,135.7327423095703,761.1687622070312,291.8892517089844,313.78424072265625,88.52368927001953,183.73744201660156,48.046329498291016,117.5349349975586,46.36705017089844,55.44499206542969,161.47625732421875,145.968505859375,78.8064193725586,40.2296028137207,42.2148551940918,156.66595458984375,124.16058349609375
2026-01-12,107.50645446777344,106.88286590576172,48.82368850708008,130.42501831054688,65.98522186279297,154.46026611328125,166.33273315429688,94.62440490722656,202.3453826904297,223.54443359375,411.58367919921875,129.73374938964844,134.5763702392578,764.7150268554688,291.49072265625,316.2480773925781,88.64241027832031,183.99575805664062,48.305179595947266,117.17607879638672,46.03919219970703,55.00724411010742,162.71279907226562,146.6077117919922,79.73121643066406,40.34880065917969,42.28437423706055,156.7356719970703,124.27035522460938
2026-01-13,108.15306854248047,107.04266357421875,49.52017593383789,128.5244140625,65.72602844238281,153.96116638183594,167.52951049804688,95.16289520263672,201.8255615234375,223.7736053466797,410.59564208984375,131.66265869140625,132.1540069580078,763.6161499023438,290.2951354980469,317.3253479003906,89.13712310791016,185.14813232421875,48.514251708984375,116.51817321777344,46.694908142089844,53.95266342163086,163.55043029785156,146.298095703125,80.656005859375,40.65673065185547,42.55249786376953,156.09829711914062,123.96098327636719
2026-01-14,108.89915466308594,105.89413452148438,50.58480453491211,128.35525512695312,66.15470123291016,154.37042236328125,168.9656524658203,96.08031463623047,199.18653869628906,223.87322998046875,404.82708740234375,134.57591247558594,132.12408447265625,754.4956665039062,292.43719482421875,318.073486328125,89.90888214111328,186.40982055664062,48.53416442871094,116.26896667480469,47.74802780151367,53.87307357788086,163.80972290039062,144.5203094482422,81.76974487304688,41.1136589050293,42.87027359008789,157.2136993408203,122.00491333007812
2026-01-15,110.14263916015625,106.2037353515625,50.17686080932617,129.12144470214844,65.74596405029297,155.35862731933594,169.85325622558594,96.75841522216797,199.8262939453125,224.9293212890625,407.0426940917969,133.46231079101562,132.851806640625,758.5614013671875,290.8829650878906,321.70440673828125,90.53221130371094,188.46624755859375,48.74323272705078,115.84033966064453,47.30094909667969,54.09194564819336,165.3154754638672,145.2793731689453,81.9089584350586,41.421592712402344,43.307220458984375,156.31739807128906,122.45401000976562
2026-01-16,109.51591491699219,105.86417388916016,50.29625701904297,129.20106506347656,65.26744842529297,156.10726928710938,169.00555419921875,98.03482818603516,199.81631469726562,224.09242248535156,405.36602783203125,133.85008239746094,132.9614715576172,758.161865234375,288.6412658691406,323.6395568847656,91.64037322998047,187.5224609375,48.464473724365234,114.80364227294922,47.380428314208984,54.16158676147461,166.43234252929688,145.4391632080078,81.6504135131836,41.928184509277344,43.088748931884766,155.10238647460938,122.05481719970703
2026-01-20,108.4216537475586,103.69695281982422,50.166908264160156,126.32527923583984,65.15779113769531,152.7134246826172,169.2648468017578,96.14015197753906,194.6382293701172,222.4584503173828,394.68719482421875,133.43247985839844,130.0207061767578,737.9228515625,288.29254150390625,317.0161437988281,89.93856048583984,185.4859161376953,47.97663879394531,113.10905456542969,47.291011810302734,52.92793273925781,163.07179260253906,141.6638641357422,81.89900970458984,41.12359619140625,42.6617317199707,154.76376342773438,118.88118743896484
2026-01-21,108.87925720214844,105.18504333496094,51.3708381652832,127.19100189208984,66.32417297363281,155.0491943359375,172.23684692382812,96.37947845458984,197.09730529785156,226.70277404785156,402.15240478515625,136.892578125,130.9777069091797,747.8225708007812,293.2840576171875,322.5323181152344,90.29475402832031,185.98263549804688,49.021995544433594,114.2653579711914,48.43354797363281,53.18659973144531,165.89385986328125,143.63140869140625,81.97856903076172,41.27259063720703,42.721317291259766,157.612060546875,121.1566162109375
2026-01-22,108.31222534179688,105.34484100341797,51.510135650634766,127.77810668945312,66.38397979736328,155.15899658203125,172.97486877441406,95.49197387695312,198.85665893554688,228.77511596679688,405.6853942871094,137.19085693359375,131.7652130126953,753.4667358398438,293.8519592285156,321.84405517578125,89.4042739868164,184.79049682617188,49.30075454711914,115.88021087646484,48.59251022338867,53.534812927246094,165.03627014160156,144.70008850097656,81.80950927734375,40.86532974243164,42.41346740722656,157.64193725585938,122.37417602539062
2026-01-23,107.93421173095703,105.6544418334961,51.79867935180664,126.10636901855469,65.96528625488281,153.66171264648438,174.78997802734375,95.77118682861328,199.64637756347656,230.2496795654297,405.9648132324219,137.8968048095703,129.80142211914062,754.2059326171875,291.650146484375,319.0610046386719,89.58236694335938,183.92620849609375,49.74876403808594,116.58795166015625,48.87069320678711,52.7985954284668,163.75985717773438,144.90982055664062,82.44593811035156,40.97459411621094,42.26451110839844,156.8352508544922,122.88314819335938
2026-01-26,108.69025421142578,105.18504333496094,51.828529357910156,126.86262512207031,66.17462921142578,153.86134338378906,175.0891876220703,95.67147064208984,201.1658172607422,229.6319580078125,403.2701721191406,137.8968048095703,130.58892822265625,759.6403198242188,292.7859191894531,318.9313659667969,89.46363830566406,185.12828063964844,49.808494567871094,117.39537048339844,48.90049743652344,53.13685607910156,163.91940307617188,145.8986053466797,82.31665802001953,40.94479751586914,42.572357177734375,157.45272827148438,122.07477569580078
2026-01-27,109.92378234863281,105.01526641845703,52.30611801147461,126.1959228515625,65.21760559082031,153.88131713867188,175.6077880859375,95.76121520996094,203.62490844726562,229.56222534179688,404.0985412597656,139.34844970703125,129.72166442871094,769.1004638671875,288.4420166015625,320.3078918457031,89.43395233154297,187.40325927734375,49.75871658325195,116.52814483642578,49.34757614135742,52.72895431518555,164.59750366210938,147.86614990234375,82.69453430175781,40.97459411621094,43.12847137451172,154.81356811523438,122.44403076171875
2026-01-28,109.73477172851562,104.17633819580078,52.71406173706055,126.10636901855469,64.6693115234375,153.20252990722656,176.55523681640625,94.81387329101562,204.64453125,229.74154663085938,400.9647521972656,140.2532501220703,129.59207153320312,774.375,285.7818603515625,318.9612731933594,88.51378631591797,187.04562377929688,49.728851318359375,116.37862396240234,49.7251091003418,52.7190055847168,163.68008422851562,149.044677734375,81.85923767089844,40.57726287841797,43.02916717529297,153.67823791503906,121.52587127685547
2026-01-29,109.4263916015625,104.08645629882812,53.191650390625,127.09149932861328,64.47989654541016,154.59002685546875,175.56788635253906,96.00054168701172,201.81556701660156,229.66184997558594,399.2182312011719,141.82421875,130.89794921875,760.0098876953125,285.0246276855469,321.2854309082031,89.75056457519531,187.105224609375,49.778629302978516,119.40895080566406,50.18212127685547,53.27614212036133,165.395263671875,146.68760681152344,81.67029571533203,41.09379196166992,43.02916717529297,153.19024658203125,120.94703674316406
2026-01-30,109.23738098144531,103.69695281982422,53.699092864990234,127.07159423828125,64.76899719238281,153.61180114746094,169.83331298828125,95.94071197509766,198.29685974121094,224.2418670654297,398.39984130859375,142.96763610839844,130.47927856445312,747.1432495117188,286.22021484375,319.42010498046875,89.8396224975586,186.7575225830078,49.05186080932617,119.69802856445312,50.7186164855957,53.16670227050781,164.9764404296875,143.7013397216797,83.0425796508789,41.15339279174805,42.94972229003906,154.10647583007812,120.92707824707031
2026-02-02,107.81483459472656,104.5758285522461,52.71406173706055,127.93731689453125,65.06806945800781,155.87770080566406,171.18966674804688,94.96345520019531,199.54640197753906,226.1747283935547,401.1343994140625,140.32286071777344,131.88485717773438,752.2679443359375,287.94384765625,323.58966064453125,88.90956115722656,184.00567626953125,49.430179595947266,119.2893295288086,49.7251091003418,53.753684997558594,167.06057739257812,145.07960510253906,84.02703094482422,40.68653106689453,42.324092864990234,155.05258178710938,121.72547912597656
2026-02-03,109.31696319580078,103.7668685913086,54.345829010009766,127.05168914794922,64.42008209228516,156.06735229492188,176.05657958984375,94.73410034179688,194.84814453125,231.1563262939453,398.3299865722656,144.65792846679688,130.75839233398438,735.6752319335938,285.28369140625,326.7318115234375,88.71167755126953,186.70785522460938,50.475528717041016,117.36547088623047,51.334590911865234,53.25624084472656,168.4666290283203,141.903564453125,85.38936614990234,40.537532806396484,42.93979263305664,153.46910095214844,120.7474365234375
2026-02-04,108.84941101074219,103.53715515136719,55.54975891113281,128.07662963867188,65.30732727050781,157.02560424804688,177.64231872558594,96.09029388427734,190.31980895996094,235.46043395996094,396.7231750488281,147.55126953125,131.844970703125,721.00048828125,287.7844543457031,326.78167724609375,89.98802947998047,185.73428344726562,51.66025924682617,116.428466796875,52.487064361572266,53.684043884277344,168.9153594970703,137.94847106933594,86.50309753417969,41.18319320678711,42.78090286254883,155.3911895751953,119.85922241210938
2026-02-05,109.03842163085938,101.75943756103516,54.912967681884766,126.32527923583984,64.47989654541016,155.91761779785156,172.37648010253906,95.87090301513672,186.68115234375,228.70538330078125,387.8208312988281,145.74168395996094,130.18020629882812,707.7942504882812,284.8652648925781,324.7767028808594,89.85940551757812,185.88328552246094,50.27641296386719,115.84033966064453,51.871089935302734,53.01747131347656,167.89822387695312,135.46157836914062,86.43348693847656,40.95472717285156,42.80076217651367,154.2060546875,117.2744140625
2026-02-06,109.6651382446289,103.01782989501953,55.957698822021484,129.00204467773438,65.65624237060547,159.92037963867188,176.33583068847656,97.38665771484375,193.41867065429688,233.82647705078125,389.5972900390625,149.03274536132812,132.61256408691406,738.77197265625,290.1257629394531,334.8016052246094,91.27428436279297,186.87673950195312,51.28194046020508,115.39176940917969,52.90433883666992,53.98250961303711,172.69473266601562,140.95474243164062,87.44778442382812,41.70965576171875,43.04902648925781,157.06431579589844,117.75344848632812
2026-02-09,110.14263916015625,102.52845764160156,56.40543746948242,128.53436279296875,65.04813385009766,159.90040588378906,179.02857971191406,97.78553009033203,196.2476348876953,236.98480224609375,388.6890869140625,150.39491271972656,131.9745635986328,750.6895751953125,287.8840637207031,336.27789306640625,91.66015625,187.46286010742188,51.948978424072266,116.5082015991211,53.291805267333984,53.664146423339844,173.21328735351562,143.1719970703125,86.94063568115234,41.967918395996094,43.178123474121094,155.6800079345703,117.31433868408203
2026-02-10,111.81387329101562,103.04779052734375,56.355690002441406,127.07159423828125,64.70918273925781,160.60911560058594,180.90354919433594,99.04200744628906,195.2379913330078,239.5752410888672,390.9046936035156,149.9574432373047,131.0076141357422,747.4729614257812,286.49920654296875,336.38763427734375,92.88703918457031,190.3736572265625,52.675743103027344,117.20597839355469,53.23219680786133,53.27614212036133,173.42269897460938,142.37298583984375,86.66220092773438,42.553977966308594,43.89312744140625,154.69406127929688,118.0927734375
2026-02-11,112.76886749267578,102.37864685058594,57.77851104736328,125.04163360595703,65.0281982421875,160.85867309570312,184.53378295898438,98.6530990600586,195.4279327392578,242.45460510253906,388.8487854003906,153.8052978515625,128.97401428222656,748.00244140625,287.7146911621094,338.4324951171875,92.37254333496094,191.96316528320312,53.382598876953125,116.36865234375,54.62310791015625,52.47028350830078,174.35009765625,142.79246520996094,87.90520477294922,42.514244079589844,44.280418395996094,155.61029052734375,117.52391815185547
2026-02-12,114.17151641845703,100.97045135498047,56.6939811706543,122.71315002441406,64.88861846923828,158.56283569335938,180.2652587890625,98.59326934814453,190.7196502685547,238.22024536132812,382.6810302734375,150.7230224609375,126.47189331054688,728.8822631835938,286.7482604980469,333.3951416015625,92.26370239257812,194.8441619873047,52.596099853515625,114.27532958984375,53.629600524902344,51.42565155029297,172.2659454345703,139.03713989257812,88.7106704711914,42.583778381347656,44.93583679199219,155.36131286621094,115.89717864990234
2026-02-13,117.15586853027344,101.33998107910156,57.121826171875,123.22064208984375,65.54658508300781,159.26156616210938,182.58901977539062,99.93949127197266,190.46975708007812,240.5615997314453,383.11016845703125,152.0752410888672,126.41207122802734,730.0410766601562,289.3187561035156,336.1881408691406,93.58952331542969,200.00013732910156,53.073974609375,114.21552276611328,53.997196197509766,51.385860443115234,173.68197631835938,139.38668823242188,89.00899505615234,43.209571838378906,46.17715835571289,157.02447509765625,115.94708251953125
2026-02-17,116.7977523803711,101.28005981445312,56.50493621826172,124.22566223144531,65.50670623779297,159.94033813476562,180.7240447998047,100.92671203613281,190.40977478027344,237.80177307128906,382.78082275390625,150.27560424804688,127.58837127685547,730.32080078125,289.5279846191406,337.79412841796875,94.48001098632812,199.55307006835938,52.4666748046875,114.03609466552734,53.401092529296875,51.93304443359375,174.5894317626953,139.30679321289062,87.7063217163086,43.64663314819336,46.05799102783203,156.7257080078125,115.80736541748047
2026-02-18,114.96734619140625,102.0590591430664,57.60936737060547,125.18094635009766,65.63629913330078,160.34959411621094,182.38955688476562,99.7300796508789,192.40904235839844,240.29258728027344,386.49346923828125,153.22862243652344,128.5154571533203,737.0737915039062,290.344970703125,338.38262939453125,93.37185668945312,196.09588623046875,52.78525924682617,114.2254867553711,54.42440414428711,52.32105255126953,174.54953002929688,140.73501586914062,87.5472183227539,43.06057357788086,45.2933349609375,157.02447509765625,116.78539276123047
2026-02-19,116.14118957519531,101.26007843017578,57.99740982055664,124.14606475830078,65.52664947509766,160.8087615966797,182.10032653808594,99.55058288574219,191.56935119628906,239.6649169921875,383.92852783203125,154.52117919921875,127.47871398925781,733.8870849609375,289.7969665527344,340.64697265625,93.1739730834961,198.20199584960938,52.596099853515625,114.77374267578125,54.82181167602539,51.88330078125,175.84588623046875,140.035888671875,87.17929077148438,42.91157531738281,45.78986358642578,156.61614990234375,116.0069580078125
2026-02-20,116.52915954589844,102.13894653320312,57.76856231689453,124.72320556640625,65.37711334228516,161.61729431152344,183.59629821777344,100.25859069824219,192.85887145996094,240.4818878173828,387.84075927734375,153.86495971679688,128.18649291992188,736.833984375,288.83056640625,342.0733947753906,93.87645721435547,198.9967498779297,52.725521087646484,116.428466796875,54.52375793457031,52.22156524658203,176.7333984375,140.70506286621094,87.39805603027344,43.26917266845703,46.008338928222656,156.17796325683594,117.21453094482422
2026-02-23,117.24540710449219,100.2014389038086,57.99740982055664,121.0712661743164,65.99518585205078,158.1735382080078,184.75320434570312,100.22867584228516,189.7300262451172,240.29258728027344,378.61907958984375,154.29249572753906,123.79032897949219,726.0951538085938,291.6401672363281,337.1357727050781,93.88636016845703,200.36770629882812,52.725521087646484,114.9930419921875,54.79200744628906,50.47056198120117,174.34011840820312,138.34799194335938,88.47201538085938,43.31884002685547,46.35590744018555,157.8909149169922,114.75946807861328
2026-02-24,118.4093017578125,101.6795425415039,57.987457275390625,121.74791717529297,65.81574249267578,160.09007263183594,186.5882568359375,100.47797393798828,192.14913940429688,242.4844970703125,384.2079772949219,154.3422088623047,124.4283218383789,736.5343017578125,290.8530578613281,341.5147705078125,94.12381744384766,202.4539337158203,53.12375259399414,115.7905044555664,54.74232864379883,50.71928405761719,176.48410034179688,140.145751953125,89.23770141601562,43.43803787231445,46.87229919433594,157.22366333007812,116.5059585571289
2026-02-25,118.81716918945312,101.97915649414062,57.63921356201172,123.5589599609375,65.73600006103516,159.48117065429688,186.887451171875,100.08907318115234,195.90774536132812,241.27894592285156,384.4874267578125,153.7257537841797,126.49182891845703,750.4798583984375,290.8032531738281,339.2704162597656,93.86656951904297,203.20895385742188,52.82508087158203,116.1294174194336,54.51382064819336,51.604732513427734,175.10797119140625,142.8323974609375,88.51179504394531,43.14997100830078,47.031185150146484,157.18382263183594,116.85525512695312
2026-02-26,118.62815856933594,102.48851013183594,57.86806106567383,125.04163360595703,65.56652069091797,160.63906860351562,186.6580810546875,100.76716613769531,193.12876892089844,241.56788635253906,385.1161804199219,154.3123779296875,128.08680725097656,739.4213256835938,290.344970703125,341.2654113769531,94.50968933105469,202.44400024414062,52.76534652709961,116.34871673583984,54.69265365600586,52.231510162353516,176.2048797607422,140.8348846435547,88.36263275146484,43.338706970214844,46.85243606567383,156.77549743652344,116.81533813476562
2026-02-27,120.07058715820312,103.03779602050781,58.76354217529297,122.00664520263672,66.63320922851562,160.6490478515625,188.0543212890625,100.99652099609375,189.51011657714844,243.2317352294922,383.51934814453125,156.68870544433594,125.16600036621094,725.9453125,294.41986083984375,340.99609375,94.67790222167969,204.52029418945312,53.17353057861328,117.67449188232422,55.557003021240234,51.16698455810547,176.64364624023438,138.58767700195312,89.50619506835938,43.54730224609375,47.398616790771484,159.5441131591797,116.62571716308594
2026-03-02,119.3344497680664,101.97915649414062,59.987369537353516,121.9369888305664,65.87556457519531,161.74705505371094,189.08155822753906,101.25579071044922,191.09951782226562,242.7036895751953,379.00830078125,159.96983337402344,125.27565002441406,733.1278686523438,291.6102600097656,344.19805908203125,94.91535949707031,203.1294708251953,53.01424026489258,117.49506378173828,56.66973876953125,51.03764724731445,178.39871215820312,139.36671447753906,88.21347045898438,43.626766204833984,47.041114807128906,157.88095092773438,115.18860626220703
2026-03-03,118.62815856933594,101.50975799560547,59.40032958984375,121.43944549560547,65.15779113769531,158.97207641601562,182.87823486328125,100.67741394042969,188.84036254882812,235.6397705078125,376.114013671875,158.46847534179688,125.02643585205078,722.928466796875,288.37225341796875,337.0958557128906,94.41075134277344,201.88766479492188,51.71003723144531,117.58477020263672,56.15311050415039,50.9481086730957,174.9484100341797,137.32925415039062,87.24889373779297,43.40823745727539,46.74319839477539,156.09829711914062,114.13072967529297
2026-03-04,119.06586456298828,102.55841827392578,59.071983337402344,122.16584777832031,65.30732727050781,159.49114990234375,182.75856018066406,100.77713012695312,191.3694305419922,235.68959045410156,382.3417053222656,157.94151306152344,125.64449310302734,732.36865234375,289.1693115234375,338.4923400878906,94.52947998046875,202.7917022705078,51.69012451171875,118.4121322631836,55.825252532958984,51.23662567138672,175.4769287109375,139.6663360595703,86.67214965820312,43.46783447265625,46.941810607910156,156.4070281982422,116.15666198730469
2026-03-05,118.26007843017578,102.23883056640625,59.38043212890625,121.39964294433594,64.09110260009766,156.54647827148438,179.08843994140625,99.89959716796875,191.6393280029297,230.33935546875,382.471435546875,158.64744567871094,124.80712890625,732.508544921875,283.5202331542969,330.8016357421875,93.57963562011719,201.1525115966797,50.60495376586914,118.06324768066406,56.11336898803711,50.9680061340332,171.577880859375,140.00592041015625,84.93194580078125,43.05064010620117,46.57438278198242,153.27987670898438,116.31634521484375
2026-03-06,117.80248260498047,100.91053009033203,59.450077056884766,119.5687026977539,63.612586975097656,154.130859375,175.91696166992188,98.74284362792969,188.27056884765625,225.4972381591797,375.0561218261719,158.70709228515625,123.04268646240234,718.2833251953125,281.109130859375,325.4450378417969,92.56053161621094,200.27830505371094,49.63924789428711,117.08636474609375,56.20278549194336,50.31138229370117,169.4638214111328,137.1195068359375,85.29986572265625,42.60364532470703,46.41549301147461,152.0748291015625,114.2105712890625
2026-03-09,118.09097290039062,100.94049072265625,59.201332092285156,119.02140808105469,64.25060272216797,154.70980834960938,176.8843536376953,98.95226287841797,191.67930603027344,226.4835968017578,375.3555603027344,158.17019653320312,122.44456481933594,731.1099243164062,284.2674560546875,328.2181091308594,92.768310546875,200.7948760986328,49.768672943115234,117.18604278564453,55.954410552978516,50.072608947753906,170.46102905273438,139.58644104003906,85.48880767822266,42.69304275512695,46.52472686767578,153.62843322753906,114.36026763916016
2026-03-10,117.05638885498047,100.53102111816406,58.484947204589844,118.4144058227539,63.851844787597656,153.9412078857422,177.17356872558594,98.84256744384766,191.67930603027344,226.4038848876953,374.4473571777344,156.251220703125,121.83647918701172,731.2297973632812,282.43426513671875,326.3727111816406,92.62979125976562,199.5232696533203,49.65916061401367,117.0066146850586,55.23908233642578,49.80398941040039,169.54360961914062,139.58644104003906,85.24020385742188,42.63344192504883,46.23674011230469,152.52297973632812,114.2105712890625
2026-03-11,116.24066925048828,100.09158325195312,59.90776824951172,117.46908569335938,63.682369232177734,152.94300842285156,177.3830108642578,97.73567199707031,192.59896850585938,225.78616333007812,373.66888427734375,159.98973083496094,120.72996520996094,734.2766723632812,281.7069396972656,325.83404541015625,91.67005157470703,197.99337768554688,49.61933517456055,116.62782287597656,56.61012649536133,49.38613510131836,169.0150909423828,140.25559997558594,84.11652374267578,42.12685012817383,45.84944534301758,152.22421264648438,113.91117095947266
2026-03-12,117.0762939453125,98.2040023803711,60.40525817871094,115.52867889404297,62.4561767578125,149.15985107421875,176.46548461914062,97.04759979248047,188.97030639648438,224.21197509765625,365.2056579589844,161.22262573242188,118.75617218017578,719.9115600585938,276.1873779296875,317.375244140625,91.03681945800781,199.3146514892578,49.460044860839844,114.90332794189453,57.13668441772461,48.58028030395508,164.77700805664062,137.6688232421875,83.77843475341797,41.85865020751953,46.17715835571289,149.54522705078125,111.29642486572266
2026-03-13,118.10092163085938,97.99427032470703,60.6241569519043,115.50877380371094,62.31660461425781,148.71066284179688,172.95492553710938,97.22709655761719,187.1709747314453,221.54183959960938,363.23956298828125,161.84902954101562,118.85586547851562,713.6980590820312,275.6493835449219,315.7991943359375,91.18523406982422,201.2617950439453,48.97221374511719,114.0859375,57.3254508972168,48.63997268676758,164.1886444091797,136.630126953125,84.26568603515625,41.967918395996094,46.63396072387695,149.17672729492188,110.63774871826172
2026-03-16,118.65799713134766,98.98300170898438,60.85300064086914,116.47400665283203,62.834999084472656,150.18800354003906,174.0419921875,97.9749984741211,189.8000030517578,223.0263671875,367.7007141113281,162.26663208007812,119.8028793334961,724.1971435546875,277.930908203125,318.7817077636719,91.94709014892578,202.3744659423828,49.1812858581543,114.96314239501953,57.52415466308594,49.047874450683594,165.59469604492188,138.607666015625,84.50434875488281,42.29571533203125,46.93187713623047,150.39173889160156,111.97505950927734
2026-03-17,118.38999938964844,99.66999816894531,61.45000076293945,117.33999633789062,62.34000015258789,150.44000244140625,174.55999755859375,98.37000274658203,190.80999755859375,223.71380615234375,371.183837890625,164.1855926513672,120.50067901611328,726.6446533203125,276.107666015625,320.4176330566406,92.35274505615234,201.7783966064453,49.30075454711914,115.00301361083984,58.130191802978516,49.306549072265625,166.03346252441406,139.36671447753906,84.22591400146484,42.43478012084961,46.80278396606445,149.02735900878906,112.95309448242188
2026-03-18,117.5199966430664,97.62999725341797,61.45000076293945,116.33999633789062,61.38999938964844,148.4499969482422,170.80999755859375,96.83999633789062,188.64999389648438,218.3635711669922,362.99005126953125,164.28501892089844,118.96551513671875,719.1024169921875,271.56451416015625,317.2655029296875,90.98735046386719,200.15907287597656,48.265357971191406,113.29845428466797,58.05071258544922,48.719566345214844,164.7171630859375,137.78868103027344,82.17744445800781,41.73945236206055,46.40555953979492,146.53758239746094,110.34832763671875
2026-03-19,117.08000183105469,96.94000244140625,62.47999954223633,116.31999969482422,61.18000030517578,147.75999450683594,166.94000244140625,96.47000122070312,188.67999267578125,214.55763244628906,360.44512939453125,166.9298095703125,119.0751724243164,720.970458984375,270.8969421386719,315.94879150390625,90.62125396728516,199.4537353515625,47.52863693237305,112.78010559082031,58.97467803955078,48.739463806152344,163.6002960205078,138.25808715820312,81.51119232177734,41.64011764526367,46.216880798339844,146.009765625,109.48007202148438
2026-03-20,112.56999969482422,95.51000213623047,62.41999816894531,116.23999786376953,60.619998931884766,146.07000732421875,163.33999633789062,93.44999694824219,184.47999572753906,210.59226989746094,353.80828857421875,166.8105010986328,119.14495086669922,704.397705078125,268.03753662109375,310.3628234863281,87.8113021850586,191.48631286621094,46.77199935913086,111.87300109863281,58.92500305175781,48.829002380371094,161.2169952392578,135.1219940185547,80.83499908447266,40.319000244140625,44.340003967285156,144.73500061035156,107.52400207519531
2026-03-23,113.41999816894531,97.3499984741211,63.119998931884766,117.2699966430664,60.70000076293945,148.2100067138672,165.6199951171875,94.11000061035156,186.91000366210938,214.45799255371094,362.52099609375,168.46099853515625,120.4010009765625,715.6759643554688,268.4560241699219,314.6719970703125,88.49400329589844,193.5030059814453,47.54999923706055,112.70999908447266,59.630001068115234,49.27000045776367,163.0500030517578,136.9499969482422,81.18000030517578,40.619998931884766,44.779998779296875,144.77000427246094,110.12000274658203
2026-03-24,114.11000061035156,96.75,64.41999816894531,117.31999969482422,60.619998931884766,148.92999267578125,168.6699981689453,93.48999786376953,184.8800048828125,218.1699981689453,360.92999267578125,172.1199951171875,120.44999694824219,711.9000244140625,268.25,316.6099853515625,87.91000366210938,194.88999938964844,48.45000076293945,111.12999725341797,60.84000015258789,49.279998779296875,164.0,136.14999389648438,81.11000061035156,40.290000915527344,45.09000015258789,144.7899932861328,109.68000030517578
2026-03-25,114.48999786376953,97.5199966430664,64.1500015258789,117.41000366210938,61.34000015258789,149.97000122070312,172.4199981689453,93.48999786376953,185.94000244140625,222.5399932861328,364.54998779296875,171.44000244140625,120.69999694824219,716.4600219726562,271.5199890136719,319.3699951171875,87.83999633789062,195.47999572753906,49.40999984741211,111.44000244140625,60.56999969482422,49.34000015258789,165.10000610351562,136.75999450683594,81.51000213623047,40.27000045776367,45.25,146.24000549316406,110.7300033569336
2026-03-26,114.80999755859375,96.26000213623047,65.12000274658203,116.70999908447266,61.13999938964844,147.1199951171875,170.77999877929688,93.33999633789062,180.00999450683594,220.39999389648438,358.3599853515625,174.13999938964844,119.98999786376953,696.0399780273438,270.4200134277344,311.1700134277344,87.72000122070312,195.9199981689453,49.09000015258789,108.80999755859375,61.52000045776367,49.04999923706055,161.27000427246094,132.5,81.13999938964844,40.290000915527344,45.33000183105469,145.74000549316406,108.83000183105469
2026-03-27,115.33999633789062,94.2300033569336,66.19999694824219,113.9800033569336,60.060001373291016,144.64999389648438,170.9199981689453,92.61000061035156,176.08999633789062,219.75999450683594,348.04998779296875,176.9499969482422,117.0,681.0,265.3599853515625,307.2099914550781,87.0,196.8800048828125,48.90999984741211,107.04000091552734,62.560001373291016,47.810001373291016,159.1999969482422,129.9199981689453,81.77999877929688,40.0099983215332,45.59000015258789,143.25999450683594,105.68000030517578
2026-03-30,116.20999908447266,94.3499984741211,65.5,115.05000305175781,60.349998474121094,143.3300018310547,171.3000030517578,93.05999755859375,173.52999877929688,220.17999267578125,347.69000244140625,175.0,118.23999786376953,668.7000122070312,266.3599853515625,301.8900146484375,87.33000183105469,198.11000061035156,49.09000015258789,107.95999908447266,61.959999084472656,48.36000061035156,156.61000061035156,127.5,81.87999725341797,40.209999084472656,45.91999816894531,143.82000732421875,105.66000366210938
2026-03-31,116.11000061035156,96.91999816894531,64.7699966430664,117.66000366210938,61.63999938964844,147.5399932861328,175.9199981689453,94.55999755859375,181.4199981689453,225.33999633789062,359.0299987792969,173.0399932861328,120.80999755859375,697.719970703125,272.3299865722656,312.2200012207031,88.69999694824219,198.13999938964844,49.970001220703125,110.86000061035156,61.2599983215332,49.369998931884766,161.72999572753906,132.89999389648438,81.9800033569336,40.83000183105469,45.88999938964844,146.61000061035156,108.9800033569336
2026-04-01,116.61000061035156,97.27999877929688,62.459999084472656,118.05999755859375,62.119998931884766,149.1999969482422,178.75999450683594,94.87999725341797,184.4199981689453,228.38999938964844,361.8999938964844,166.8000030517578,120.83999633789062,706.6500244140625,274.5,317.3999938964844,89.0199966430664,198.97000122070312,50.459999084472656,111.23999786376953,58.970001220703125,49.439998626708984,164.42999267578125,134.91000366210938,81.45999908447266,40.95000076293945,46.11000061035156,147.72999572753906,109.80000305175781
2026-04-02,117.4800033569336,96.93000030517578,62.83000183105469,118.4000015258789,61.650001525878906,148.69000244140625,178.7899932861328,96.25,185.3800048828125,227.99000549316406,357.2099914550781,168.05999755859375,121.31999969482422,712.6500244140625,273.07000732421875,316.3599853515625,90.2300033569336,200.13999938964844,50.40999984741211,111.69999694824219,59.25,49.529998779296875,163.77000427246094,135.99000549316406,81.88999938964844,41.61000061035156,46.34000015258789,146.80999755859375,108.1500015258789
